,pl_name,hostname,pl_rade,pl_eqt,pl_orbsmax,st_teff,spectral_class,detectability,priority_score,pred_priority,uncertainty,scientific_gain,pred_str
1,GJ 1002 b,GJ 1002,1.03,230.9,0.0457,3024.0,M,0.2858010029198117,0.9981286129967588,0.9921427630588755,0.01111230014910766,0.0031759065273609423,0.992 +/- 0.011
2,GJ 1002 c,GJ 1002,1.1,181.7,0.0738,3024.0,M,0.2858010029198117,0.9976132353746442,0.9912387844216357,0.011545450944842047,0.0032997014591973446,0.991 +/- 0.012
3,TRAPPIST-1 f,TRAPPIST-1,1.045,217.7,0.03849,2566.0,M,0.2833826979602099,0.9999696580872124,0.9910168138721385,0.011462721404088072,0.003248336917456723,0.991 +/- 0.011
4,GJ 1061 d,GJ 1061,1.16,221.37755333680545,0.054,2953.0,M,0.2891815451091257,0.9990602258746768,0.9909385295715971,0.011763816173718796,0.0034018785374957243,0.991 +/- 0.012
5,Teegarden's Star c,Teegarden's Star,1.02,209.0,0.0455,3034.0,M,0.2887249990342292,0.9996583228815322,0.9907497607572062,0.011906972924488467,0.003437840746123526,0.991 +/- 0.012
6,TRAPPIST-1 g,TRAPPIST-1,1.129,197.3,0.04683,2566.0,M,0.2872788277324754,0.9979106645232064,0.9905995690860332,0.01622038146349159,0.004659772172205438,0.991 +/- 0.016
7,Proxima Cen b,Proxima Cen,1.02,218.0,0.04848,2900.0,M,0.2961217166366913,0.9986011586049954,0.9882950325191918,0.013407001770143468,0.0039701043791260425,0.988 +/- 0.013
8,Wolf 1069 b,Wolf 1069,1.08,250.1,0.0672,3158.0,M,0.2725844228254213,0.998422092113005,0.9866241304343877,0.01561213908134799,0.0042556259205594445,0.987 +/- 0.016
9,TRAPPIST-1 e,TRAPPIST-1,0.92,249.7,0.02925,2566.0,M,0.2785054985135028,0.9983075199464132,0.9865480190948213,0.019073014637040104,0.00531193944964419,0.987 +/- 0.019
10,LHS 1140 b,LHS 1140,1.73,226.0,0.0946,3096.0,M,0.3560085189608912,1.0,0.9798693089624334,0.03891100526449967,0.013852649355493967,0.980 +/- 0.039
11,TOI-700 d,TOI-700,1.073,268.8,0.1633,3459.0,M,0.2354418583669683,0.9966055497361044,0.9786409321011259,0.026890042231973495,0.006331041514662099,0.979 +/- 0.027
12,GJ 273 b,GJ 273,1.51,267.51649054386075,0.091101,3382.0,M,0.2827511337336298,0.9812948491442706,0.9780841882674661,0.010034370004950482,0.0028372294952024773,0.978 +/- 0.010
13,Teegarden's Star b,Teegarden's Star,1.05,277.0,0.0259,3034.0,M,0.2887249990342292,0.9800753944639992,0.9769276465616622,0.014093659968433831,0.004069191960774813,0.977 +/- 0.014
14,Teegarden's Star d,Teegarden's Star,0.954,159.0,0.0791,3034.0,M,0.2887249990342292,0.9619611228001808,0.9745112479560555,0.032250254801839864,0.00931145478651486,0.975 +/- 0.032
15,GJ 251 c,GJ 251,1.8,216.0,0.196,3342.0,M,0.2837168615981652,0.9998569260031384,0.9737298092244273,0.046308402468746554,0.013138474614057498,0.974 +/- 0.046
16,L 98-59 f,L 98-59,1.48,285.0,0.1052,3415.0,M,0.2697750529855427,0.9779371676189292,0.9727996064631187,0.01756953008678199,0.004739820910092699,0.973 +/- 0.018
17,Wolf 1061 c,Wolf 1061,1.66,273.76967919623274,0.089,3342.0,M,0.2873564050173818,0.9711786922402872,0.9725609356916448,0.00845049496653337,0.0024283038542005095,0.973 +/- 0.008
18,GJ 1061 c,GJ 1061,1.19,278.1745602695227,0.0342,2953.0,M,0.2891815451091257,0.9675450756212493,0.9714026478823314,0.00996912839668624,0.0028828879531449876,0.971 +/- 0.010
19,TRAPPIST-1 d,TRAPPIST-1,0.788,286.2,0.02227,2566.0,M,0.2743358349667879,0.975526044194751,0.9710958276734891,0.026654499841335902,0.007312284469595,0.971 +/- 0.027
20,TOI-700 e,TOI-700,0.953,272.9,0.134,3459.0,M,0.2292975139163905,0.9711690373058864,0.9700043026831691,0.02058773111343878,0.004720715561490635,0.970 +/- 0.021
21,TRAPPIST-1 h,TRAPPIST-1,0.755,171.7,0.06189,2566.0,M,0.2754126252898152,0.9600594288177507,0.9692767269856677,0.04187123258461049,0.01153186609024803,0.969 +/- 0.042
22,HN Lib b,HN Lib,2.2,234.4,0.1417,3347.0,M,0.2818396450574715,0.9967416585145256,0.9692032283270255,0.060086415845569494,0.016934734114690937,0.969 +/- 0.060
23,GJ 682 b,GJ 682,1.93,257.8751305921345,0.08,3028.0,M,0.2853496797443083,0.9985449274040896,0.9665787581788904,0.056480390746617,0.016116661411380555,0.967 +/- 0.056
24,Proxima Cen d,Proxima Cen,0.692,282.0,0.02881,2900.0,M,0.2961217166366913,0.9658166384839774,0.9665584128640595,0.024766824051032425,0.007333994453630614,0.967 +/- 0.025
25,Ross 128 b,Ross 128,1.11,301.0,0.0496,3192.0,M,0.2900452875217167,0.9675019851675885,0.9657279887140529,0.019519364147204295,0.005661499586316958,0.966 +/- 0.020
26,G 261-6 b,G 261-6,1.1,322.3,0.02971,2907.0,M,0.2697553601254729,0.9650671762142944,0.9653106469917226,0.009755607838241392,0.002631627505647693,0.965 +/- 0.010
27,K2-72 e,K2-72,1.29,261.9139241774622,0.106,3360.47,M,0.1543868514028116,0.9700163074841104,0.9651806306894999,0.029933188166934768,0.004621290673540957,0.965 +/- 0.030
28,TRAPPIST-1 c,TRAPPIST-1,1.097,339.7,0.0158,2566.0,M,0.2820110300512901,0.9642431327171638,0.9643612489483706,0.027485110987907062,0.007751104460773701,0.964 +/- 0.027
29,GJ 1061 b,GJ 1061,1.04,354.9938390179716,0.021,2953.0,M,0.2891815451091257,0.964981686609206,0.9640117720493995,0.019742816779479793,0.005709258261096339,0.964 +/- 0.020
30,YZ Cet c,YZ Cet,1.05,410.3,0.02156,3151.0,M,0.2890679479976662,0.964968417932806,0.9630064738838936,0.0064905053108855314,0.0018761970516856352,0.963 +/- 0.006
31,YZ Cet d,YZ Cet,1.03,356.7,0.02851,3151.0,M,0.2890679479976662,0.9649446063540752,0.9628994407352817,0.007273292801553756,0.0021024758253313414,0.963 +/- 0.007
32,GJ 357 b,GJ 357,1.2,518.0,0.036,3505.0,M,0.3804860838396054,0.9668827327466076,0.9628535219662825,0.022099175925455863,0.00840842890395919,0.963 +/- 0.022
33,Ross 508 b,Ross 508,1.83,268.7874257072708,0.05366,3071.0,M,0.2681856527052388,0.9698904068057532,0.9622535570814068,0.030272817239806533,0.008118735250683922,0.962 +/- 0.030
34,L 98-59 c,L 98-59,1.329,526.0,0.0309,3415.0,M,0.3662096938863819,0.9662346788106214,0.9622399725003837,0.01930142974060858,0.007068370676877776,0.962 +/- 0.019
35,Wolf 1061 b,Wolf 1061,1.21,421.759347337682,0.0375,3342.0,M,0.2873564050173818,0.9630157672843148,0.9621609008712981,0.013597480014514772,0.003907322974266662,0.962 +/- 0.014
36,GJ 273 c,GJ 273,1.06,422.8264160529913,0.036467,3382.0,M,0.2827511337336298,0.9631262176386676,0.9619017840894425,0.015385962122317562,0.004350398233667976,0.962 +/- 0.015
37,G 192-15 b,G 192-15,1.02,453.6,0.01723,2999.0,M,0.272726939946837,0.9639972415135388,0.9617692717642428,0.008036013934809075,0.00219163748981062,0.962 +/- 0.008
38,LHS 475 b,LHS 475,0.991,586.0,0.02037,3300.0,M,0.2953446014460248,0.965015109874285,0.9616555509310722,0.014812567958461715,0.004374811980084032,0.962 +/- 0.015
39,GJ 1132 b,GJ 1132,1.19151465,583.8,0.0157,3229.0,M,0.3017550808175614,0.964085391104778,0.9612821901292354,0.0198638024247375,0.005994003306020736,0.961 +/- 0.020
40,L 98-59 b,L 98-59,0.837,620.0,0.0223,3415.0,M,0.3037518371643072,0.9596679121964778,0.9609654768109,0.009929509774794391,0.0030161068362347426,0.961 +/- 0.010
41,HD 260655 b,HD 260655,1.24,709.0,0.02933,3803.0,K,0.410577058069172,0.9669758595347988,0.960922652244442,0.0360268060978301,0.014791780059275589,0.961 +/- 0.036
42,LHS 1140 c,LHS 1140,1.272,422.0,0.027,3096.0,M,0.2967329124027677,0.9646650026979264,0.9607794292108124,0.02325665651444427,0.006901015420281848,0.961 +/- 0.023
43,GJ 581 e,GJ 581,1.38,507.0780174577935,0.02799,3500.0,M,0.2816883941353841,0.962753921528306,0.9607091764588438,0.013028577192939506,0.0036699989873480196,0.961 +/- 0.013
44,Kepler-1649 c,Kepler-1649,1.06,234.0,0.0649,3240.0,M,0.1206164610930155,0.970955033078144,0.9605839950415539,0.03362022414791833,0.004055152457875851,0.961 +/- 0.034
45,HD 101581 b,HIP 56998,0.956,834.0,0.046,4675.0,K,0.3789824232932531,0.9644188396918748,0.9604204697462184,0.018671920014524526,0.007076329494642299,0.960 +/- 0.019
46,Gl 725 A b,Gl 725 A,1.48,344.0151924652833,0.068,3433.0,M,0.2896196396422029,0.9635899618865504,0.9603645990714845,0.017472494320080852,0.005060377508632253,0.960 +/- 0.017
47,Gliese 12 b,Gliese 12,0.93,314.6,0.067,3328.0,M,0.3063204839719251,0.96292456756411,0.9602946398918137,0.030551988022887493,0.009358699757475355,0.960 +/- 0.031
48,YZ Cet b,YZ Cet,0.913,471.2,0.01634,3151.0,M,0.2890679479976662,0.9629514110897016,0.9602714075662265,0.016163722774867734,0.004672414174534159,0.960 +/- 0.016
49,HD 101581 c,HIP 56998,0.99,747.0,0.0573,4675.0,K,0.3787319997155596,0.9653124205676256,0.9601301185937666,0.020723634762793597,0.007848703635087705,0.960 +/- 0.021
50,GJ 357 d,GJ 357,2.34,219.6,0.204,3505.0,M,0.2729706757706892,0.9970626163989186,0.9600047949744462,0.07912074771616885,0.021597643971564825,0.960 +/- 0.079
51,GJ 625 b,GJ 625,1.49,306.95839945440986,0.078361,3499.0,M,0.2811975858295403,0.9608991275557616,0.9598399223012606,0.019820592969431627,0.005573502892714133,0.960 +/- 0.020
52,GJ 3323 b,GJ 3323,1.23,265.31300302238986,0.03282,3159.0,M,0.2843011531229244,0.96219423562855,0.9597066566300068,0.028268177812886465,0.00803667554888749,0.960 +/- 0.028
53,L 98-59 e,L 98-59,1.49,347.0,0.0712,3415.0,M,0.2697750529855427,0.9596413686420336,0.9594915271889954,0.015606276145887188,0.004210183974163727,0.959 +/- 0.016
54,GJ 1132 c,GJ 1132,1.52,300.0,0.0476,3090.0,M,0.264450073290797,0.9602440746615514,0.9586526357319394,0.019402304936108866,0.005130940962364382,0.959 +/- 0.019
55,HD 260655 c,HD 260655,1.533,557.0,0.04749,3803.0,K,0.4195676473074769,0.9672506070963716,0.958299220558236,0.04275091938528729,0.017936902666716596,0.958 +/- 0.043
56,Barnard b,Barnard's star,0.72,438.0,0.0229,3195.0,M,0.2945700909652604,0.957864490986069,0.9582965173889612,0.003276541283911685,0.0009651710640532961,0.958 +/- 0.003
57,K2-288 B b,K2-288 B,1.9,226.36,0.164,3341.0,M,0.1567323848849356,0.99917279844811,0.958180129604339,0.055644370231801916,0.008721274851850631,0.958 +/- 0.056
58,Barnard c,Barnard's star,0.743,400.0,0.0274,3195.0,M,0.2945700909652604,0.9580149001505708,0.9580907843823726,0.007593436771568,0.002236799360539739,0.958 +/- 0.008
59,LHS 1678 d,LHS 1678,0.981,462.95,0.04,3490.0,M,0.259412449801689,0.9616411042005968,0.9580545023241936,0.008789019670591376,0.0022799811241033426,0.958 +/- 0.009
60,GJ 357 c,GJ 357,1.66,401.2,0.061,3505.0,M,0.2729706757706892,0.9563014372394304,0.9579290634752272,0.01795007408016691,0.004899843851797094,0.958 +/- 0.018
61,GJ 3988 b,GJ 3988,1.74,348.0,0.0405,3273.0,M,0.2716942830095813,0.9614407157671196,0.9578213260802219,0.007311827693217556,0.001986581782598345,0.958 +/- 0.007
62,GJ 251 b,GJ 251,1.79,336.0,0.0808,3342.0,M,0.2837168615981652,0.9616189902469978,0.9576206716010229,0.023617941774196582,0.0067008083175832565,0.958 +/- 0.024
63,GJ 3929 b,GJ 3929,1.09,568.0,0.0252,3384.0,M,0.291125324455239,0.9621577650815129,0.957474388394538,0.012143209246723439,0.0035351957318802193,0.957 +/- 0.012
64,TOI-2094 b,TOI-2094,1.9,276.0,0.136,3435.0,M,0.1919569608793334,0.9790272183833966,0.9572143713803043,0.049513000393776645,0.009504365079606602,0.957 +/- 0.050
65,Barnard d,Barnard's star,0.694,483.0,0.0188,3195.0,M,0.2945700909652604,0.9566299994353742,0.9570665133039716,0.007559073531502576,0.002226676977787806,0.957 +/- 0.008
66,GJ 486 b,GJ 486,1.289,696.3,0.01714,3317.0,M,0.4345999446277241,0.968028896280398,0.95697089683531,0.030388383463141818,0.013206789770407481,0.957 +/- 0.030
67,Barnard e,Barnard's star,0.637,340.0,0.0381,3195.0,M,0.2945700909652604,0.9579797116958328,0.9568329398051496,0.019406928572421524,0.005716700714934519,0.957 +/- 0.019
68,TOI-715 b,TOI-715,1.55,234.0,0.083,3075.0,M,0.2080350134561902,0.9972819002051028,0.9568191874845858,0.055652426949396275,0.011577653389287295,0.957 +/- 0.056
69,Kepler-186 f,Kepler-186,1.17,177.0,0.432,3755.0,K,0.0519259405666448,0.9974426418466904,0.9567362192118282,0.08000838345597303,0.004154510564168182,0.957 +/- 0.080
70,K2-129 b,K2-129,1.04,383.4303034122222,0.057,3459.09,M,0.2393567773957278,0.9608294744064396,0.9566943269131224,0.0168588315425286,0.004035275588677093,0.957 +/- 0.017
71,LTT 1445 A c,LTT 1445 A,1.147,508.0,0.02661,3340.0,M,0.3926499729598861,0.9669602681207624,0.9563918739921335,0.042700948545812197,0.016766526291874646,0.956 +/- 0.043
72,TRAPPIST-1 b,TRAPPIST-1,1.116,397.6,0.01154,2566.0,M,0.281510152790829,0.9633442257903192,0.9563196451617495,0.05046205595232334,0.014205581081277906,0.956 +/- 0.050
73,GJ 15 A b,GJ 15 A,1.55,550.0,0.072,3607.0,M,0.2895012673304661,0.958423849736005,0.9560313549036175,0.01940619461258635,0.005618117934405412,0.956 +/- 0.019
74,HD 219134 c,HD 219134,1.511,782.0,0.0653,4699.0,K,0.7811446147714087,0.9709900933583284,0.9559284171855276,0.025019821815742062,0.019544099073907122,0.956 +/- 0.025
75,LHS 1678 c,LHS 1678,0.941,510.9,0.0327,3490.0,M,0.265574356022677,0.9548730419627112,0.9557191380150805,0.00981586075266371,0.0026068408981969344,0.956 +/- 0.010
76,Kepler-1652 b,Kepler-1652,1.6,268.0,0.1654,3638.0,M,0.0251036863846763,0.99601596755416,0.9554528215695579,0.05523501084782035,0.0013866023897778756,0.955 +/- 0.055
77,TOI-4336 A c,TOI-4336 A,1.251,399.5,0.05092,3307.0,M,0.2642184451882974,0.9612402714156428,0.9550835792664357,0.019634889623283986,0.005187900007707929,0.955 +/- 0.020
78,GJ 806 b,GJ 806,1.331,940.0,0.01406,3600.0,M,0.3576459642255125,0.9620475038405896,0.9550264866619163,0.027301286783734734,0.009764195036366049,0.955 +/- 0.027
79,Kepler-1229 b,Kepler-1229,1.4,212.0,0.3006,3784.0,K,0.0223087176458321,0.998371340440504,0.9548830127969594,0.07054056648315447,0.0015736695802497406,0.955 +/- 0.071
80,GJ 411 b,GJ 411,1.45,349.83,0.07879,3719.0,K,0.2834468831685915,0.958534483869452,0.9548275971824512,0.026632378509189817,0.0075488646797960334,0.955 +/- 0.027
81,LHS 1478 b,LHS 1478,1.242,595.0,0.01848,3381.0,M,0.2720070637110918,0.9558586488366386,0.9547867951549012,0.01336764462788277,0.0036360937639637425,0.955 +/- 0.013
82,TOI-771 c,TOI-771,1.5,365.0,0.046,3370.0,M,0.2329897531394111,0.955093966315558,0.9543809895254491,0.009126205303515765,0.002126312320765722,0.954 +/- 0.009
83,TOI-270 b,TOI-270,1.28,600.0,0.03197,3506.0,M,0.2616046587254496,0.9570404555728774,0.9541928258211319,0.014822100200040239,0.003877530464425945,0.954 +/- 0.015
84,GJ 3323 c,GJ 3323,1.32,135.19302532432823,0.1264,3159.0,M,0.2843011531229244,0.9598712174170596,0.9538905309158775,0.07078134591944577,0.02012321826449103,0.954 +/- 0.071
85,G 264-012 b,G 264-012,1.39,587.0,0.02279,3326.0,M,0.2556201298428849,0.9539112996562078,0.9537247106572089,0.008029239318827592,0.0020524351972183055,0.954 +/- 0.008
86,K2-239 d,K2-239,1.1,399.0,0.0685,3420.0,M,0.2237258336762226,0.9533550341381438,0.9536114887220322,0.0059036611150035355,0.0013208015046960637,0.954 +/- 0.006
87,LTT 3780 b,LTT 3780,1.325,903.0,0.01195,3358.0,M,0.2606033955020456,0.9555698658707812,0.9535551062913712,0.008035845435579477,0.0020941686062416263,0.954 +/- 0.008
88,TOI-700 b,TOI-700,0.914,417.0,0.0677,3459.0,M,0.2293087655684368,0.9530308460363948,0.9534727566980256,0.013586735773277023,0.0031155576082746747,0.953 +/- 0.014
89,55 Cnc B b,55 Cnc B,1.69,361.677272865195,0.044,3286.0,M,0.2648091756360882,0.9529382450539102,0.9529506023905007,0.01141153929345415,0.003021880313038422,0.953 +/- 0.011
90,TOI-1468 b,TOI-1468,1.401,683.5,0.02107,3376.0,M,0.2541436575409582,0.9578581603576276,0.9527732446942364,0.013096722315426898,0.0033284489110408785,0.953 +/- 0.013
91,K2-239 c,K2-239,1.0,427.0,0.0576,3420.0,M,0.2227348439833261,0.9529726408204376,0.9527478242083214,0.004117284836923119,0.0009170627957869852,0.953 +/- 0.004
92,TOI-2267 c,TOI-2267 A,1.14,374.0,0.0263,3030.0,M,0.2567956672905854,0.9524840442908716,0.9522336017710212,0.010419604739046292,0.0026757093518675382,0.952 +/- 0.010
93,L 168-9 b,L 168-9,1.63,998.0,0.0208,3842.0,K,0.2674589655518777,0.9563323386091034,0.9513486726170715,0.01643096563658007,0.004394609072178155,0.951 +/- 0.016
94,TOI-2267 b,TOI-2267 A,1.0,424.0,0.0205,3030.0,M,0.2525854075863722,0.9514653013479512,0.9513402327392386,0.02581026341302281,0.006519295904089997,0.951 +/- 0.026
95,K2-239 b,K2-239,1.1,502.0,0.0441,3420.0,M,0.2234431386400011,0.950988769118556,0.9513215456499222,0.007025980841117041,0.0015699072111637065,0.951 +/- 0.007
96,GJ 3473 b,GJ 3473,1.264,773.0,0.01589,3347.0,M,0.2420244945574753,0.9549566133835832,0.9511975175977421,0.013537360595321329,0.0032763728557249276,0.951 +/- 0.014
97,TOI-1266 d,TOI-1266,1.74,288.0,0.1513,3563.0,M,0.2092782015364758,0.9751477107973624,0.9509864690005181,0.0464291840880094,0.009716616144744566,0.951 +/- 0.046
98,LHS 1815 b,LHS 1815,1.088,617.0,0.0404,3643.0,M,0.2365472223618931,0.9561136709017368,0.9506479576767007,0.02084838735308879,0.004931628119097974,0.951 +/- 0.021
99,LTT 1445 A b,LTT 1445 A,1.34,431.0,0.0381,3562.0,M,0.5571403268092124,0.9687766760435776,0.9506247478594868,0.05748948850061732,0.03202971241132839,0.951 +/- 0.057
100,TOI-260 b,TOI-260,1.71,493.0,0.0943,4026.0,K,0.3494136807183767,0.9589360249364705,0.9501501325071731,0.03158982503782905,0.01103791703971738,0.950 +/- 0.032
101,G 264-012 c,G 264-012,1.76,387.0,0.0525,3326.0,M,0.2556201298428849,0.951704587358696,0.9500719592865476,0.022094518337677692,0.005647803646293173,0.950 +/- 0.022
102,Kepler-442 b,Kepler-442,1.34,241.0,0.409,4402.0,K,0.0084148284065264,0.9975051561766616,0.949918598832582,0.06011227893725273,0.0005058345123822329,0.950 +/- 0.060
103,TOI-406 c,TOI-406,1.32,584.0,0.0322,3392.0,M,0.2325113737209082,0.9553023424265618,0.9497811214110123,0.024746982070208208,0.0057539547965907946,0.950 +/- 0.025
104,GJ 9827 c,GJ 9827,1.13,715.94,0.0395,4236.0,K,0.2496825458123621,0.9531305368917558,0.9496047359939281,0.01359697245682783,0.00339492669836134,0.950 +/- 0.014
105,HD 4113 b,HD 4113,13.5,230.181693415458,1.28,5688.0,G,0.197365131907312,0.9799175476206384,0.9495652811541772,0.11278269028069395,0.022259370544110677,0.950 +/- 0.113
106,TOI-1452 b,TOI-1452,1.672,326.0,0.061,3185.0,M,0.2421522436290304,0.9613667295052164,0.9494855180336822,0.039317258239599834,0.009520762296061082,0.949 +/- 0.039
107,TOI-4527.01,TOI-4527,0.9086617,1362.93,0.008332353,3702.0,K,0.2688778336230524,0.9494077004851488,0.9494408696708411,0.012901451037865263,0.003468914205655093,0.949 +/- 0.013
108,K2-3 d,K2-3,1.458,305.2,0.2014,3844.0,K,0.2164840152748572,0.9661310309860672,0.9494331566258921,0.03526097471176418,0.00763343738810791,0.949 +/- 0.035
109,K2-72 c,K2-72,1.16,305.326302751998,0.078,3360.47,M,0.1543868514028116,0.9467964842152676,0.9493751810538561,0.019888157840694275,0.0030704700692269294,0.949 +/- 0.020
110,TOI-5799 c,TOI-5799,1.76,337.0,0.0782,3452.0,M,0.2271611039200878,0.9413671604441112,0.949360795674437,0.025513850343520363,0.005795754409285997,0.949 +/- 0.026
111,TOI-4559 b,TOI-4559,1.415,554.16,0.0359,3558.0,M,0.2389309176282725,0.949210514684174,0.9493049613623717,0.014110751975586516,0.0033714949179518452,0.949 +/- 0.014
112,TOI-6002 b,TOI-6002,1.65,321.4,0.05722,3229.0,M,0.2360579478666453,0.9523880365819896,0.9491768864270583,0.030633006440691907,0.00723116463737546,0.949 +/- 0.031
113,GJ 1252 b,GJ 1252,1.193,1090.0,0.00915,3458.0,M,0.2649775901104443,0.953476815847268,0.9491102565560952,0.025050745596837943,0.0066378861987199415,0.949 +/- 0.025
114,LHS 1678 b,LHS 1678,0.685,830.44,0.01239,3490.0,M,0.2596718134379059,0.9545100901809864,0.9490411662051895,0.040503144428715214,0.010517524963741896,0.949 +/- 0.041
115,TOI-5388.01,TOI-5388,0.99,488.0,0.024335855,3440.0,M,0.2606123364489275,0.9449311935794552,0.9486443150408492,0.03516370849329881,0.009164096228647601,0.949 +/- 0.035
116,GJ 3293 e,GJ 3293,1.63,339.1605135049015,0.08208,3466.0,M,0.2451522569983183,0.9551340263089084,0.9484512163257316,0.03888082934673444,0.009531723068318397,0.948 +/- 0.039
117,TOI-771 b,TOI-771,1.36,543.0,0.0208,3370.0,M,0.2512723163252344,0.9575244171775232,0.948329201912426,0.04321279414654579,0.01085817888008809,0.948 +/- 0.043
118,LP 791-18 d,LP 791-18,1.032,395.5,0.01992,2960.0,M,0.2301785874163421,0.951936175309006,0.9478765765930547,0.04691195775672416,0.010798128169377879,0.948 +/- 0.047
119,TOI-836 b,TOI-836,1.704,871.0,0.0422,4552.0,K,0.2896037467142299,0.95683924974089,0.947440484337849,0.03668125250116921,0.010623028158509318,0.947 +/- 0.037
120,HD 20782 b,HD 20782,13.6,231.72212268048983,1.3649,5782.13,G,0.2093313649511339,0.983040436058206,0.9473865734250578,0.11636701914968264,0.024359266953897805,0.947 +/- 0.116
121,TOI-6716 b,TOI-6716,0.982,369.0,0.0319,3110.0,M,0.2640353445283705,0.9501302572767808,0.947217360200522,0.03937140499996621,0.010395442483732089,0.947 +/- 0.039
122,GJ 238 b,GJ 238,0.566,758.0,0.02123,3485.0,M,0.2682399006946763,0.9480974272126512,0.9469479008576543,0.029845967554038025,0.00800587937283169,0.947 +/- 0.030
123,GJ 393 b,GJ 393,1.17,485.0,0.05402,3579.0,M,0.2796300765948691,0.9609727603491328,0.9469468165039524,0.044558613123078426,0.01245992840056756,0.947 +/- 0.045
124,TOI-244 b,TOI-244,1.52,458.0,0.0559,3433.0,M,0.2756562674484409,0.9498225620407932,0.9468678082706645,0.030613424277712985,0.008438782270209845,0.947 +/- 0.031
125,GJ 4274 b,GJ 4274,1.53,501.72914345533616,0.0153,3228.0,M,0.2790600173553392,0.9491763965717632,0.9467411270356602,0.04597641144751899,0.012830178176480864,0.947 +/- 0.046
126,GJ 9827 b,GJ 9827,1.44,1035.01,0.0189,4236.0,K,0.259006931213973,0.9488557563409976,0.9465056860256612,0.02307114631349468,0.005975586806246823,0.947 +/- 0.023
127,TOI-1693 b,TOI-1693,1.41,764.0,0.0226,3499.0,M,0.2384837393085771,0.94833201986368,0.946273650460173,0.019239867974981565,0.004588395658476945,0.946 +/- 0.019
128,Wolf 327 b,Wolf 327,1.24,996.0,0.01,3542.0,M,0.2383070076098704,0.9490992764764606,0.9459217795341156,0.03021586563513707,0.007200652521851431,0.946 +/- 0.030
129,LHS 3844 b,LHS 3844,1.286,816.0,0.00624,3080.0,M,0.2866911821583294,0.9572887640211938,0.9453943574527975,0.05158951255886299,0.01479025834247241,0.945 +/- 0.052
130,GJ 3998 b,GJ 3998,1.39,670.9218602315219,0.03,3726.0,K,0.2502157322257616,0.9521497528221397,0.9450124344473058,0.027149177181788255,0.006793151247868087,0.945 +/- 0.027
131,TOI-7166 b,TOI-7166,2.01,249.0,0.06191,3099.0,M,0.2337737834115314,0.969585805474911,0.9448712810742665,0.07256238512461403,0.01696318330394565,0.945 +/- 0.073
132,CD Cet b,CD Cet,1.82,464.0,0.0185,3130.0,M,0.2752585876734145,0.9379196608807594,0.9447782444581969,0.021953408706341646,0.006042864275124842,0.945 +/- 0.022
133,TOI-5799 b,TOI-5799,1.733,505.0,0.0348,3452.0,M,0.2608305035330607,0.9440572548685296,0.9445263660418526,0.026115332791835952,0.006811675402028023,0.945 +/- 0.026
134,K2-3 c,K2-3,1.582,371.8,0.1357,3844.0,K,0.2154119244155167,0.9485559063997524,0.9444050642296359,0.025809344214212413,0.005559640505085978,0.944 +/- 0.026
135,TOI-6086 b,TOI-6086,1.18,634.0,0.01541,3200.0,M,0.2247074963039695,0.9439290499480152,0.9441417386400862,0.014520955070037485,0.003262967457730555,0.944 +/- 0.015
136,Kepler-1544 b,Kepler-1544,1.78,269.0,0.54465,4886.0,K,0.0120823671370562,0.9964576661150828,0.943970567160434,0.06628954772404975,0.0008009346529513773,0.944 +/- 0.066
137,K2-72 d,K2-72,1.01,381.3524299089221,0.05,3360.47,M,0.1543868514028116,0.9459528740248676,0.9429740056639004,0.027823586971351663,0.004295595987239274,0.943 +/- 0.028
138,GJ 367 b,GJ 367,0.699,1365.0,0.00709,3522.0,M,0.3049159781687287,0.9526021635243608,0.9422833380938609,0.057108050749393326,0.017413157155560664,0.942 +/- 0.057
139,HD 23472 e,HD 23472,0.818,723.0,0.068,4684.0,K,0.2234396700406556,0.9476494982250891,0.9419521431748066,0.01757726360579345,0.003927457980296112,0.942 +/- 0.018
140,TOI-1680 b,TOI-1680,1.466,404.0,0.03144,3225.0,M,0.2165420773820804,0.9494190999114888,0.9419356212971198,0.028592346217422668,0.006191446047148373,0.942 +/- 0.029
141,HD 21749 c,GJ 143,0.892,701.0,0.0695,4640.0,K,0.3390985613931088,0.9440984779172048,0.9417083354586524,0.032715154676565175,0.011093661886576286,0.942 +/- 0.033
142,TOI-1411 b,TOI-1411,1.19880592,976.4,0.02122,4115.0,K,0.2428844217433019,0.9459426436523468,0.9416946833283849,0.024994070910803252,0.006070670460181531,0.942 +/- 0.025
143,HD 23472 d,HD 23472,0.75,909.0,0.04298,4684.0,K,0.2152641464404049,0.9426933752173402,0.9414515658548471,0.012215003773973644,0.002629452361170761,0.941 +/- 0.012
144,LP 791-18 b,LP 791-18,1.212,564.3,0.00978,2960.0,M,0.2383475390176932,0.9507897399287004,0.9411645876370822,0.03804349593290469,0.009067573631237454,0.941 +/- 0.038
145,TOI-237 b,TOI-237,1.44,388.0,0.0341,3212.0,M,0.2135103644145436,0.9508156389187812,0.941040946778161,0.03258642622938447,0.006957539739203521,0.941 +/- 0.033
146,TOI-2427 b,TOI-2427,1.8,1117.0,0.0202,4072.0,K,0.2522582630396911,0.9415054149655926,0.9405686640719192,0.01783059849185246,0.004497915804512838,0.941 +/- 0.018
147,GJ 740 b,GJ 740,1.53,829.0,0.029,3913.0,K,0.2684770605298851,0.9516889647123188,0.9404043931879721,0.05648751257906925,0.015165601333873421,0.940 +/- 0.056
148,TOI-4552 b,TOI-4552,1.11,1122.0,0.0056255,3258.0,M,0.2356045702875357,0.9484899310902358,0.9400243253305858,0.05474410811747246,0.012897962068791494,0.940 +/- 0.055
149,TOI-540 b,TOI-540,0.903,611.0,0.01223,3216.0,M,0.2788879079453249,0.9594026967640228,0.9398707434640723,0.06066531387258605,0.016918822470772022,0.940 +/- 0.061
150,TOI-5713 b,TOI-5713,1.77,347.2,0.06008,3225.0,M,0.2126697453808443,0.9466832579901564,0.9398687044666917,0.028139518729495022,0.005984424283341206,0.940 +/- 0.028
151,TOI-2267 d,TOI-2267 B,1.77,422.0,0.0145,3022.0,M,0.2411330054519592,0.9417336904367202,0.9397394056790569,0.03862415228186066,0.00931355792275921,0.940 +/- 0.039
152,K2-72 b,K2-72,1.08,426.3649783305369,0.04,3360.47,M,0.1573081122737083,0.945160279602738,0.9396487277041022,0.02924418420186938,0.004600347411780675,0.940 +/- 0.029
153,tau Cet g,tau Cet,1.18,585.0762428859882,0.133,5310.0,G,0.2893832906591813,0.9482800772552124,0.9394036102045434,0.03894619424612825,0.011270377849596266,0.939 +/- 0.039
154,TOI-833 b,TOI-833,1.27,1118.0,0.0171,3920.0,K,0.209349267043444,0.9405660735587312,0.9389651768362934,0.01253866078306786,0.002624959444641632,0.939 +/- 0.013
155,Kepler-1512 b,Kepler-1512,1.18,322.0,0.13693,4372.0,K,0.0606797887328272,0.9795441870538008,0.9389226400408256,0.05368156970663955,0.0032573863086454245,0.939 +/- 0.054
156,GJ 433 d,GJ 433,2.14,255.84758232823935,0.178,3461.0,M,0.2740024025160008,0.9958281516488314,0.9385290059050834,0.08916617705058034,0.024431746735026107,0.939 +/- 0.089
157,GJ 3138 b,GJ 3138,1.18,825.9412702288223,0.0197,3717.0,K,0.2256692596845467,0.9450675944973554,0.9379658730260437,0.027973053942455355,0.00631265837430979,0.938 +/- 0.028
158,HD 133131 A b,HD 133131 A,13.6,208.296248820098,1.44,5799.0,G,0.1792975066796249,0.9816126584499236,0.9373162670354453,0.13570313688965197,0.024331234092918427,0.937 +/- 0.136
159,GJ 887 e,GJ 887,1.12,544.0,0.0417,3688.0,M,0.2902999139625293,0.9604495034231538,0.9367899294118992,0.057886900757451176,0.016804562309445548,0.937 +/- 0.058
160,Kepler-438 b,Kepler-438,1.12,288.0,0.166,3748.0,K,0.0431928364549661,0.9263194078671152,0.9367331613913098,0.03805617956403182,0.0016437543400100493,0.937 +/- 0.038
161,TOI-198 b,TOI-198,1.36,456.0,0.0675,3801.0,K,0.2763325632817491,0.943024169984475,0.936363953514143,0.06762605272140801,0.01868728049313338,0.936 +/- 0.068
162,TOI-1776 b,TOI-1776,1.21612741,1269.21,0.0378,5785.0,G,0.2293842001213997,0.944253073564484,0.9363131294742548,0.024619588575517524,0.005647344632713038,0.936 +/- 0.025
163,TOI-5789 b,TOI-5789,1.26,1201.0,0.03608,5185.0,K,0.2444966175471384,0.9440646844323172,0.9361526856800998,0.02803052320666123,0.006853368112105239,0.936 +/- 0.028
164,Kepler-1410 b,Kepler-1410,1.78,290.0,0.2543,4092.0,K,0.0083646170991385,0.9758738518227312,0.9360248381390613,0.06636257740188131,0.0005550975496786787,0.936 +/- 0.066
165,K2-116 b,K2-116,0.69,716.2282482662681,0.048,4348.35,K,0.1886149124164991,0.9422974958317216,0.9359122596487391,0.02079171824983849,0.0039216281166818134,0.936 +/- 0.021
166,TOI-2095 b,TOI-2095,1.25,347.0,0.101,3759.0,K,0.2100840213093254,0.9407949250979984,0.9358073265652294,0.03557632609589376,0.007474017649637253,0.936 +/- 0.036
167,TOI-431 b,TOI-431,1.28,1862.0,0.0113,4850.0,K,0.246501213824576,0.9418686765345028,0.9354938955648241,0.029520901765254872,0.007276938118331394,0.935 +/- 0.030
168,Kepler-1649 b,Kepler-1649,1.017,307.0,0.0514,3240.0,M,0.1206906516300921,0.9423926842774868,0.9350594554091115,0.03509415797457537,0.004235536794360895,0.935 +/- 0.035
169,LHS 1903 b,LHS 1903,1.382,796.0,0.02656,3664.0,M,0.2240954235811714,0.9472970035575726,0.9348668962614606,0.04074680718263661,0.009131173015173268,0.935 +/- 0.041
170,HD 219134 b,HD 219134,1.602,1015.0,0.03876,4699.0,K,0.7811587365719382,0.970943248629424,0.934780640704578,0.05865476483774356,0.04581868199457591,0.935 +/- 0.059
171,HD 210277 b,HD 210277,13.6,237.6896852747165,1.13,5538.0,G,0.2424504778948393,0.9799191605267245,0.9347278159106507,0.11589190455471325,0.028098047643433332,0.935 +/- 0.116
172,TOI-431 c,TOI-431,1.49,867.0,0.052,4850.0,K,0.2166095609543538,0.9465815885398472,0.9346567097669847,0.04455094566720566,0.009650160781074689,0.935 +/- 0.045
173,TOI-6008 b,TOI-6008,1.03,707.0,0.010777,3075.0,M,0.2457428304325221,0.9300207597368756,0.9346210127399458,0.05576362748451998,0.013703511653230723,0.935 +/- 0.056
174,GJ 180 c,GJ 180,2.41,266.0537606287807,0.129,3371.0,M,0.2662339609527906,0.9950562588659526,0.9341253118020173,0.09056069233386278,0.02411033182667131,0.934 +/- 0.091
175,16 Cyg B b,16 Cyg B,13.5,209.2462769605721,1.66,5750.0,G,0.2428357951146363,0.9840357970397586,0.9340442398390782,0.12686960387246424,0.030808481132248794,0.934 +/- 0.127
176,HD 221585 b,HD 221585,13.5,222.05713213177344,2.306,5620.0,G,0.1716139495195152,0.9884140442000922,0.9338655939105233,0.1406686331582471,0.024140699709798617,0.934 +/- 0.141
177,Kepler-138 d,Kepler-138,1.51,345.0,0.1288,3841.0,K,0.1589996821711081,0.9386908368377628,0.9336245984779612,0.02855852554162705,0.004540796484394174,0.934 +/- 0.029
178,TOI-776 b,TOI-776,1.798,520.0,0.0653,3725.0,K,0.2771708440176302,0.9592184434606372,0.9336147606251071,0.05319357486412575,0.014743708041404733,0.934 +/- 0.053
179,HD 188015 b,HD 188015,13.6,245.1155777097511,1.203,5746.0,G,0.180743061794499,0.9784127881200176,0.9333864662841421,0.12917528571201753,0.02334753664776925,0.933 +/- 0.129
180,TOI-5720 b,TOI-5720,1.09,708.0,0.018288,3325.0,M,0.2154816827162469,0.9314718946243744,0.933292034102877,0.03202992907749847,0.006901863014901416,0.933 +/- 0.032
181,Kepler-446 c,Kepler-446,1.11,520.0,0.0283,3359.0,M,0.1156720568740648,0.933653153372086,0.932916484368787,0.017764851263590526,0.0020548968857213453,0.933 +/- 0.018
182,Kepler-446 d,Kepler-446,1.35,436.0,0.0403,3359.0,M,0.1159992924375404,0.934054292255957,0.9327385772443398,0.010250574249313554,0.001189059359998844,0.933 +/- 0.010
183,HD 331093 b,HD 331093,13.6,214.8042199182556,1.44,5544.0,G,0.1816087185508844,0.9866504266799836,0.9327119444918587,0.1381302833479415,0.02508566375189022,0.933 +/- 0.138
184,HD 20781 b,HD 20781,1.21,920.2661230639118,0.0529,5256.0,G,0.2093625576483098,0.9455952401479206,0.932300322563698,0.03481505639002299,0.0072889692504853444,0.932 +/- 0.035
185,HD 183263 b,HD 183263,13.1,240.79740633701465,1.46,5948.0,G,0.1744830277363278,0.9799128603614596,0.932286224203793,0.12918390543441524,0.02254039895500022,0.932 +/- 0.129
186,HD 20794 b,HD 20794,1.45,660.0,0.1257,5368.0,G,0.2825215058682385,0.9555312116931532,0.9322074062119803,0.06779044176374088,0.019152257690565198,0.932 +/- 0.068
187,TOI-500 b,TOI-500,1.166,1617.0,0.01189,4440.0,K,0.1960476790677543,0.9389883184316622,0.9321774173626687,0.02466469360422351,0.004835455936025303,0.932 +/- 0.025
188,TOI-2322 b,TOI-2322,0.994,603.1,0.0924,4664.0,K,0.1736238185432253,0.936992687238801,0.9311259131021306,0.0199292555433548,0.003460193448161001,0.931 +/- 0.020
189,TOI-206 b,TOI-206,1.3,910.0,0.0112,3383.0,M,0.1907024469458792,0.9398056844434276,0.9305142746138241,0.03749919316862986,0.007151187895753912,0.931 +/- 0.037
190,GJ 887 d,GJ 887,2.34,241.0,0.212,3688.0,M,0.2902999139625293,0.9949098272377664,0.9302130340546076,0.09460698957074594,0.027464400932641454,0.930 +/- 0.095
191,Kepler-138 e,Kepler-138,0.797,292.0,0.1803,3841.0,K,0.1537239520320643,0.9404808448936536,0.929806368940084,0.050551344073859555,0.007770952391566364,0.930 +/- 0.051
192,K2-151 b,K2-151,1.49,566.0,0.0373,3695.0,M,0.1545038224740944,0.9332387404580136,0.9296775759337004,0.025229023174156612,0.0038979805176947067,0.930 +/- 0.025
193,HD 23079 b,HD 23079,13.2,217.20676234510543,1.6,5994.0,G,0.2146892158407813,0.9921892103248114,0.9296356916696222,0.12838882487238765,0.0275636961345723,0.930 +/- 0.128
194,Kepler-138 c,Kepler-138,1.51,410.0,0.0913,3841.0,K,0.161371667733787,0.9372246840671118,0.9295958985723426,0.03712584913257064,0.005991060190555893,0.930 +/- 0.037
195,HD 136352 b,HD 136352,1.664,905.0,0.0964,5664.0,G,0.7591082486582905,0.9707174307779152,0.9295709835970062,0.07805315058556904,0.05925079044327314,0.930 +/- 0.078
196,TOI-237 c,TOI-237,1.206,515.0,0.016,3226.0,M,0.2110012809039902,0.9429978923064086,0.9292356274044327,0.05408673980862372,0.011412371379540442,0.929 +/- 0.054
197,HD 63433 d,HD 63433,1.073,1040.0,0.0503,5688.0,G,0.239786147648771,0.9429214460329484,0.9289015677241489,0.04066427489093204,0.00975072982302724,0.929 +/- 0.041
198,HD 136118 b,HD 136118,12.3,228.32799482219875,2.327,6097.0,F,0.1793651145829322,0.9899633582733736,0.9283881197444002,0.13827278141798935,0.024801313282738397,0.928 +/- 0.138
199,GJ 676 A d,GJ 676 A,1.78,692.7416067114475,0.039,3734.0,K,0.2555736112125773,0.9474457621868578,0.9271687990206166,0.06583954455210062,0.016826850161771725,0.927 +/- 0.066
200,Kepler-62 f,Kepler-62,1.41,208.0,0.718,4925.0,K,0.0161752668777584,0.996976359536652,0.9270949359511189,0.10651848572866668,0.001722964934075883,0.927 +/- 0.107
201,K2-133 b,K2-133,1.34,608.4576290506919,0.03194,3655.0,M,0.1441757842618982,0.9349899868694912,0.9269475524294853,0.02952883213660662,0.004257342531633203,0.927 +/- 0.030
202,K2-133 e,K2-133,1.73,296.0,0.1346,3655.0,M,0.145526992659231,0.9357254376814708,0.9269379424848606,0.053322686922290925,0.007759890268310705,0.927 +/- 0.053
203,Kepler-504 b,Kepler-504,1.59,374.0,0.0646,3519.0,M,0.1153178267807849,0.9318041965033604,0.9268531028598399,0.031828432959710856,0.003670385718751761,0.927 +/- 0.032
204,K2-133 c,K2-133,1.603,521.9187554883789,0.04341,3655.0,M,0.1457216463886922,0.932188460445816,0.9268268602588844,0.02673969883471478,0.0038965529381324317,0.927 +/- 0.027
205,TOI-2096 b,TOI-2096,1.243,445.0,0.025,3300.0,M,0.1898390024669811,0.9478742943335616,0.9267314966071516,0.05141222930129664,0.00976004632516185,0.927 +/- 0.051
206,K2-91 b,K2-91,1.1,664.7990789245805,0.0164,3622.0,M,0.1644601173155071,0.9422712181795228,0.9266280009632347,0.036060175057569754,0.005930460620385645,0.927 +/- 0.036
207,TOI-1807 b,TOI-1807,1.49681583,1694.1,0.0122,4914.0,K,0.2139513173558239,0.9352070725461624,0.9260861904312607,0.0329089108538636,0.007040904829929489,0.926 +/- 0.033
208,TOI-1416 b,TOI-1416,1.62,1517.0,0.019,4884.0,K,0.1966158210125462,0.9360953843836364,0.9260225536568284,0.0316411723966858,0.006221155088573893,0.926 +/- 0.032
209,TOI-286 b,TOI-286,1.42,979.0,0.0503,5152.0,K,0.1829049390878449,0.938787894988602,0.9260197840220284,0.036028262865578885,0.00658974722486957,0.926 +/- 0.036
210,HD 23472 f,HD 23472,1.137,630.0,0.0906,4684.0,K,0.230170512942067,0.9469847957708604,0.9257364205322747,0.052196709200999065,0.012014143330681864,0.926 +/- 0.052
211,55 Cnc B c,55 Cnc B,2.16,210.41460513649287,0.13,3286.0,M,0.2648091756360882,0.9969886026859848,0.9257203099114435,0.10537766340110175,0.027904972175702935,0.926 +/- 0.105
212,HD 23472 c,HD 23472,1.87,467.0,0.1646,4684.0,K,0.267253868698602,0.9399923781513464,0.9255969773166117,0.04798502027743013,0.012824182308724067,0.926 +/- 0.048
213,HD 30562 b,HD 30562,13.6,215.1962735383743,2.34,5882.0,G,0.2309463597438848,0.9869865824939064,0.9255785840843235,0.14266724815505916,0.032948481616088376,0.926 +/- 0.143
214,Kepler-1646 b,Kepler-1646,1.23,365.0,0.0295,3299.0,M,0.0857909908207729,0.9343827637153872,0.9251414904187165,0.0323281352085568,0.0027734627509300018,0.925 +/- 0.032
215,HD 213240 b,HD 213240,12.8,235.7169657675064,1.89,5979.0,G,0.1993526714731286,0.9868736203591396,0.9250326105193346,0.13537060460237055,0.026986491666415167,0.925 +/- 0.135
216,GJ 887 b,GJ 887,1.8,426.0,0.0683,3688.0,M,0.2902999139625293,0.9582423443111552,0.9249933637423493,0.0696292388786412,0.02021336205574594,0.925 +/- 0.070
217,TOI-1799 b,TOI-1799,1.642,922.72,0.072502,5690.0,G,0.1926199279890297,0.9408515088139016,0.9246689043427144,0.040104363828580764,0.0077248996727070736,0.925 +/- 0.040
218,Kepler-220 e,Kepler-220,1.33,341.0,0.226,4632.0,K,0.056886832884451,0.9269603659131644,0.9245450487808714,0.027028332151073843,0.0015375562142235716,0.925 +/- 0.027
219,Kepler-186 e,Kepler-186,1.27,319.0,0.11,3788.0,K,0.0521731458161487,0.9239238638198506,0.9244590204531729,0.038442510504140194,0.0020056667060713343,0.924 +/- 0.038
220,Kepler-220 d,Kepler-220,0.98,401.0,0.163,4632.0,K,0.0554504300497371,0.9266108741534114,0.9239572364003702,0.012942977884475492,0.0007176936898184025,0.924 +/- 0.013
221,K2-136 d,K2-136,1.565,420.0,0.1538,4500.0,K,0.1658872722188412,0.9368274417783208,0.9239091481744782,0.037027080217535834,0.006142321335515236,0.924 +/- 0.037
222,TOI-1685 b,TOI-1685,1.421,1000.0,0.01164,3470.0,M,0.2208314803706906,0.942976746482154,0.9238438304331741,0.06631431153685202,0.0146442875864462,0.924 +/- 0.066
223,TOI-2411 b,TOI-2411,1.68,1355.0,0.0144,4099.0,K,0.174062010178039,0.9248869701594596,0.9234689348541106,0.02039148376467581,0.0035493826545923176,0.923 +/- 0.020
224,TOI-1846 b,TOI-1846,1.792,568.1,0.03646,3568.0,M,0.199797718895218,0.9360157522180906,0.9233708140370042,0.040548729315107744,0.008101543621258183,0.923 +/- 0.041
225,HR 858 c,HR 858,1.979,1309.0,0.0687,6354.0,F,0.4114834988923044,0.9539632947530888,0.923226693650469,0.06472948731765045,0.02663511592297185,0.923 +/- 0.065
226,HD 222582 b,HD 222582,12.6,234.5147176819079,1.34,5790.0,G,0.1968016708465806,0.9851365346577206,0.9230778319328995,0.14451014655021555,0.028439838295366643,0.923 +/- 0.145
227,TOI-1442 b,TOI-1442,1.17,1072.0,0.0071,3330.0,M,0.2028654186181119,0.9402438593478712,0.9230667578912638,0.05758372089232647,0.011681745644410324,0.923 +/- 0.058
228,L 363-38 b,L 363-38,2.0,330.0,0.048,3129.0,M,0.2708289591721033,0.9359514493112228,0.9230019440972373,0.06359774543522824,0.01722411120191525,0.923 +/- 0.064
229,LP 890-9 c,LP 890-9,1.367,272.0,0.03984,2850.0,M,0.2261896460791274,0.978152544287494,0.9227642595814606,0.09983975554239423,0.022582718970760748,0.923 +/- 0.100
230,K2-240 c,K2-240,1.8,389.0,0.1159,3810.0,K,0.1554018819082303,0.9333405015953532,0.9224501446009438,0.03286224801231101,0.005106855184848131,0.922 +/- 0.033
231,Kepler-444 e,Kepler-444,0.546,727.0,0.0696,5046.0,K,0.2176156074133843,0.9275155767480596,0.922176590938324,0.028848182097752025,0.006277814669974226,0.922 +/- 0.029
232,TOI-2431 b,TOI-2431,1.534,2063.0,0.0063,4109.0,K,0.2206518030789843,0.930528156019656,0.922084164173985,0.04519629812675107,0.009972644674162943,0.922 +/- 0.045
233,TOI-4443.01,TOI-4443,1.7193265,1638.82,0.029962645,5834.0,G,0.2026480091597307,0.9291068736884796,0.9219792078378348,0.0376814696578317,0.007636074808372393,0.922 +/- 0.038
234,HD 109286 b,HD 109286,13.2,259.4,1.259,5694.0,G,0.172367094812577,0.9925662706968827,0.920930928088256,0.14244547582457778,0.024552912837077643,0.921 +/- 0.142
235,GJ 514 b,GJ 514,2.13,202.0,0.422,3728.0,K,0.2779954299859902,0.9461929356149316,0.920915379719436,0.09411119870330908,0.026162483150023372,0.921 +/- 0.094
236,TOI-871 b,TOI-871,1.664,621.0,0.1054,4929.0,K,0.1722006485156145,0.9339785373777584,0.9206108532157875,0.04733345749551913,0.008150852077214669,0.921 +/- 0.047
237,HD 108236 b,HD 108236,1.615,1099.0,0.04527,5660.0,G,0.179967892511926,0.9316672372301712,0.9201581458410006,0.035012252199445176,0.006301081240430194,0.920 +/- 0.035
238,Kepler-444 d,Kepler-444,0.53,783.0,0.06,5046.0,K,0.2160021898320106,0.9200741864210864,0.9197363326454671,0.023745219187950372,0.005129019342638357,0.920 +/- 0.024
239,Kepler-367 c,Kepler-367,1.2,357.0,0.253,4710.0,K,0.0475714024982337,0.9199334133479434,0.9197296879156517,0.03445851381561635,0.0016392398302136322,0.920 +/- 0.034
240,K2-257 b,K2-257,0.83,789.0,0.0216,3725.0,K,0.1604211688908054,0.9343847200340508,0.9196268461190266,0.04394834103328644,0.007050244239371557,0.920 +/- 0.044
241,TOI-1235 b,TOI-1235,1.69,775.0,0.03845,3997.0,K,0.228066956766518,0.9434035035840064,0.9193934650780534,0.06545862461794252,0.01492894931073603,0.919 +/- 0.065
242,HD 156668 b,HD 156668,1.87,811.7601016246986,0.05,4850.0,K,0.2352054704938005,0.9264136216431292,0.919387965121422,0.03386773654966085,0.007965876909723063,0.919 +/- 0.034
243,Kepler-446 b,Kepler-446,1.5,648.0,0.0182,3359.0,M,0.1161404007252868,0.927358362878841,0.9191627974236987,0.04169086605418188,0.0048419938901169395,0.919 +/- 0.042
244,tau Cet h,tau Cet,1.19,432.8477332735616,0.243,5310.0,G,0.2893832906591813,0.947279230721034,0.9191600176493123,0.08239919883526907,0.023844951306630342,0.919 +/- 0.082
245,K2-83 b,K2-83,1.244,646.8339088821698,0.03014,3910.0,K,0.0881359124643308,0.9275000714424066,0.9191212273806184,0.03055944660818921,0.0026933847112177553,0.919 +/- 0.031
246,Kepler-1582 b,Kepler-1582,1.49,354.0,0.0316,3208.0,M,0.1375625186254661,0.9302264406033468,0.9189935252360376,0.04839847049458439,0.0066578154988553365,0.919 +/- 0.048
247,TOI-2266 b,TOI-2266,1.54,550.0,0.02,3200.0,M,0.1869322862382658,0.9328176780437236,0.9187424191744465,0.07099787380919725,0.013271794869209135,0.919 +/- 0.071
248,Kepler-296 e,Kepler-296,1.53,337.0,0.169,3740.0,K,0.0572582708350468,0.974901575028376,0.9182327415654679,0.06210423074651854,0.0035559808640863995,0.918 +/- 0.062
249,K2-88 b,K2-88,1.23,424.962112276356,0.0345,3537.0,M,0.1029892066990866,0.9304277459284528,0.9181307337412581,0.05244551554854736,0.0054013220412695035,0.918 +/- 0.052
250,K2-122 b,K2-122,1.16,769.0,0.0373,4009.0,K,0.1498230230604342,0.9316725928133216,0.9180605614916603,0.056564860923308036,0.008474718462523035,0.918 +/- 0.057
251,EPIC 201170410.02,EPIC 201170410,1.047,457.3739099205272,0.0349,3648.0,M,0.0785537005740977,0.932873881531483,0.9179126084551056,0.05939732144340536,0.004665879403568697,0.918 +/- 0.059
252,Kepler-186 c,Kepler-186,1.25,464.0,0.0451,3788.0,K,0.0518951585037062,0.9197161457261498,0.9178668643857729,0.018348141352423745,0.0009521797037324364,0.918 +/- 0.018
253,Kepler-560 b,Kepler-560,1.72,298.0,0.0899,3556.0,M,0.1055145798234361,0.922337835039035,0.9176592082636676,0.04457334144930226,0.004703137394349676,0.918 +/- 0.045
254,Kepler-205 c,Kepler-205,1.64,389.0,0.122,4321.0,K,0.063319017929545,0.9222447550773396,0.9176163488529926,0.028079719452889562,0.0017779802594941078,0.918 +/- 0.028
255,Kepler-444 f,Kepler-444,0.741,673.0,0.0811,5046.0,K,0.2189899348374435,0.92470353928428,0.9173141879885647,0.04046283423588255,0.008860953432654198,0.917 +/- 0.040
256,Kepler-367 b,Kepler-367,1.3,401.0,0.201,4710.0,K,0.047467770824071,0.9185990578176052,0.9172286481073955,0.02784781157900547,0.0013218735379841424,0.917 +/- 0.028
257,TOI-270 d,TOI-270,2.0,383.0,0.0721,3506.0,M,0.3155494905602558,0.9500405611725792,0.9170453527092866,0.06447909037547891,0.020346344119771063,0.917 +/- 0.064
258,TOI-2095 c,TOI-2095,1.33,297.0,0.137,3759.0,K,0.2155700414119256,0.9369755670368144,0.9169832580256169,0.06545588823637255,0.014110328537769204,0.917 +/- 0.065
259,Kepler-186 b,Kepler-186,1.07,571.0,0.0343,3788.0,K,0.0515816185537979,0.9191994107075852,0.916919397374561,0.011702426015931605,0.0006036300749078249,0.917 +/- 0.012
260,Kepler-378 c,Kepler-378,0.7,414.0,0.166,4661.0,K,0.0663040032906101,0.9220782640062548,0.916798083767807,0.030468389912383084,0.00202017622501024,0.917 +/- 0.030
261,Kepler-1948 b,Kepler-1948,1.03283226,399.0,0.1022,3872.0,K,0.0436756104567433,0.9255790766068736,0.9164002316659211,0.03235045445330455,0.001412925846801146,0.916 +/- 0.032
262,Kepler-378 b,Kepler-378,0.75,503.0,0.112,4661.0,K,0.0663432837316045,0.921391400381762,0.9163857646048948,0.025621116949967687,0.0016997890313323275,0.916 +/- 0.026
263,HD 3167 b,HD 3167,1.67,1774.0,0.01796,5261.0,G,0.2173912173033562,0.9388652946542022,0.9163409852818243,0.06012917689235567,0.013071554960078035,0.916 +/- 0.060
264,K2-148 b,K2-148,1.33,671.2573206811068,0.0454,4079.0,K,0.0878878453803412,0.9201331882031168,0.9163364567846768,0.01235430379647019,0.0010857931418459343,0.916 +/- 0.012
265,TOI-178 c,TOI-178,1.754,873.0,0.037,4316.0,K,0.1729731849842394,0.937434215651474,0.9162065206188333,0.05350460956844715,0.009254862728392514,0.916 +/- 0.054
266,TOI-2211.01,TOI-2211,1.561,1056.92,0.04011,5253.0,G,0.1615978188898167,0.9284128368489162,0.9160685222799905,0.03900451007005106,0.006303043754186143,0.916 +/- 0.039
267,G 9-40 b,G 9-40,1.9,440.6,0.0418,3395.0,M,0.2664582212160372,0.935917478798266,0.9160356611581164,0.07429248087456183,0.019795842303562208,0.916 +/- 0.074
268,K2-184 b,K2-184,1.47,533.0,0.1685,5245.0,G,0.1544359180473411,0.9358985753771714,0.9159949689138331,0.04157535590310457,0.006420728257040897,0.916 +/- 0.042
269,Kepler-398 c,Kepler-398,1.01,536.0,0.087,4493.0,K,0.0515653432695783,0.9208691538002112,0.9157637369223512,0.021335693717363415,0.0011001823704304295,0.916 +/- 0.021
270,TOI-2445 b,TOI-2445,1.25,1060.0,0.0064,3333.0,M,0.1886838892339392,0.937776716726682,0.9155789561553482,0.07012794024282258,0.013232012508981043,0.916 +/- 0.070
271,TOI-2257 b,TOI-2257,2.194,256.0,0.145,3430.0,M,0.1875573304909799,0.995464443839979,0.9155012179336016,0.1175910595401909,0.022055065216964077,0.916 +/- 0.118
272,Kepler-186 d,Kepler-186,1.4,379.0,0.0781,3788.0,K,0.0524006962330765,0.9211948769419332,0.9153906906831307,0.030476410946899787,0.0015969851523029031,0.915 +/- 0.030
273,TOI-1860 b,TOI-1860,1.31,1885.0,0.0204,5752.0,G,0.2079456087127129,0.9247391712746852,0.9153796679535232,0.04091332250875012,0.008507745753541582,0.915 +/- 0.041
274,K2-148 d,K2-148,1.64,514.0986710380892,0.0774,4079.0,K,0.0887183075787362,0.9165210921819053,0.9152106479874836,0.017402650274439237,0.001543933679732878,0.915 +/- 0.017
275,HD 65216 b,HD 65216,13.6,203.5752923925223,1.301,5612.0,G,0.2111518355932585,0.9803235566008934,0.9140600604530402,0.14687306352344623,0.031012516962180933,0.914 +/- 0.147
276,K2-162 b,K2-162,1.44,631.0,0.0795,4842.0,K,0.0889752922008634,0.9173343772542112,0.9135742593613149,0.016614003574755756,0.0014782358226900826,0.914 +/- 0.017
277,TOI-1743 b,TOI-1743,1.83,485.0,0.03589,3277.0,M,0.2057509111024645,0.9089512402813515,0.9135614495466313,0.041704131155282875,0.008580662981936127,0.914 +/- 0.042
278,TOI-2096 c,TOI-2096,1.914,349.0,0.04,3300.0,M,0.1981560393648657,0.9297770171776782,0.9133212565092466,0.06357978391203296,0.012598718163682458,0.913 +/- 0.064
279,K2-141 b,K2-141,1.51,2103.0,0.00747,4570.0,K,0.1714628768214683,0.9250887940984388,0.913296143737984,0.045674841151407825,0.007831539662183971,0.913 +/- 0.046
280,Kepler-1650 b,Kepler-1650,0.96,602.0,0.0167,3410.0,M,0.0790174121355909,0.9281101468167277,0.9131779317610627,0.0439640361888853,0.0034739243666811826,0.913 +/- 0.044
281,HD 28471 b,HD 28471,1.75,1377.0,0.042,5766.0,G,0.1938970745379017,0.9297158856550004,0.9131301068094221,0.04159351641934993,0.008064861153456131,0.913 +/- 0.042
282,HD 25463 c,HD 25463,1.36354953,1585.57,0.0443,6353.0,F,0.2243786013426961,0.937005702933586,0.912855417436568,0.05639774101675187,0.012654446248226389,0.913 +/- 0.056
283,Kepler-1049 b,Kepler-1049,0.95,625.0,0.0349,3864.0,K,0.0599566624271461,0.9169883567156164,0.9128249138617478,0.016313920090335367,0.0009781281997196744,0.913 +/- 0.016
284,HD 134606 e,HD 134606,1.33,1152.8596900555913,0.0527,5576.0,G,0.2294932172634423,0.9395708324591892,0.9126627615849757,0.06273446459939508,0.014397134114214704,0.913 +/- 0.063
285,GJ 3138 c,GJ 3138,1.88,485.5621799266858,0.057,3717.0,K,0.2256692596845467,0.9296385333391308,0.9125445210926048,0.06360460697737684,0.014353604569111186,0.913 +/- 0.064
286,K2-155 b,K2-155,1.8,708.0,0.0562,4258.0,K,0.1520739170882503,0.9219927965215492,0.9124862083740898,0.04081347185811847,0.006206664535435145,0.912 +/- 0.041
287,Kepler-369 c,Kepler-369,1.41,391.0,0.094,3591.0,M,0.0362589151815743,0.9205607334594248,0.9115299122102173,0.03240086871783522,0.0011748203506493113,0.912 +/- 0.032
288,Kepler-398 d,Kepler-398,0.88,636.0,0.0618,4557.0,K,0.051513665969606,0.9141991964985224,0.9113419667276789,0.02859009536207103,0.0014727806225209087,0.911 +/- 0.029
289,DMPP-3 A b,DMPP-3 A,1.44,854.0,0.05958,5138.0,K,0.1877038537202239,0.9230700777892884,0.9111468504032206,0.04923524923075362,0.009241646019488145,0.911 +/- 0.049
290,K2-89 b,K2-89,0.615,759.2567051730996,0.01462,3691.0,M,0.1282000093420585,0.9265540738151496,0.9111125728598627,0.05200183281278211,0.00666663545240283,0.911 +/- 0.052
291,K2-148 c,K2-148,1.73,576.2707884492377,0.0616,4079.0,K,0.0890092181951396,0.9116238143764548,0.910911086415175,0.02179634829512393,0.0019400759212579448,0.911 +/- 0.022
292,Kepler-617 b,Kepler-617,1.32,750.0,0.0219,3712.0,K,0.0539906345456538,0.9181101717877184,0.9108662022829603,0.020547817501473106,0.0011093897054328236,0.911 +/- 0.021
293,LHS 1903 e,LHS 1903,1.732,333.0,0.15135,3664.0,M,0.2443204135965625,0.9580578480513876,0.9106728438879423,0.08410760771549824,0.020549205503667962,0.911 +/- 0.084
294,Kepler-1053 b,Kepler-1053,0.98,953.0,0.0315,4529.0,K,0.0668178584762892,0.9167689223786863,0.9106008543812419,0.01564242075557566,0.0010451930562726233,0.911 +/- 0.016
295,K2-415 b,K2-415,1.015,412.4,0.027,3173.0,M,0.2549763378684068,0.930229783707914,0.9103964239657989,0.06545165540217979,0.016688623401872726,0.910 +/- 0.065
296,K2-83 c,K2-83,1.483,420.5224486137348,0.07131,3910.0,K,0.0907568276273105,0.9303900739802048,0.9103710843806063,0.04875835841612646,0.004425153930163013,0.910 +/- 0.049
297,HD 16175 b,HD 16175,12.8,237.61552495038728,2.12,5981.0,G,0.1648758018910869,0.9871984174404216,0.9101981737679921,0.1524274592522847,0.025131599574441412,0.910 +/- 0.152
298,Kepler-220 b,Kepler-220,0.81,759.0,0.046,4632.0,K,0.054825086969186,0.9132917141132736,0.9099838534655724,0.018401297150427747,0.0010088527166180357,0.910 +/- 0.018
299,Kepler-445 d,Kepler-445,1.25,305.0,0.0439,3157.0,M,0.0962562676705595,0.9334278955783498,0.9098364462563048,0.08138891398711341,0.007834193090159734,0.910 +/- 0.081
300,K2-136 b,K2-136,1.014,610.0,0.0707,4500.0,K,0.1658872722188412,0.9073780059538524,0.9097993638154928,0.04158888901340906,0.006899067353046563,0.910 +/- 0.042
301,K2-18 b,K2-18,2.37,284.0,0.1429,3457.0,M,0.2598452742754896,0.9670748141993676,0.9095426645385,0.11234595674977671,0.02919256594538802,0.910 +/- 0.112
302,Kepler-445 b,Kepler-445,1.58,401.0,0.0217,3157.0,M,0.0858561089968386,0.9239292265135796,0.9092105243052906,0.07229671242454798,0.006207114422035086,0.909 +/- 0.072
303,K2-90 c,K2-90,1.3,830.5966823357309,0.035,4421.98,K,0.07983083891454,0.9149618405166928,0.9090331965525296,0.03865698526803135,0.0030860195638539568,0.909 +/- 0.039
304,Kepler-220 c,Kepler-220,1.57,586.0,0.076,4632.0,K,0.056399975781182,0.9139125929007548,0.9090043891293489,0.02154780204152171,0.0012152955132795286,0.909 +/- 0.022
305,K2-130 b,K2-130,1.25,926.6742318109356,0.032,4356.47,K,0.0942910505753683,0.9177781486892084,0.9089787566256797,0.03012502909877071,0.002840520642336631,0.909 +/- 0.030
306,Kepler-249 d,Kepler-249,1.57,332.0,0.097,3568.0,M,0.0457325209203669,0.9132497987727006,0.9086827970653144,0.03284313615671835,0.0015019994113775804,0.909 +/- 0.033
307,K2-128 b,K2-128,1.42,734.581667658463,0.056,4469.51,K,0.0978657718355288,0.9182546466642716,0.9086404532772265,0.031334514067746025,0.0030665764043312,0.909 +/- 0.031
308,Kepler-398 b,Kepler-398,0.93,755.0,0.044,4493.0,K,0.0514970122644873,0.9120465151813916,0.9083042817801326,0.02886112154474072,0.0014862615301563717,0.908 +/- 0.029
309,TOI-904 c,TOI-904,2.167,217.26,0.312,3770.2,K,0.2407547744645193,0.9964696862495304,0.9081255789098699,0.11484776503144119,0.027650147767898727,0.908 +/- 0.115
310,TOI-1634 b,TOI-1634,1.759,900.0,0.01544,3550.0,M,0.2291539981368181,0.9479547319294628,0.9079982987244278,0.0765963507540386,0.01755236001797803,0.908 +/- 0.077
311,K2-316 b,K2-316,1.33,841.0,0.0147,3436.0,M,0.0984133600814057,0.9204795058352372,0.9079842209642843,0.04605523999739396,0.00453245091749909,0.908 +/- 0.046
312,HD 164922 d,HD 164922,1.83,720.477525659632,0.103,5390.0,G,0.2407517873293298,0.9230262660883126,0.9072638365402276,0.05697870921868857,0.013717726084117435,0.907 +/- 0.057
313,Kepler-249 c,Kepler-249,1.51,429.0,0.058,3568.0,M,0.0457265726919286,0.9105614228057904,0.9071421641567016,0.024811452330669188,0.0011345426785906657,0.907 +/- 0.025
314,TOI-5789 d,TOI-5789,1.91,545.0,0.1756,5185.0,K,0.2444966175471384,0.927995752235758,0.9071290982115242,0.06291940019855785,0.015383580526642142,0.907 +/- 0.063
315,Kepler-974 b,Kepler-974,1.57,577.0,0.0419,3687.0,M,0.0800002795306871,0.9236636905452508,0.9069954756368893,0.042462237134627046,0.0033969908402684858,0.907 +/- 0.042
316,HD 93351 b,HD 93351,1.69,1217.2232209519104,0.035,5408.0,G,0.1710836254455889,0.9147724735551084,0.9068414840645249,0.05500694293052814,0.00941078722123336,0.907 +/- 0.055
317,Kepler-1439 b,Kepler-1439,1.46,420.0,0.0594,3578.0,M,0.0323642245733351,0.9169194007064656,0.9067773193478889,0.03753388051514708,0.0012147549381009467,0.907 +/- 0.038
318,HD 190647 b,HD 190647,13.4,195.917644056918,2.231,5656.0,G,0.1739981165370447,0.9771738447772392,0.9066084425069806,0.16662358472495467,0.028992189912792805,0.907 +/- 0.167
319,Kepler-249 b,Kepler-249,1.09,554.0,0.035,3568.0,M,0.0452930133328,0.9140433415361332,0.906545014699441,0.045432910915362265,0.002057793439837418,0.907 +/- 0.045
320,Kepler-452 b,Kepler-452,1.63,265.0,1.046,5757.0,G,0.0019613521034397,0.985102548336722,0.9065250270292057,0.07149561927090946,0.00014022808324372222,0.907 +/- 0.071
321,Kepler-369 b,Kepler-369,1.13,687.0,0.03,3591.0,M,0.0357796280475225,0.9139304937079544,0.9063681906197,0.03010125690422827,0.001077011775796206,0.906 +/- 0.030
322,K2-228 b,K2-228,1.21,914.0,0.0338,4715.0,K,0.0833877298734761,0.9078879373880052,0.9062849064980353,0.022003204489381274,0.0018347972723113824,0.906 +/- 0.022
323,Kepler-732 c,Kepler-732,1.27,893.0,0.0143,3631.0,M,0.053091271740055,0.9148589804359624,0.9061127867475284,0.031005223331921888,0.0016461067372761584,0.906 +/- 0.031
324,HD 142415 b,HD 142415,13.5,259.51047887458014,1.06,5940.0,G,0.2102851516507818,0.9720389686317844,0.9059445141649934,0.15424133501758097,0.032434662524991054,0.906 +/- 0.154
325,HIP 113103 b,HIP 113103,1.829,721.0,0.06899,4930.0,K,0.2282539391427112,0.919469417997532,0.9058138130101486,0.05479211409057517,0.012506515875130632,0.906 +/- 0.055
326,TOI-2068 b,TOI-2068,1.821,520.62,0.0632,3710.0,K,0.1903577803577486,0.91083223216566,0.905652068118013,0.04260708275013751,0.008110589699835096,0.906 +/- 0.043
327,Kepler-332 d,Kepler-332,1.18,427.0,0.189,4955.0,K,0.0101765919627973,0.9072635950486894,0.904902722750056,0.017441106247467402,0.00017749102166027055,0.905 +/- 0.017
328,HD 23472 b,HD 23472,2.0,543.0,0.1162,4684.0,K,0.2781942352735265,0.9446220819899688,0.904898838826519,0.08128303961226252,0.022612473045641134,0.905 +/- 0.081
329,K2-68 b,K2-68,1.58,646.3499336140834,0.0708,4746.0,K,0.0590648709659047,0.8971030778629885,0.9045331368911443,0.03192796482382815,0.0018858211225233539,0.905 +/- 0.032
330,Kepler-1499 b,Kepler-1499,1.19,409.0,0.23225,5097.0,K,0.0142921194237229,0.9159177456134152,0.9045085315142294,0.035735160651875125,0.0005107311836625227,0.905 +/- 0.036
331,Kepler-205 b,Kepler-205,1.51,757.0,0.032,4321.0,K,0.0624058523422013,0.9150688377507852,0.904425025500225,0.03644677774410027,0.0022744922302473498,0.904 +/- 0.036
332,Kepler-333 c,Kepler-333,1.11,386.0,0.135,4259.0,K,0.0123282185276979,0.9145818181029688,0.9042109173650198,0.03599439175547805,0.000443746727333101,0.904 +/- 0.036
333,Kepler-1178 b,Kepler-1178,1.07,378.0,0.1596,4990.0,K,0.0027392857438528,0.9154892471908752,0.904102447672298,0.02297959024763136,6.294766396491542e-05,0.904 +/- 0.023
334,Kepler-1939 b,Kepler-1939,1.16480773,816.0,0.0334,4353.0,K,0.0453748347660958,0.9119971397038416,0.9039229586812957,0.027443174041506837,0.0012452294875905823,0.904 +/- 0.027
335,Kepler-444 c,Kepler-444,0.497,868.0,0.04881,5046.0,K,0.2146399341001542,0.90897670837932,0.9037659860869565,0.051284960023288244,0.011007800439727631,0.904 +/- 0.051
336,K2-149 b,K2-149,1.64,432.1073571763791,0.083,3745.0,K,0.0870970030100458,0.9189612834943308,0.9037299374026152,0.07331378468275689,0.006385410925191927,0.904 +/- 0.073
337,ups And d,ups And,12.5,213.9432774014992,2.51329,6156.77,F,0.2623628514044924,0.993180543179808,0.9034692924248439,0.14658340730219785,0.03845804070839072,0.903 +/- 0.147
338,K2-266 c,K2-266,0.705,664.5,0.0679,4285.0,K,0.1397130220385573,0.9360119570946754,0.9026378646458045,0.05719474991257705,0.00799085135502565,0.903 +/- 0.057
339,Kepler-1308 b,Kepler-1308,0.52,662.0,0.025,3468.0,M,0.0976650066867159,0.9198592951784432,0.902595613710377,0.052401073404618005,0.005117751184453108,0.903 +/- 0.052
340,pi Men c,HD 39091,2.0189,1169.8,0.06839,5998.0,G,0.6909297262598892,0.9638047080792448,0.9025747890640571,0.10762031000837179,0.07435807133408874,0.903 +/- 0.108
341,Kepler-1074 b,Kepler-1074,1.25,568.0,0.0536,4002.0,K,0.0249224025962238,0.9104497792160444,0.9023548992493969,0.019346679435917395,0.00048216573380201725,0.902 +/- 0.019
342,Kepler-1459 b,Kepler-1459,1.36,349.0,0.2829,4828.0,K,0.0037141523946708,0.9118135236875576,0.9020926780284346,0.03666801581251743,0.00013619059873788835,0.902 +/- 0.037
343,TOI-1695 b,TOI-1695,1.9,698.0,0.033548,3690.0,M,0.2082340349929778,0.9314077940342596,0.9020036076015843,0.06441840613998547,0.01341410463834559,0.902 +/- 0.064
344,HD 219134 f,HD 219134,1.31,522.6,0.1463,4699.0,K,0.2810323464571989,0.9398658020573758,0.901970092593734,0.09660011966495612,0.02714775829748882,0.902 +/- 0.097
345,HD 159868 b,HD 159868,13.3,233.8781668557077,2.32,5534.0,G,0.1716194412537671,0.9860119060214472,0.9018739138951164,0.16449233718911377,0.02823008299892196,0.902 +/- 0.164
346,Kepler-283 c,Kepler-283,1.82,240.0,0.341,4351.0,K,0.0038036316640588,0.9954187949413016,0.901482095809831,0.11030491518964199,0.0004195592681166428,0.901 +/- 0.110
347,Kepler-81 d,Kepler-81,1.21,418.0,0.128,4500.0,K,0.0096494652259356,0.9084811050099344,0.9012747847458065,0.02324738884231669,0.00022432487022773815,0.901 +/- 0.023
348,HD 219134 d,HD 219134,1.61,410.5,0.237,4699.0,K,0.2810323464571989,0.938557135995482,0.9011382102298156,0.0948968487850163,0.02666908408544711,0.901 +/- 0.095
349,Kepler-332 c,Kepler-332,1.09,550.0,0.114,4955.0,K,0.0100078137468694,0.903796502088636,0.9010799977271625,0.014153170863724761,0.00014164229793177613,0.901 +/- 0.014
350,Kepler-1761 b,Kepler-1761,1.39109603,613.0,0.0413,3871.0,K,0.0333703464984506,0.9113342579887002,0.9008281135814358,0.033646300426720455,0.001122788703630628,0.901 +/- 0.034
351,HD 97658 b,HD 97658,2.12,751.0,0.0805,5212.0,G,0.5793913440070355,0.9549010787883976,0.9007347284751829,0.08786442462735419,0.05090788707524762,0.901 +/- 0.088
352,HD 106270 b,HD 106270,12.4,216.84283388355647,3.34,5509.0,G,0.117413568380598,0.992646288846719,0.9007088831807671,0.1683848552076744,0.019770666711183372,0.901 +/- 0.168
353,Kepler-1697 b,Kepler-1697,1.25954761,630.0,0.2008,4681.53,K,0.0258145640420463,0.9114288861966376,0.9005029236356038,0.026829076816680973,0.0006925809216731906,0.901 +/- 0.027
354,Kepler-1456 b,Kepler-1456,1.14,433.0,0.1132,4231.0,K,0.0077762428137757,0.9107893935927308,0.900318006226232,0.02992716843825084,0.00023272092850460302,0.900 +/- 0.030
355,HD 132406 b,HD 132406,12.8,209.21805444084245,1.98,5766.0,G,0.1478133715006272,0.9888599564287344,0.8999896994970571,0.17890532206861368,0.026444598834367353,0.900 +/- 0.179
356,rho CrB e,rho CrB,1.75,919.1508807079492,0.1061,5817.0,G,0.251919974269757,0.9397611874116968,0.8993730235293192,0.08488371400113894,0.021383903047088332,0.899 +/- 0.085
357,GJ 9827 d,GJ 9827,1.98,675.0,0.053,4236.0,K,0.2810237223385601,0.9360859408873438,0.8992851605139331,0.07576773588668252,0.021292531172040424,0.899 +/- 0.076
358,K2-318 b,K2-318,1.66,456.0,0.0911,3851.0,K,0.0697846556739387,0.9115959081402392,0.898904366778654,0.04735189958044567,0.003304436007728323,0.899 +/- 0.047
359,HD 96700 c,HD 96700,1.69,739.4497575295022,0.141,5845.0,G,0.2326817115104764,0.9382751645355843,0.8985715713645159,0.07834161023565378,0.018228659952118576,0.899 +/- 0.078
360,K2-147 b,K2-147,1.47286006,1077.0,0.01575,3690.0,M,0.1235345954884603,0.917001373130688,0.8985493015247897,0.058777162330091684,0.007261012972407443,0.899 +/- 0.059
361,Kepler-1347 b,Kepler-1347,1.03,617.0,0.104,5193.0,K,0.0125785821950384,0.9091046695913192,0.89843857167795,0.029889519675509388,0.00037596778000861233,0.898 +/- 0.030
362,TOI-5788 b,TOI-5788,1.528,910.0,0.064,5615.0,G,0.1266315700670175,0.9251508954296994,0.8982751440405496,0.051603418047188834,0.006534621848140188,0.898 +/- 0.052
363,TOI-912 b,TOI-912,1.93,551.0,0.041,3572.0,M,0.2838313088270552,0.925172163592591,0.898241095743811,0.08617274806504324,0.024458523868525314,0.898 +/- 0.086
364,Ross 176 b,Ross 176,1.84,682.0,0.0464,4041.0,K,0.217364072104729,0.9224058888419782,0.8981917044760407,0.0742051745450389,0.016129538910351838,0.898 +/- 0.074
365,Kepler-353 c,Kepler-353,1.38,472.0,0.065,3903.0,K,0.0070199602152903,0.907276088022695,0.8980929007593592,0.029485495827290136,0.0002069870076356849,0.898 +/- 0.029
366,K2-233 b,K2-233,1.315,1127.0,0.03293,4796.0,K,0.1527374561664149,0.927893708939324,0.8977859779439922,0.06245094149021173,0.009538597938412555,0.898 +/- 0.062
367,BD+14 4559 b,BD+14 4559,13.8,225.26836535376168,0.78,4864.0,K,0.1831421220511913,0.9742057734326136,0.8976685858638382,0.16206606198552784,0.029681122504509473,0.898 +/- 0.162
368,Kepler-1190 b,Kepler-1190,1.33,609.0,0.0845,4730.0,K,0.0102372387337692,0.9049905263424294,0.8972890139383295,0.021199290654526533,0.00021702219941695047,0.897 +/- 0.021
369,TOI-238 b,TOI-238,1.559,1378.0,0.0212,5059.0,K,0.1433618077623941,0.9162928088633818,0.8972029173531698,0.043924255586762766,0.006297060685535749,0.897 +/- 0.044
370,Kepler-1423 b,Kepler-1423,1.06,741.0,0.1586,4939.0,K,0.0036652382150942,0.902007979343471,0.8969290486161471,0.018539550147683753,6.795186769194581e-05,0.897 +/- 0.019
371,TOI-2076 e,TOI-2076,1.301,1110.0,0.03863,5187.0,K,0.1972933040727567,0.9268082827972578,0.8969218959820644,0.08862485890783903,0.017485091236909445,0.897 +/- 0.089
372,Kepler-444 b,Kepler-444,0.403,938.0,0.04178,5046.0,K,0.2126264826439205,0.9064174479006007,0.8968193272194812,0.05593899791101163,0.01189411236844402,0.897 +/- 0.056
373,Kepler-1076 b,Kepler-1076,0.8,770.0,0.0611,4868.0,K,0.0415592820196901,0.9094156537397072,0.8965375419739309,0.028505931198353682,0.0011846860339062633,0.897 +/- 0.029
374,TOI-1203 b,TOI-1203,1.52,1361.2,0.04869,5737.0,G,0.1566226602655112,0.9085104301020892,0.8962856066814023,0.046348558523989496,0.00725923453549897,0.896 +/- 0.046
375,Kepler-125 c,Kepler-125,0.74,529.0,0.051,3810.0,K,0.0483560359940409,0.904350085335965,0.8962524747336125,0.040514698427526676,0.0019591302154491922,0.896 +/- 0.041
376,GJ 163 c,GJ 163,2.5,279.0468438521343,0.1254,3500.0,M,0.2578808030947005,0.9661039368469276,0.8959607630435429,0.11714762458500809,0.030210123508618368,0.896 +/- 0.117
377,Kepler-1223 b,Kepler-1223,1.22,557.0,0.1186,4870.0,K,0.0033995466508045,0.9019713624454894,0.8959290630276832,0.020657145898643984,7.022493115491507e-05,0.896 +/- 0.021
378,Kepler-1605 b,Kepler-1605,1.08,528.0,0.36567,5280.0,G,0.0026025843535589,0.9092488135227086,0.8958183429728581,0.04364828018984086,0.00011359833108183471,0.896 +/- 0.044
379,HD 108874 b,HD 108874,13.6,248.18225368906536,1.04,5600.0,G,0.1654398152592336,0.9726933306098264,0.895785365243735,0.1679342878901402,0.027783017564235745,0.896 +/- 0.168
380,Kepler-353 b,Kepler-353,0.89,534.0,0.051,3903.0,K,0.006673844706745,0.9064761753616356,0.8957678778884948,0.02979469020657394,0.00019884513552425058,0.896 +/- 0.030
381,K2-85 b,K2-85,1.4,1355.0,0.013,4232.0,K,0.1161096456618107,0.9159119956925946,0.895614318008026,0.03957717724059187,0.004595292025699801,0.896 +/- 0.040
382,HD 213885 b,HD 213885,1.745,2128.0,0.02012,5978.0,G,0.2237960357685529,0.9337642385174528,0.8954596077799226,0.07670768021423359,0.01716687474494734,0.895 +/- 0.077
383,TOI-1080 b,TOI-1080,1.2,368.0,0.0272,3065.0,M,0.2457175842354626,0.9309162751912314,0.8945689299234293,0.09273193100279843,0.022785866067497232,0.895 +/- 0.093
384,Kepler-1470 b,Kepler-1470,1.07,574.0,0.116,4961.0,K,0.0010155645728781,0.9069915029329696,0.8945218631916454,0.02446516345517744,2.4845953274750177e-05,0.895 +/- 0.024
385,TOI-2285 b,TOI-2285,1.77,358.0,0.1363,3491.0,M,0.2140694961363176,0.932970343040551,0.8945124597309793,0.08889832058130422,0.019030418694204625,0.895 +/- 0.089
386,Kepler-93 b,Kepler-93,1.478,1133.0,0.05343,5669.0,G,0.1273063897432065,0.9215793477950244,0.8944754771288022,0.05774927615129693,0.007351851857105066,0.894 +/- 0.058
387,HD 100777 b,HD 100777,13.7,241.7292053220626,1.06,5533.0,G,0.1828098377629988,0.9721858797996432,0.894293469570052,0.17727915579604323,0.03240837370983605,0.894 +/- 0.177
388,TOI-2345 b,TOI-2345,1.504,1478.0,0.01705,4687.0,K,0.1386327445107295,0.9187425533826558,0.8941572832712944,0.04324630764515456,0.00599535431880312,0.894 +/- 0.043
389,Kepler-1319 b,Kepler-1319,1.34,557.0,0.0296,3655.0,M,0.1075373530161142,0.9170083974138756,0.8941515830861613,0.09200091602298646,0.009893534984169772,0.894 +/- 0.092
390,Kepler-132 e,Kepler-132,1.18,414.0,0.43927,6023.0,F,0.0104008432686787,0.9125029876289856,0.8939898928631048,0.06843740305180888,0.0007118067028572576,0.894 +/- 0.068
391,HD 17674 b,HD 17674,13.9,237.3820616597212,1.42,5904.0,G,0.1923888288924124,0.97685463542038,0.8937953614731562,0.1668068958556199,0.032091783344841314,0.894 +/- 0.167
392,Kepler-395 c,Kepler-395,1.32,341.0,0.177,4262.0,K,0.0049624495714197,0.9047391565251532,0.8933272338963377,0.04441881033828627,0.00022042610632620163,0.893 +/- 0.044
393,Kepler-1956 b,Kepler-1956,1.08940238,674.0,0.0563,4391.0,K,0.0083871329597469,0.905955087550146,0.8931987733363854,0.026245294781247236,0.000220122776898072,0.893 +/- 0.026
394,Kepler-1440 b,Kepler-1440,1.26,597.0,0.23431,5698.0,G,0.0003069029061909,0.9011624560340524,0.8930590741786216,0.01837774780589853,5.640184210873694e-06,0.893 +/- 0.018
395,Kepler-1008 b,Kepler-1008,1.28,627.0,0.09755,5066.0,K,0.0185967567678575,0.9055002764245784,0.8928599834910832,0.030610406561063033,0.0005692542853813186,0.893 +/- 0.031
396,Kepler-1246 b,Kepler-1246,1.36,554.0,0.0848,4611.0,K,0.0041176833502549,0.9029868035334816,0.8928291724288455,0.021151168647324872,8.709381497752309e-05,0.893 +/- 0.021
397,Kepler-303 c,Kepler-303,1.14,521.0,0.057,3944.0,K,0.0374806319441596,0.9002428021093928,0.8926753983486283,0.027724942523927012,0.0010391483664122876,0.893 +/- 0.028
398,Kepler-1902 b,Kepler-1902,1.17563613,601.0,0.0385,3729.0,K,0.0098882441529022,0.9068960229954492,0.8924028901664626,0.030342694188290453,0.00030003596839066267,0.892 +/- 0.030
399,LP 890-9 b,LP 890-9,1.32,396.0,0.01875,2850.0,M,0.2252065958608743,0.9240031040173576,0.8923161885509067,0.08384671587732703,0.018882833456846743,0.892 +/- 0.084
400,Kepler-1114 b,Kepler-1114,1.35,631.0,0.11056,5374.0,G,0.0050365646619035,0.9007558097307669,0.8922517249334114,0.02376676728296678,0.00011970286022507475,0.892 +/- 0.024
401,Kepler-1749 b,Kepler-1749,1.61301783,420.0,0.0956,3957.0,K,0.0213876238703136,0.9043537815809224,0.892191744012679,0.03759163688710025,0.0008039957904107066,0.892 +/- 0.038
402,Kepler-1507 b,Kepler-1507,0.84,630.0,0.11946,5410.0,G,0.0124503426364334,0.9046361228546156,0.892145982547598,0.02995139139435994,0.000372905085297704,0.892 +/- 0.030
403,TOI-1238 b,TOI-1238,1.21,1133.0,0.0139,4089.0,K,0.1511807342863992,0.8915789941305018,0.8917792231282144,0.05235604847924073,0.007915225853425929,0.892 +/- 0.052
404,Kepler-1441 b,Kepler-1441,1.31,682.0,0.2346,5802.0,G,0.0002972189980995,0.8961361975427647,0.8915280457506609,0.01676169821323703,4.981895149384489e-06,0.892 +/- 0.017
405,HD 216435 b,HD 216435,13.7,221.8724338215224,2.56,5999.0,G,0.2157129254032665,0.9904160200845036,0.8913122941933731,0.1682201518639163,0.03628726107034714,0.891 +/- 0.168
406,Kepler-1482 b,Kepler-1482,1.01,678.0,0.09968,5381.0,G,0.0012637904166952,0.9031364561677144,0.8912669988223284,0.022186582212786216,2.8039189979739402e-05,0.891 +/- 0.022
407,Kepler-1424 b,Kepler-1424,1.16,629.0,0.19068,5838.0,G,0.0006978152971819,0.9021917973296608,0.8912620247028968,0.01822971852098741,1.2720976447265216e-05,0.891 +/- 0.018
408,Kepler-295 c,Kepler-295,1.17,621.0,0.142,5603.0,G,0.0003226227129517,0.8984916492414977,0.8910312021980606,0.016141552983057892,5.2076316146477435e-06,0.891 +/- 0.016
409,TOI-1467 b,TOI-1467,1.92,506.07,0.050748,3834.0,K,0.233980971296623,0.9312172204088762,0.8909378039093779,0.0923235229424072,0.021601947571590494,0.891 +/- 0.092
410,Kepler-1735 b,Kepler-1735,1.19429134,502.0,0.0621,3975.0,K,0.0261469883921554,0.8933069104607135,0.8908815934252755,0.029349205745030697,0.0007673933419342983,0.891 +/- 0.029
411,K2-233 c,K2-233,1.272,794.0,0.0664,4796.0,K,0.1527374561664149,0.919688473642499,0.8906475938642825,0.07009763830821904,0.010706534958470812,0.891 +/- 0.070
412,Kepler-779 b,Kepler-779,0.92,425.0,0.0533,3804.0,K,0.0180046590734618,0.9014726528682449,0.8905633377350822,0.03731831653230229,0.0006719035663596359,0.891 +/- 0.037
413,Kepler-1417 b,Kepler-1417,1.0,695.0,0.14062,5839.0,G,0.0002429045650939,0.900968723520668,0.8902589168375556,0.023706085783897456,5.7583164574162975e-06,0.890 +/- 0.024
414,HD 137388 b,HD 137388,9.32,227.2294629977465,0.89,5181.0,K,0.2001248605808304,0.9844691879982512,0.8902081381737418,0.17348945331877785,0.0347195526576649,0.890 +/- 0.173
415,Kepler-515 b,Kepler-515,1.46,564.0,0.1333,5293.0,G,0.0246209026429426,0.9057462316965476,0.8899870994363432,0.0319005026137363,0.0007854191691137374,0.890 +/- 0.032
416,Kepler-1805 b,Kepler-1805,1.54502915,479.0,0.0699,3867.0,K,0.0334359163063184,0.9011354936765263,0.8899429048008691,0.04262956306330402,0.0014253585027595552,0.890 +/- 0.043
417,Kepler-1425 b,Kepler-1425,0.94,676.0,0.11435,5718.0,G,0.0002877020875947,0.8996713384571609,0.8896888991139242,0.01522961501244997,4.38159203234544e-06,0.890 +/- 0.015
418,Kepler-62 e,Kepler-62,1.61,270.0,0.427,4925.0,K,0.0170129866432184,0.9719826981984968,0.8895278607377569,0.1361867675240517,0.002316943656869781,0.890 +/- 0.136
419,HD 86264 b,HD 86264,12.5,225.93566900169847,2.763,6210.0,F,0.1522730779869768,0.9930972136268678,0.8894615692908855,0.18607231741268612,0.02833380450059946,0.889 +/- 0.186
420,Kepler-352 c,Kepler-352,1.24,591.0,0.118,5212.0,G,0.0248759174705004,0.8998979005471721,0.8892796116917022,0.03385647172856907,0.0008422107965622142,0.889 +/- 0.034
421,HD 3167 d,HD 3167,1.92,859.5,0.0763,5261.0,G,0.1869579031479686,0.9080398760138632,0.8890790549658946,0.06412852388951008,0.011989334358357216,0.889 +/- 0.064
422,Kepler-443 b,Kepler-443,2.33,233.0,0.495,4723.0,K,0.0008280185051902,0.994297216290629,0.8890387651775944,0.14112641235823453,0.00011685528100372112,0.889 +/- 0.141
423,Kepler-332 b,Kepler-332,1.17,703.0,0.07,4955.0,K,0.0100730096216874,0.8914553432205048,0.8887133511719258,0.021809414384991618,0.00021968644094338816,0.889 +/- 0.022
424,HD 190228 b,HD 190228,12.9,245.1233328165424,2.406,5360.0,G,0.1602341967408618,0.976456715823936,0.8886383971993072,0.1671624602351867,0.026785142541011393,0.889 +/- 0.167
425,HD 28185 b,HD 28185,12.8,248.7529234830319,1.034,5602.0,G,0.2023448610499573,0.9780078085878094,0.8885766133307159,0.17047912927521613,0.03449557572511132,0.889 +/- 0.170
426,HIP 29442 c,TOI-469,1.551,1123.0,0.04518,5289.0,G,0.1516935662818035,0.905684491330547,0.888529789465756,0.06027687187435032,0.009143613658931536,0.889 +/- 0.060
427,HD 175167 b,HD 175167,12.3,212.2325738255882,2.4,5635.0,G,0.147366027463974,0.98945738390022,0.8884098538470475,0.18307493398149438,0.02697902574908213,0.888 +/- 0.183
428,TOI-2295 c,TOI-2295,12.8,234.9,2.018,5730.0,G,0.0848591204206468,0.990227461135258,0.8879608370635822,0.20338003546040062,0.017258650920289553,0.888 +/- 0.203
429,Kepler-295 d,Kepler-295,1.36,533.0,0.192,5603.0,G,0.0003229056273051,0.9006152186998235,0.8878218760030768,0.027015605865719997,8.723491159097655e-06,0.888 +/- 0.027
430,Kepler-189 b,Kepler-189,1.21,678.0,0.088,5235.0,G,0.0010939588614527,0.8959169270271952,0.887606132205327,0.02319412074300465,2.537341392041382e-05,0.888 +/- 0.023
431,HD 20329 b,HD 20329,1.72,2141.0,0.018,5596.0,G,0.1800164877459421,0.9124396466496169,0.8875841095781926,0.06959046587976819,0.012527431248279692,0.888 +/- 0.070
432,Kepler-26 d,Kepler-26,1.07,652.0,0.039,4486.0,K,0.0109369248089408,0.8981786251033257,0.8875371236136869,0.03523120740071082,0.00038532106626977286,0.888 +/- 0.035
433,Kepler-994 b,Kepler-994,1.6,957.0,0.0177,3934.0,K,0.046616369326806,0.8925803799276035,0.8873304391370461,0.031189624371374864,0.00145394704886036,0.887 +/- 0.031
434,K2-156 b,K2-156,1.1,1347.0,0.0149,4460.0,K,0.0678854932719539,0.8725734352435077,0.8872811098967853,0.0349722619461866,0.0023741092530528596,0.887 +/- 0.035
435,Kepler-1157 b,Kepler-1157,1.09,732.0,0.0448,4679.0,K,0.0100553953536866,0.9008798062742576,0.8872576394059383,0.02313009404744237,0.00023258224021498612,0.887 +/- 0.023
436,Kepler-1152 b,Kepler-1152,0.87,806.0,0.0223,3964.0,K,0.0352640345847462,0.9009425934969524,0.8869176788048824,0.03185908490041769,0.0011234798717666948,0.887 +/- 0.032
437,GJ 1289 b,GJ 1289,2.38,150.0,0.27,3296.0,M,0.2759632693114954,0.7569458638912119,0.8869120724675474,0.1512023098695438,0.0417262837590491,0.887 +/- 0.151
438,Kepler-1185 b,Kepler-1185,1.33,355.0,0.4297,5622.0,G,0.0042185375247942,0.9028959850673146,0.8868736710294189,0.05287414234008238,0.0002230515535529473,0.887 +/- 0.053
439,Kepler-316 c,Kepler-316,1.16,577.0,0.058,4204.0,K,0.006918397040751,0.8972772624245462,0.8868351886861874,0.0286001065037232,0.000197866892200522,0.887 +/- 0.029
440,Kepler-1904 b,Kepler-1904,1.3904994,567.0,0.0436,3805.0,K,0.0204700245865507,0.9083860743721284,0.8867392593205794,0.04904507504223485,0.0010039538919637714,0.887 +/- 0.049
441,HD 93963 A b,HD 93963 A,1.46954368,1842.23,0.02061,5908.0,G,0.1454903828976608,0.917283188173357,0.8863034309610233,0.05614775900459951,0.008168958956424765,0.886 +/- 0.056
442,HD 93385 b,HD 93385,1.88,1043.6549298557377,0.0756,5977.0,G,0.1944757496176548,0.9042234396017336,0.8862975447919951,0.06265479366961205,0.012184837966037294,0.886 +/- 0.063
443,Kepler-992 b,Kepler-992,1.62,510.0,0.13372,4944.0,K,0.0234537501208149,0.9003889822211433,0.8860090275815283,0.03780763730613457,0.0008867308780364794,0.886 +/- 0.038
444,Kepler-1945 b,Kepler-1945,1.289,808.0,0.0597,4991.0,K,0.0083561680713498,0.8977268893015462,0.8856604465837488,0.02187132488121507,0.00018276046665052784,0.886 +/- 0.022
445,Kepler-931 b,Kepler-931,1.33,744.0,0.0719,5241.0,G,0.0026094705155496,0.896200741494468,0.88524470001441,0.023791874700462352,6.208419554050697e-05,0.885 +/- 0.024
446,Kepler-1959 b,Kepler-1959,1.14315727,811.0,0.0617,5071.0,K,0.0026994702573788,0.8948000746618348,0.8850843279264075,0.021879457495341342,5.9062944756257606e-05,0.885 +/- 0.022
447,Kepler-1358 b,Kepler-1358,1.12,827.0,0.0656,5181.0,K,0.0014645005150421,0.89286080797504,0.885026781509684,0.019022153567225114,2.78579536964111e-05,0.885 +/- 0.019
448,HD 165155 b,HD 165155,13.2,219.4356004855117,1.13,5426.0,G,0.1592075146156984,0.9923510820352944,0.8849102904218735,0.18706373315866487,0.029781952030925242,0.885 +/- 0.187
449,Kepler-1477 b,Kepler-1477,1.18,674.0,0.0911,5100.0,K,0.000610396104667,0.8989476841443335,0.8848973094533451,0.03530026927500593,2.1547146859159804e-05,0.885 +/- 0.035
450,Kepler-1953 b,Kepler-1953,1.28574667,731.0,0.0607,4858.0,K,0.0008568469129269,0.8957127707713368,0.8846990525911518,0.024419177690608064,2.0923497020410945e-05,0.885 +/- 0.024
451,TOI-286 c,TOI-286,1.88,475.0,0.213,5152.0,K,0.2136191633458412,0.9321864462156756,0.8846712490162779,0.0879775325377564,0.018793686893947045,0.885 +/- 0.088
452,HR 858 b,HR 858,2.004,1552.0,0.04888,6354.0,F,0.4112525213457131,0.8877463674853594,0.8846460544985778,0.11274127872543573,0.04636513513557525,0.885 +/- 0.113
453,Kepler-1481 b,Kepler-1481,1.23,797.0,0.059,4908.0,K,0.0033263926172281,0.8875053930192308,0.8846252765457753,0.0186349794169699,6.198725795480627e-05,0.885 +/- 0.019
454,Kepler-167 d,Kepler-167,1.238,538.0,0.1404,4884.0,K,0.0102908133344607,0.9030664591340491,0.8846046180466368,0.03896560867105425,0.00040098780529746256,0.885 +/- 0.039
455,K2-203 b,K2-203,1.26549392,738.4,0.0824,5026.0,K,0.0587290509312711,0.9071158206608432,0.884523649672237,0.06212382018374704,0.0036484729996164077,0.885 +/- 0.062
456,TOI-1752 b,TOI-1752,1.693,1036.0,0.01624,3762.0,K,0.1103026045115176,0.9088885790160268,0.8840518972821184,0.06993939226552229,0.007714497124839798,0.884 +/- 0.070
457,Kepler-395 b,Kepler-395,1.03,576.0,0.061,4262.0,K,0.0047338321063032,0.8940344304013856,0.8838561237461162,0.025977670195116615,0.00012297392921659876,0.884 +/- 0.026
458,Kepler-102 d,Kepler-102,1.154,686.0,0.08618,4909.0,K,0.1065461518101718,0.9089217595821498,0.8837383489008054,0.04932211735123541,0.005255081802903836,0.884 +/- 0.049
459,Kepler-327 b,Kepler-327,1.11,682.0,0.029,3799.0,K,0.027269223431042,0.9059874072161797,0.8834457504336622,0.04848481974089765,0.001322143382528334,0.883 +/- 0.048
460,Kepler-1651 b,Kepler-1651,1.84,393.0,0.0692,3713.0,K,0.1644238122306374,0.9206007400807468,0.883217747739835,0.07984371636390185,0.013128208227214468,0.883 +/- 0.080
461,Kepler-296 f,Kepler-296,1.8,274.0,0.255,3740.0,K,0.0575189853899824,0.9992855071781344,0.8830096583140757,0.10566595955251636,0.00607779878371966,0.883 +/- 0.106
462,K2-65 b,K2-65,1.58,661.7791917200881,0.1014,5213.0,G,0.1618110649126965,0.9286839771814058,0.8829412620993607,0.08298332589128148,0.013427620332465596,0.883 +/- 0.083
463,K2-37 b,K2-37,1.39,949.0,0.05105,5352.0,G,0.0521843155091857,0.8920871384446554,0.8829005356827602,0.02835036215132378,0.0014794442433043568,0.883 +/- 0.028
464,tau Cet f,tau Cet,1.81,184.73975765230472,1.334,5310.0,G,0.2893832906591813,0.9257012218182246,0.8828627943773351,0.14738477583023005,0.04265069142281774,0.883 +/- 0.147
465,Kepler-1568 b,Kepler-1568,1.3,729.0,0.15157,5956.0,G,0.0002304773486359,0.8937967594450651,0.8827319395459874,0.018270716999292738,4.210986411673857e-06,0.883 +/- 0.018
466,Kepler-1253 b,Kepler-1253,1.33,501.0,0.31444,5850.0,G,0.0026342915862748,0.8995796194402808,0.8825536855688133,0.04679551250596602,0.00012327302486988347,0.883 +/- 0.047
467,K2-291 b,K2-291,1.589,1278.0,0.03261,5520.0,G,0.1318744365823078,0.921023509126855,0.8822519970458518,0.07154555361213245,0.009435029572569264,0.882 +/- 0.072
468,Kepler-1277 b,Kepler-1277,1.6,496.0,0.21857,5578.0,G,0.0016070142646659,0.8946500864799618,0.8822430382250669,0.031241258713698428,5.020514839903122e-05,0.882 +/- 0.031
469,HD 169830 c,HD 169830,12.6,220.4665678159099,3.075,6300.0,F,0.2059708130763805,0.9876916760922504,0.8821631060204305,0.17613272713721118,0.03627820101781165,0.882 +/- 0.176
470,Kepler-390 c,Kepler-390,0.79,630.0,0.101,5166.0,K,0.004036208542596,0.8899191846440516,0.8819907621684323,0.02874141910117247,0.00011600636130248416,0.882 +/- 0.029
471,Kepler-1965 b,Kepler-1965,1.35415138,492.0,0.22971,5852.0,G,0.0019784574195586,0.8960143277208327,0.8817650804597287,0.035272239421698486,6.978462378830672e-05,0.882 +/- 0.035
472,Kepler-271 b,Kepler-271,1.23,759.0,0.08784,5555.0,G,0.0057603396420233,0.8927628592436241,0.8815920219164481,0.022957739145029677,0.00013224437488834455,0.882 +/- 0.023
473,Kepler-1088 b,Kepler-1088,1.42,667.0,0.16163,5975.0,G,0.0196796647051764,0.8993224073615499,0.8814494272195221,0.03266909080140808,0.0006429167531946735,0.881 +/- 0.033
474,HD 207897 b,HD 207897,2.34302132,581.75,0.117,5106.0,K,0.4640361695257392,0.939871473566053,0.8814334397048909,0.09499132285252572,0.04407940959466885,0.881 +/- 0.095
475,TOI-663 d,TOI-663,1.92,482.0,0.0576,3681.0,M,0.1705927874281141,0.916496642303082,0.8814188547359335,0.0738772534874142,0.012602926599951351,0.881 +/- 0.074
476,Kepler-1156 b,Kepler-1156,1.32,787.0,0.09704,5778.0,G,0.000540007988894,0.890848078275901,0.8812966385539852,0.020437596579589188,1.1036465426770852e-05,0.881 +/- 0.020
477,Kepler-1265 b,Kepler-1265,1.35,732.0,0.0612,4630.0,K,0.0011227956807503,0.8917590682520917,0.8810838686191469,0.022760414663965903,2.555529527678671e-05,0.881 +/- 0.023
478,Kepler-1254 d,Kepler-1254,1.31,794.0,0.0575,4985.0,K,0.0008124864086695,0.8887968750785104,0.88085684171159,0.020885387067108782,1.6969093131827635e-05,0.881 +/- 0.021
479,HD 18015 b,HD 18015,13.1,222.2501310976108,3.87,5603.0,G,0.0869881997724738,0.9882537481449932,0.8796657005794545,0.20168275749021394,0.017544019999222116,0.880 +/- 0.202
480,K2-36 b,K2-36,1.43,1328.0,0.02288,4916.0,K,0.103246320192235,0.8985328495010285,0.8795920673561621,0.045116292325481984,0.004658091163323187,0.880 +/- 0.045
481,HD 10697 b,HD 10697,12.8,237.13369707005825,2.051,5641.0,G,0.2154173856213515,0.9892505415346652,0.879528025838418,0.17926752343915484,0.03861734122607708,0.880 +/- 0.179
482,Kepler-295 b,Kepler-295,1.22,741.0,0.099,5603.0,G,0.0003467665723655,0.8867190920910191,0.8790375051200232,0.02172662774003203,7.534068230472096e-06,0.879 +/- 0.022
483,Kepler-1418 b,Kepler-1418,1.66,419.0,0.131,4770.0,K,0.002613635225375,0.8935217106309772,0.878550900620665,0.02921529263265397,7.635811794434314e-05,0.879 +/- 0.029
484,Kepler-327 d,Kepler-327,1.73,387.0,0.09,3799.0,K,0.0279258463587365,0.901805743497057,0.8782836489381483,0.05731926339614568,0.0016006889429967131,0.878 +/- 0.057
485,HD 63433 b,HD 63433,2.14,967.11,0.072,5553.0,G,0.6722327710096592,0.9540220631931488,0.8782269108324842,0.10637723034429657,0.07151026032667929,0.878 +/- 0.106
486,HD 15337 b,HD 15337,1.77,1001.0,0.05245,5131.0,K,0.2362646865857681,0.9409459057657806,0.8782132840044468,0.1104031715261324,0.026084370718696466,0.878 +/- 0.110
487,Kepler-1600 b,Kepler-1600,3.13,209.0,0.98141,5214.0,G,0.001165231609849,0.9910441407479194,0.8781993801029385,0.15920339727253682,0.00018550883089730796,0.878 +/- 0.159
488,Kepler-647 b,Kepler-647,1.17,788.0,0.12237,6020.0,F,0.0002289179026852,0.8864080087733252,0.8779275709830576,0.023709810631026163,5.427600122717768e-06,0.878 +/- 0.024
489,HD 82943 b,HD 82943,13.5,261.72245915157686,1.18306,5935.0,G,0.2276661894217184,0.9229510082449516,0.8779110364918035,0.15025525922173683,0.03420804230758534,0.878 +/- 0.150
490,Kepler-1096 b,Kepler-1096,1.24,794.0,0.034,4306.0,K,0.0071902061002702,0.8896164799226114,0.8778793879210777,0.023104434329050814,0.0001661256446560334,0.878 +/- 0.023
491,Kepler-1450 b,Kepler-1450,1.71,308.0,0.2401,4524.0,K,0.0024927997516664,0.9028233951227383,0.8777942451401907,0.05076762351454161,0.00012655351928974261,0.878 +/- 0.051
492,Kepler-1218 b,Kepler-1218,1.44,684.0,0.15698,5986.0,G,0.0004591173297641,0.8855005480967356,0.8775405719457613,0.023941370593117052,1.0991898137604648e-05,0.878 +/- 0.024
493,Kepler-1263 b,Kepler-1263,1.14,907.0,0.0499,5213.0,G,0.0005444885675219,0.8866026540384498,0.8773059224935971,0.021021285381678512,1.144584956493919e-05,0.877 +/- 0.021
494,K2-229 b,K2-229,1.0,1818.0,0.0131,5315.0,G,0.110264618854539,0.9161728845897784,0.8772972504199339,0.051957676761618915,0.005729093424687248,0.877 +/- 0.052
495,TOI-2322 c,TOI-2322,1.874,496.8,0.1362,4664.0,K,0.1863238749949892,0.915444302430406,0.8772504234876374,0.08798016189005678,0.016392804686041852,0.877 +/- 0.088
496,Kepler-1446 b,Kepler-1446,0.82,1539.0,0.01405,4865.0,K,0.0661523548009226,0.8945039914555841,0.8771571452557515,0.04023796477962894,0.002661836122569041,0.877 +/- 0.040
497,K2-32 e,K2-32,1.212,1066.0,0.04899,5271.0,G,0.0645212094564723,0.9029943835126736,0.8769117116448016,0.05236824615729531,0.0033788625791829514,0.877 +/- 0.052
498,HD 20794 f,HD 20794,2.28,196.21550817030567,1.3541,5368.0,G,0.2825215058682385,0.9954139091662164,0.8767633397150791,0.12237274246829635,0.034572931479369226,0.877 +/- 0.122
499,Kepler-777 b,Kepler-777,1.47,569.0,0.0519,4043.0,K,0.0040146283084374,0.8838459477253284,0.8767545867743102,0.029531823071254213,0.00011855929290162188,0.877 +/- 0.030
500,Kepler-390 b,Kepler-390,0.82,786.0,0.065,5166.0,K,0.0040068170684122,0.878418507252093,0.8765630510374595,0.022757104606926398,9.118355516667459e-05,0.877 +/- 0.023
501,Kepler-1406 b,Kepler-1406,1.1,854.0,0.0987,5892.0,G,0.0011732948076089,0.8929950734615327,0.8765330352374502,0.024771236919593834,2.9063963655809327e-05,0.877 +/- 0.025
502,Kepler-898 b,Kepler-898,1.49,616.0,0.0545,4223.0,K,0.0027067764695504,0.8898796543112265,0.8763634409957738,0.026898818497836433,7.28090889686507e-05,0.876 +/- 0.027
503,Kepler-1599 b,Kepler-1599,1.62,407.0,0.4823,5767.0,G,0.0004186121144047,0.8987666763706244,0.8763508758044242,0.062110088263997935,2.600003537405472e-05,0.876 +/- 0.062
504,Kepler-1505 b,Kepler-1505,0.93,525.0,0.18298,5686.0,G,0.0025790687896041,0.885606775763479,0.8763186957307092,0.030668362559252333,7.909581670483061e-05,0.876 +/- 0.031
505,Kepler-901 b,Kepler-901,1.37,704.0,0.0378,4184.0,K,0.0243497471155599,0.8948162930748194,0.8761450968479484,0.04491908849080738,0.001093768445412617,0.876 +/- 0.045
506,Kepler-1855 b,Kepler-1855,1.216205,849.0,0.0115,3460.0,M,0.008368128177348,0.8904263364086286,0.8759689984224623,0.041893112166321925,0.0003505669323557988,0.876 +/- 0.042
507,Kepler-1389 b,Kepler-1389,1.77,300.0,0.38249,5078.0,K,0.0028342144283186,0.8768953948427494,0.8759592971427904,0.062371006747235114,0.0001767728072317705,0.876 +/- 0.062
508,Kepler-303 b,Kepler-303,0.89,802.0,0.024,3944.0,K,0.0373008888045877,0.8706418941807723,0.8758860881824284,0.03474015398142737,0.0012958386207154772,0.876 +/- 0.035
509,HD 141399 d,HD 141399,13.7,201.23094947133063,2.09,5600.0,G,0.2071852819196858,0.973439290362398,0.8757726618986671,0.18200610298204087,0.0377089857574375,0.876 +/- 0.182
510,Kepler-120 c,Kepler-120,1.53,455.0,0.088,4096.0,K,0.0072441606384309,0.8999166929981393,0.8757493454661648,0.053768220297887435,0.0003895056250804375,0.876 +/- 0.054
511,HD 564 b,HD 564,12.5,238.82181034990265,1.2,5902.0,G,0.1798500547669534,0.978208832485847,0.8757108623042174,0.1841972501248236,0.03312788552287174,0.876 +/- 0.184
512,Kepler-68 c,Kepler-68,0.979,1052.0,0.09008,5847.0,G,0.0730934320578757,0.9061245292697424,0.8753354241463391,0.05128399965195507,0.0037485235442162993,0.875 +/- 0.051
513,HD 147513 b,HD 147513,13.7,223.57829386825907,1.32,5883.0,G,0.2636837516486147,0.991969537760496,0.875322034592997,0.180446642364274,0.04758084763100762,0.875 +/- 0.180
514,Kepler-1332 b,Kepler-1332,1.37,728.0,0.09915,5581.0,G,0.0018525398768206,0.884573686688408,0.875253536016138,0.023856753975314348,4.41955880707682e-05,0.875 +/- 0.024
515,Kepler-1570 b,Kepler-1570,1.07,836.0,0.16699,5550.0,G,0.0004251817894752,0.893255452277934,0.8751450387628343,0.04061868686773933,1.7270325968558216e-05,0.875 +/- 0.041
516,Kepler-1506 b,Kepler-1506,1.32,783.0,0.1168,5676.0,G,0.0001481070393166,0.8884373046235485,0.8750126089856393,0.02973056391716842,4.403305798984752e-06,0.875 +/- 0.030
517,Kepler-225 b,Kepler-225,1.2,579.0,0.056,3682.0,M,0.0015260643866532,0.8956497972695212,0.8749824046142045,0.03908531870468309,5.964671291620705e-05,0.875 +/- 0.039
518,Kepler-1564 b,Kepler-1564,1.47,635.0,0.1327,5528.0,G,0.0002994837372612,0.8902814255185174,0.8748881608652043,0.02840988163485353,8.508297527154266e-06,0.875 +/- 0.028
519,Kepler-935 b,Kepler-935,1.35,879.0,0.0527,4830.0,K,0.0030242198833541,0.880102269402512,0.8747611814813867,0.0195951705816093,5.926010449061817e-05,0.875 +/- 0.020
520,Kepler-1466 b,Kepler-1466,1.55,585.0,0.17981,5884.0,G,0.0008645619653556,0.8849070498596312,0.8746920470504157,0.026212968248945527,2.2662735347112284e-05,0.875 +/- 0.026
521,Kepler-1437 b,Kepler-1437,1.37,770.0,0.0951,5557.0,G,0.0001411281139069,0.8882014896419969,0.874688655832681,0.025441934793395744,3.590572271534277e-06,0.875 +/- 0.025
522,TOI-1075 b,TOI-1075,1.791,1323.0,0.01159,3875.0,K,0.1722160636253868,0.9289006526560176,0.874663813540163,0.09975968402795686,0.017180220091807103,0.875 +/- 0.100
523,Kepler-137 b,Kepler-137,1.47,742.0,0.077,5187.0,K,0.0157721405615708,0.8961026003298975,0.8745249757070511,0.03785306232997657,0.0005970238197542912,0.875 +/- 0.038
524,Kepler-1194 b,Kepler-1194,1.51,676.0,0.1212,5590.0,G,0.0004904926266724,0.8847255339525277,0.8745046868827088,0.023304184974382053,1.1430530900544129e-05,0.875 +/- 0.023
525,HD 38529 c,HD 38529,12.5,236.5034924422879,3.226,5697.0,G,0.1964178886783448,0.9895857313273873,0.8743395355267919,0.1851492366351713,0.036366622150287596,0.874 +/- 0.185
526,Kepler-1301 b,Kepler-1301,1.4,734.0,0.0815,5188.0,K,0.0002566411037954,0.8892441417993153,0.8742582111341496,0.023120882434490186,5.933768788711236e-06,0.874 +/- 0.023
527,Kepler-1166 b,Kepler-1166,1.69,486.0,0.1975,5446.0,G,0.0009785275102315,0.8879617617456299,0.8742354145797301,0.03514051479219211,3.438596044785694e-05,0.874 +/- 0.035
528,K2-158 c,K2-158,1.28,948.0,0.0622,5503.0,G,0.0436803177753398,0.889117718344341,0.8742151774771177,0.025284129111346202,0.001104418794256322,0.874 +/- 0.025
529,Kepler-1498 b,Kepler-1498,1.33,564.0,0.2528,5256.0,G,0.0004932340860237,0.9029031205883612,0.8740694685935101,0.04961983898628207,2.4474195931041997e-05,0.874 +/- 0.050
530,Kepler-174 d,Kepler-174,2.19,212.0,0.677,4880.0,K,0.0093432821910909,0.9959199028783098,0.8739701764155876,0.12705121696541014,0.0011870753728293426,0.874 +/- 0.127
531,Kepler-1966 b,Kepler-1966,1.10479327,733.0,0.0763,5009.0,K,0.0025162649052392,0.8973477480711848,0.8739403387332103,0.04884961520805666,0.00012291857238247206,0.874 +/- 0.049
532,Kepler-399 b,Kepler-399,0.96,773.0,0.103,5502.0,G,0.0004515260847443,0.8903433301552531,0.873925820645369,0.034785612051463126,1.5706611215031284e-05,0.874 +/- 0.035
533,HD 224538 b,HD 224538,12.7,216.54565077888128,2.375,6097.0,F,0.1360706824544601,0.9909234133124162,0.8738849852029816,0.20624135449345696,0.02806340185625692,0.874 +/- 0.206
534,K2-155 d,K2-155,1.9,381.0,0.1937,4258.0,K,0.1554497190472961,0.9135335549005869,0.8738193360980279,0.08729960209407663,0.013570698618464954,0.874 +/- 0.087
535,Kepler-352 b,Kepler-352,0.86,694.0,0.085,5212.0,G,0.0244973153687494,0.8919280358234172,0.8735530465139305,0.04882857651768431,0.001196169037960824,0.874 +/- 0.049
536,Kepler-1117 b,Kepler-1117,1.11,938.0,0.05485,5612.0,G,0.0012114270708529,0.8855292502566207,0.8735115056213489,0.019570667046511104,2.3708435854792325e-05,0.874 +/- 0.020
537,Kepler-1019 b,Kepler-1019,1.46,1164.0,0.0221,4433.0,K,0.0439517872564763,0.895407535245169,0.8734900703397066,0.0576711242217428,0.0025347489826358567,0.873 +/- 0.058
538,Kepler-330 b,Kepler-330,1.35,714.0,0.075,5117.0,K,0.0004605819849211,0.881457795559273,0.8733375842772377,0.026242592859142738,1.2086865508540247e-05,0.873 +/- 0.026
539,Kepler-431 d,Kepler-431,1.11,856.0,0.1045,6004.0,F,0.0026692711983734,0.891316591477676,0.873236318906161,0.02807010242653992,7.49267159425543e-05,0.873 +/- 0.028
540,K2-58 d,K2-58,1.71,568.4590427512829,0.1517,5413.0,G,0.0520758987618584,0.8937060180037011,0.8730972477766229,0.05690834822759365,0.0029635533810047506,0.873 +/- 0.057
541,Kepler-1653 b,Kepler-1653,2.17,284.0,0.4706,4807.0,K,0.0008000199397268,0.970450512017257,0.8727079964122364,0.13058527702124872,0.00010447082545174688,0.873 +/- 0.131
542,Kepler-163 b,Kepler-163,1.05,906.0,0.078,5776.0,G,0.0004517942917558,0.8858827429164321,0.8723041844336753,0.02276583719163718,1.0285475290223571e-05,0.872 +/- 0.023
543,Kepler-1081 b,Kepler-1081,1.01,972.0,0.04662,5345.0,G,0.0047037714762325,0.8915011960397025,0.872140334092295,0.024456995390257644,0.00011504011731104366,0.872 +/- 0.024
544,HD 128356 b,HD 128356,13.9,212.53437081325237,0.87,4875.0,K,0.2309576763927679,0.9871266128985106,0.8718489748216861,0.1856947794281195,0.042887634774986035,0.872 +/- 0.186
545,Kepler-1390 b,Kepler-1390,1.18,934.0,0.0662,5753.0,G,0.0003823912253389,0.8800961077980665,0.8717542046003134,0.01657279312211033,6.337290669251864e-06,0.872 +/- 0.017
546,TOI-1266 c,TOI-1266,1.98,346.0,0.105,3563.0,M,0.2361297601374276,0.9321541597352218,0.8716092781498407,0.09685101017200969,0.02286940580098421,0.872 +/- 0.097
547,Kepler-1553 b,Kepler-1553,1.15,926.0,0.0481,5288.0,G,0.0004487578483043,0.8818956881511824,0.8716018703901632,0.023272778192791204,1.0443841865860217e-05,0.872 +/- 0.023
548,Kepler-1541 b,Kepler-1541,1.16,1048.0,0.07555,5282.0,G,0.0049674981817676,0.8788798564004627,0.8715052564548665,0.02829221163506629,0.00014054150985537593,0.872 +/- 0.028
549,Kepler-1955 b,Kepler-1955,1.16654878,853.0,0.11959,5825.0,G,0.003664596229334,0.8861554900055226,0.8714842745965983,0.026529573382968415,9.72201745850657e-05,0.871 +/- 0.027
550,55 Cnc e,55 Cnc,1.875,1958.0,0.01544,5172.0,K,0.7646586140516781,0.9694687153152886,0.8711207451713272,0.12600360510926537,0.0963497420483658,0.871 +/- 0.126
551,Kepler-1619 b,Kepler-1619,0.76,797.0,0.15413,5852.0,G,0.0003718394131135,0.8732955010247626,0.8710329220484404,0.020146331382284173,7.491200037578634e-06,0.871 +/- 0.020
552,HD 34445 f,HD 34445,6.88,243.431390869097,1.543,5836.0,G,0.1892133992473182,0.9764200343663362,0.8709783055604792,0.1619796455252878,0.030648719338715356,0.871 +/- 0.162
553,K2-279 b,K2-279,1.21,879.0,0.067,5558.0,G,0.050278913989459,0.8649196065862267,0.8708034507102269,0.03090979252973162,0.0015541108000343986,0.871 +/- 0.031
554,K2-316 c,K2-316,1.83,423.0,0.0582,3436.0,M,0.1000111311310251,0.8609528196566687,0.8706858708454507,0.060855334436423665,0.006086210832343554,0.871 +/- 0.061
555,Kepler-37 c,Kepler-37,0.755,615.0,0.139,5357.0,G,0.1647870969492327,0.918204880596622,0.8706647743571762,0.08070340836113822,0.0132988803777404,0.871 +/- 0.081
556,Kepler-1391 b,Kepler-1391,1.68,513.0,0.30045,5840.0,G,0.0004882951289541,0.8844844665329651,0.8705575786899592,0.032614818181799836,1.5925656849896476e-05,0.871 +/- 0.033
557,Kepler-776 b,Kepler-776,1.28,904.0,0.0523,5071.0,K,0.0003920849109517,0.8801922335407675,0.8705191128534001,0.025627236614250946,1.0048052785836728e-05,0.871 +/- 0.026
558,HR 858 d,HR 858,2.001,1061.0,0.1046,6354.0,F,0.4361630624328979,0.9243790667177304,0.8702464520708321,0.10365110915253443,0.04520878519253599,0.870 +/- 0.104
559,Kepler-1492 b,Kepler-1492,1.49,801.0,0.1262,4712.0,K,0.0114417272875782,0.8679621691352183,0.8702181468932849,0.04014922963272356,0.0004593765362639764,0.870 +/- 0.040
560,Kepler-2000 c,Kepler-2000,1.57,359.0,0.1228,3757.0,K,0.0131158994173761,0.875038826080656,0.8698789385319127,0.06586293454777378,0.0008638516248618264,0.870 +/- 0.066
561,HD 141937 b,HD 141937,11.9,214.54371729350447,1.5,5870.0,G,0.2148973505158952,0.9841223619700036,0.8697213919403102,0.1911841985313187,0.04108497772488529,0.870 +/- 0.191
562,K2-35 b,K2-35,1.32,979.0,0.031,4402.71,K,0.0248098476467788,0.8891869441408532,0.8695892245666486,0.03974217344789614,0.000985997268394161,0.870 +/- 0.040
563,HD 235088 b,HD 235088,1.982,805.0,0.0706,5075.0,K,0.2841675097182414,0.9328457399727308,0.8695427674989505,0.1079933418993499,0.03068819903368888,0.870 +/- 0.108
564,HD 34445 b,HD 34445,13.9,211.7203229361845,2.07,5879.0,G,0.1892133992473182,0.980343134633986,0.8693947882563503,0.1873383359434233,0.035446923353191176,0.869 +/- 0.187
565,Kepler-20 f,Kepler-20,0.952,681.0,0.1387,5495.0,G,0.0184223616939117,0.8860142318833876,0.8693502934219413,0.05000895426016225,0.0009212830433149953,0.869 +/- 0.050
566,Kepler-1366 b,Kepler-1366,1.43,783.0,0.0273,4070.0,K,0.0031930389584571,0.881919518783167,0.8693062568395241,0.032252702319180516,0.00010298413502066305,0.869 +/- 0.032
567,Kepler-1860 b,Kepler-1860,1.13863767,697.0,0.10625,5420.0,G,0.0039860631501156,0.8739108452769727,0.8692678708118082,0.030826260059934125,0.00012287541928078372,0.869 +/- 0.031
568,Kepler-1254 c,Kepler-1254,1.3,927.0,0.0422,4985.0,K,0.0007972619158472,0.8771611671909995,0.8687553513845925,0.02192360164241467,1.7478852647702342e-05,0.869 +/- 0.022
569,Kepler-1540 b,Kepler-1540,2.49,266.0,0.4426,4540.0,K,0.0285146522080865,0.994801885333649,0.8684707718076268,0.15593615973350647,0.00444646536146556,0.868 +/- 0.156
570,Kepler-123 c,Kepler-123,1.48,706.0,0.181,6089.0,F,0.0002116622322801,0.8825522810880495,0.8681925183068571,0.031198753041514534,6.603597713122525e-06,0.868 +/- 0.031
571,Kepler-1577 b,Kepler-1577,1.13,1125.0,0.0657,4862.0,K,0.0020248078379892,0.8679925583044792,0.8679674396421594,0.03856474052609662,7.808618888726019e-05,0.868 +/- 0.039
572,Kepler-1987 c,Kepler-1987,1.33,860.0,0.0427,4769.0,K,0.0010374309503227,0.8830190254602996,0.8678469399067338,0.027162380345417018,2.8179094054772606e-05,0.868 +/- 0.027
573,Kepler-236 b,Kepler-236,1.57,469.0,0.065,3750.0,K,0.0174179403099483,0.8791079455346058,0.867716319285553,0.05922193410208397,0.0010315241132297902,0.868 +/- 0.059
574,Kepler-804 c,Kepler-804,1.14,890.0,0.08654,5817.0,G,0.0006531974922801,0.8878084973240778,0.8676612719427317,0.02643609409201523,1.7267990366585116e-05,0.868 +/- 0.026
575,Kepler-1500 b,Kepler-1500,1.2,928.0,0.1236,5845.0,G,0.0001546564395304,0.8747412516705758,0.8676429729112676,0.025796337793380995,3.9895697560478005e-06,0.868 +/- 0.026
576,TOI-1736 c,TOI-1736,12.5,249.0,1.37,5636.0,G,0.1232605582608547,0.9725606514567836,0.8673812146403657,0.17547205053188267,0.021628782907736763,0.867 +/- 0.175
577,Kepler-1620 b,Kepler-1620,1.61,428.0,0.4322,6157.0,F,0.0004224673045848,0.8883626215931293,0.8672649899116706,0.05947988668905952,2.51283074065363e-05,0.867 +/- 0.059
578,Kepler-377 b,Kepler-377,1.39,875.0,0.109,5949.0,G,0.0003347954756676,0.8761581837875947,0.8668452707018696,0.02066671595949583,6.919123000146587e-06,0.867 +/- 0.021
579,Kepler-1869 b,Kepler-1869,1.11955354,865.0,0.07976,5808.0,G,0.1008117540173843,0.921913600386159,0.8668071529628159,0.06536549197598246,0.006589609898308051,0.867 +/- 0.065
580,Kepler-316 b,Kepler-316,1.06,837.0,0.027,4204.0,K,0.0067466207707944,0.8817306053131745,0.8665714244230708,0.03891926256154283,0.0002625735051817057,0.867 +/- 0.039
581,Kepler-271 c,Kepler-271,0.95,850.0,0.06993,5555.0,G,0.0055467176306049,0.8928854935547854,0.8664707673910429,0.02752008484066398,0.00015264613978145354,0.866 +/- 0.028
582,Kepler-1029 b,Kepler-1029,1.26,790.0,0.047,5030.0,K,0.0080249851991302,0.8949717151365102,0.8664544917024399,0.0360407226173321,0.00028922626557004714,0.866 +/- 0.036
583,TOI-178 b,TOI-178,1.2,1040.0,0.02607,4316.0,K,0.1658105635498755,0.9224800340818624,0.8662519372969639,0.09631965668217492,0.015970816555401956,0.866 +/- 0.096
584,KOI-1831 d,Kepler-324,1.13,475.0,0.19924,5233.0,G,0.0023445300473528,0.8609279359917381,0.8662398706185814,0.046642296695992645,0.00010935426608129899,0.866 +/- 0.047
585,Kepler-1380 b,Kepler-1380,1.43,786.0,0.0917,5570.0,G,0.0001497935637779,0.8784277770499673,0.8661745479909567,0.04052662620960321,6.070627767831312e-06,0.866 +/- 0.041
586,Kepler-334 d,Kepler-334,1.41,656.0,0.168,5828.0,G,0.0048569818976276,0.8850111500888288,0.8661678830755964,0.04521381528493245,0.000219602682361595,0.866 +/- 0.045
587,Kepler-399 c,Kepler-399,1.43,630.0,0.155,5502.0,G,0.0007099743458323,0.8874710327779594,0.8660370157302627,0.040313354287291076,2.862144733842523e-05,0.866 +/- 0.040
588,DMPP-1 e,DMPP-1,1.86,1314.0,0.0651,6196.0,F,0.1605161362109138,0.8733516791104285,0.8659696464487103,0.07163966923908696,0.011499322905686093,0.866 +/- 0.072
589,Kepler-1617 b,Kepler-1617,1.2,736.0,0.17707,6167.0,F,0.0002561129222867,0.8828568132230339,0.8659566029732453,0.03358848317113255,8.6024445801364e-06,0.866 +/- 0.034
590,Kepler-882 b,Kepler-882,1.23,903.0,0.04741,5476.0,G,0.0021551032606426,0.8820101992124058,0.8657887738380801,0.02788491076044058,6.0094862102553425e-05,0.866 +/- 0.028
591,Kepler-1367 b,Kepler-1367,0.92,998.0,0.0236,4106.0,K,0.0055882583754688,0.8795152631215394,0.8657438643857919,0.0278890970385061,0.00015585148010969382,0.866 +/- 0.028
592,Kepler-1689 b,Kepler-1689,0.94678642,879.0,0.0784,5731.43,G,0.0162119783296067,0.8835865261777426,0.8657362288128223,0.029343662188096118,0.0004757188155047138,0.866 +/- 0.029
593,Kepler-1420 b,Kepler-1420,1.28,806.0,0.0671,5187.0,K,0.0001593286834483,0.8873310868564864,0.8656518126302695,0.048573512263559854,7.739153759412846e-06,0.866 +/- 0.049
594,Kepler-907 b,Kepler-907,1.2,879.0,0.1225,6106.0,F,0.0096859809443091,0.8888968705704154,0.8654316295998772,0.0392337216252599,0.0003800170800365952,0.865 +/- 0.039
595,Kepler-1376 b,Kepler-1376,1.05,1042.0,0.0598,5659.0,G,0.0001748941762985,0.880802261788425,0.8653319631979688,0.02586775504458864,4.524119711214699e-06,0.865 +/- 0.026
596,HD 110067 e,HD 110067,1.94,533.0,0.1785,5266.0,G,0.2174997007479289,0.9128247633522548,0.8651280967352073,0.09575597577574484,0.02082689607605043,0.865 +/- 0.096
597,Kepler-352 d,Kepler-352,0.80628032,788.0,0.06574,5208.0,G,0.0242308865524654,0.8754897958455218,0.865014346559718,0.04320047037690411,0.0010467856967159056,0.865 +/- 0.043
598,K2-199 b,K2-199,1.73,913.0,0.0382,4491.0,K,0.1094181464368146,0.923483608439288,0.8649812175530527,0.09492803771762925,0.010386849931947018,0.865 +/- 0.095
599,Kepler-1576 b,Kepler-1576,1.04,1059.0,0.07211,5876.0,G,0.0031884336862045,0.8810537670085871,0.8646904056823171,0.02695503606428147,8.594434500021221e-05,0.865 +/- 0.027
600,TOI-521 b,TOI-521,1.98,794.0,0.0195,3544.0,M,0.1723773937320444,0.9038940362012668,0.8642926864750433,0.08193842854234874,0.014124332758629433,0.864 +/- 0.082
601,Kepler-1464 b,Kepler-1464,1.66,564.0,0.20066,5828.0,G,0.0005401171836412,0.875809556304767,0.8641019912037964,0.029388794937036427,1.5873393152000873e-05,0.864 +/- 0.029
602,Kepler-1869 c,Kepler-1869,0.74,1455.0,0.028,5808.0,G,0.0986482944216449,0.9039814510233084,0.8640789171493201,0.05468700497834939,0.005394779768142171,0.864 +/- 0.055
603,Kepler-1335 b,Kepler-1335,1.45,809.0,0.0615,4903.0,K,0.000885097199421,0.876710606201117,0.8639562092772278,0.028525582824938073,2.5247913470204464e-05,0.864 +/- 0.029
604,Kepler-615 b,Kepler-615,1.74,620.0,0.085,4655.0,K,0.0121542929896144,0.8742246836364447,0.8637946334315325,0.034963423200096024,0.00042495568949384854,0.864 +/- 0.035
605,Kepler-755 c,Kepler-755,1.26,1016.0,0.037,5043.0,K,0.0059372854541737,0.8797349466317207,0.8637678980976176,0.025956816104368625,0.0001541130266931295,0.864 +/- 0.026
606,Kepler-1007 b,Kepler-1007,1.44,652.0,0.048,4587.0,K,0.0083292285884885,0.8980021064240294,0.8637677069512445,0.03440805095628327,0.0002865925216992437,0.864 +/- 0.034
607,HD 39194 b,HD 39194,1.99,837.0860541218394,0.05895,5205.0,G,0.2303618825136961,0.8768656445283916,0.8636629758377439,0.07425613477325942,0.01710578299455877,0.864 +/- 0.074
608,Kepler-1064 b,Kepler-1064,1.55,570.0,0.1183,5153.0,K,0.0078435364642622,0.8943183323299148,0.8636223003582557,0.048427927182343504,0.0003798462127433458,0.864 +/- 0.048
609,Kepler-795 b,Kepler-795,1.68,580.0,0.1803,5631.0,G,0.0031272823862457,0.8710562935976054,0.8635258509886053,0.04034439911543355,0.00012616832873736192,0.864 +/- 0.040
610,K2-80 c,K2-80,1.47,916.895707228769,0.0596,5441.0,G,0.0422552622993397,0.8743855788206996,0.863519137606974,0.03452835241533306,0.001459004588073938,0.864 +/- 0.035
611,HD 111998 b,HD 111998,12.9,251.9864674286366,1.91,6557.0,F,0.2151951895522823,0.9839333343376724,0.8631121675702633,0.1790346660997637,0.038527398907768226,0.863 +/- 0.179
612,Kepler-1226 b,Kepler-1226,1.45,809.0,0.13945,5923.0,G,0.0003408939444863,0.8660053491881865,0.8629803157225494,0.020738500634031206,7.0696292838665304e-06,0.863 +/- 0.021
613,Kepler-192 d,Kepler-192,1.02,926.0,0.0686,5487.0,G,0.0006094945471686,0.874171781410141,0.8628145023713066,0.026579942339950136,1.6200329920255406e-05,0.863 +/- 0.027
614,HD 45350 b,HD 45350,13.5,199.22460896708608,1.92,5566.0,G,0.1877383944069542,0.9739845269617488,0.8626765034319752,0.20877522325497258,0.03919512520584196,0.863 +/- 0.209
615,Kepler-310 b,Kepler-310,1.19,665.0,0.111,5797.0,G,0.0009305906040698,0.8688851077896556,0.8626452365946263,0.026586312004091023,2.4740972147875238e-05,0.863 +/- 0.027
616,Kepler-1445 b,Kepler-1445,0.96,987.0,0.09587,6150.0,F,0.0022104565457182,0.8796382442558122,0.8626401696360769,0.023930046848802032,5.2896328696277644e-05,0.863 +/- 0.024
617,Kepler-195 c,Kepler-195,1.55,469.0,0.197,5329.0,G,0.0009159310230916,0.878092781110459,0.8625242452860667,0.03312397024950688,3.033927195948656e-05,0.863 +/- 0.033
618,Kepler-1587 b,Kepler-1587,1.33,981.0,0.08747,5933.0,G,0.0001392984681254,0.8736314656811394,0.8622308630902488,0.026374625972730086,3.673944995381689e-06,0.862 +/- 0.026
619,Kepler-1365 b,Kepler-1365,0.92,969.0,0.07839,5770.0,G,0.0002512297219357,0.875546177221003,0.8621439123042529,0.02204201568345462,5.537609471056643e-06,0.862 +/- 0.022
620,Kepler-1962 b,Kepler-1962,1.21463929,901.0,0.0783,5700.0,G,0.0001710415948789,0.8728469953707889,0.8620992908776721,0.024690365630326443,4.223079515554212e-06,0.862 +/- 0.025
621,Kepler-1464 c,Kepler-1464,1.0,1023.0,0.06101,5828.0,G,0.0001465406599716,0.8784178302258675,0.8620873176023741,0.02253672248067359,3.3025461859147023e-06,0.862 +/- 0.023
622,47 UMa b,47 UMa,13.2,196.8667511150639,2.1,5872.0,G,0.2613382315430833,0.9743052167399904,0.8620581485410815,0.1655506778563297,0.04326472138173188,0.862 +/- 0.166
623,Kepler-1276 b,Kepler-1276,1.19,886.0,0.10863,6188.0,F,0.0016982172640333,0.8710330504587439,0.8617939646035967,0.022516945076237898,3.8238664861756804e-05,0.862 +/- 0.023
624,Kepler-235 c,Kepler-235,1.28,555.0,0.065,4255.0,K,0.0045426946521385,0.8488259694824954,0.8616652202832753,0.03275287317637489,0.00014878630182048875,0.862 +/- 0.033
625,Kepler-329 b,Kepler-329,1.4,547.0,0.061,4257.0,K,0.0041209111336244,0.8490149465691889,0.8615059770354052,0.026654432713308737,0.0001098405485287164,0.862 +/- 0.027
626,Kepler-1231 b,Kepler-1231,1.42,870.0,0.0914,5778.0,G,0.0002288900903252,0.8691347226804277,0.8614845622098265,0.02786640507105118,6.378343973751515e-06,0.861 +/- 0.028
627,Kepler-208 d,Kepler-208,1.2,999.0,0.103,6092.0,F,0.0003202717046872,0.872555993905359,0.8614410022339727,0.02183555044338845,6.9933089632873644e-06,0.861 +/- 0.022
628,Kepler-409 b,Kepler-409,1.199,438.0,0.3192,5421.0,G,0.1614670988186974,0.906298121393375,0.861316654124722,0.10973585219098557,0.017718729689675836,0.861 +/- 0.110
629,Kepler-831 b,Kepler-831,1.27,992.0,0.05984,5732.0,G,0.0010713146253813,0.8717591122045646,0.8609994929271668,0.023602605046536836,2.528581598345339e-05,0.861 +/- 0.024
630,Kepler-1595 b,Kepler-1595,1.23,980.0,0.051,5203.0,G,0.0002122537486332,0.8722007180042434,0.8608848837957572,0.02748472324576353,5.833735539059361e-06,0.861 +/- 0.027
631,Kepler-162 b,Kepler-162,1.26,961.0,0.069,5816.0,G,0.0002782741910745,0.8714792549506508,0.8608508053361014,0.0272958451770793,7.595729236346534e-06,0.861 +/- 0.027
632,Kepler-134 c,Kepler-134,1.26,892.0,0.092,5983.0,G,0.0110126073864643,0.8750168510571498,0.8606561199385211,0.027449902121776296,0.0003022949948639957,0.861 +/- 0.027
633,GJ 3998 d,GJ 3998,2.34,267.30166732552215,0.189,3726.0,K,0.2502157322257616,0.9670552100072652,0.8605470245585726,0.12710523572793267,0.03180372962739271,0.861 +/- 0.127
634,Kepler-400 c,Kepler-400,1.49,755.0,0.134,5886.0,G,0.0003766980736019,0.8654393832297046,0.8603242072413388,0.01724571967154384,6.4964293781489565e-06,0.860 +/- 0.017
635,Kepler-1623 b,Kepler-1623,1.31,1000.0,0.0518,5772.0,G,0.0002020863381693,0.8719023278487732,0.8602269252297376,0.02345852618519032,4.74064765561375e-06,0.860 +/- 0.023
636,HD 63765 b,HD 63765,14.2,225.83780514850164,0.94,5449.0,G,0.2166767203274147,0.9820119290883156,0.8601708028478459,0.1875990572048503,0.040648348451662014,0.860 +/- 0.188
637,Kepler-1414 b,Kepler-1414,1.23,1033.0,0.0426,4951.0,K,0.0012072376505727,0.8679086626202768,0.8600635612217233,0.02239725509819063,2.7038809624017084e-05,0.860 +/- 0.022
638,TOI-1739 b,TOI-1739,1.946,755.55,0.073872,4814.0,K,0.1604397505745984,0.8906181257266109,0.8600630461914551,0.06980422199196279,0.011199371965444405,0.860 +/- 0.070
639,Kepler-1179 b,Kepler-1179,1.32,1137.0,0.03497,5212.0,G,0.0050060747926556,0.8696178914460694,0.859844812273137,0.023542603150732488,0.00011785603218637622,0.860 +/- 0.024
640,Kepler-1142 b,Kepler-1142,1.47,902.0,0.1343,5685.0,G,0.0003448556486986,0.8607868882456795,0.8598221156800224,0.02179442670742027,7.515931160201511e-06,0.860 +/- 0.022
641,Kepler-1826 b,Kepler-1826,1.47519116,806.0,0.0213,3821.0,K,0.0106805232757756,0.8595227728977058,0.8597609969029594,0.038927529839938003,0.00041576638852390703,0.860 +/- 0.039
642,K2-216 b,K2-216,1.75,1103.0,0.028,4503.0,K,0.0992438078949399,0.9153519536107912,0.8597438379937362,0.0894744262045851,0.00887978276575782,0.860 +/- 0.089
643,HD 224018 b,HD 224018,0.91,968.0,0.0952,5784.0,G,0.1044786218267914,0.8922136383888941,0.859701519411732,0.08513021066400163,0.00889428708599931,0.860 +/- 0.085
644,Kepler-1386 b,Kepler-1386,1.24,1011.0,0.068,5733.0,G,0.0002474971168586,0.8639766838594352,0.8591787965333085,0.021629252147541602,5.353177546324229e-06,0.859 +/- 0.022
645,Kepler-1203 b,Kepler-1203,1.06,1188.0,0.0114,4105.0,K,0.0128987887145855,0.8793327084828018,0.8590214555457487,0.04059482763742042,0.0005236241046001021,0.859 +/- 0.041
646,Kepler-1635 b,Kepler-1635,3.64,200.0,1.12664,5347.0,G,0.0011491326359215,0.9818597466709448,0.8589800158203666,0.1795972848040707,0.0002063811012912461,0.859 +/- 0.180
647,Kepler-1493 b,Kepler-1493,1.41,874.0,0.1197,5863.0,G,0.0015465473654266,0.864155430875952,0.8589184863295691,0.021964603623943545,3.396929986724944e-05,0.859 +/- 0.022
648,Kepler-1126 b,Kepler-1126,1.73,374.0,0.41251,5798.0,G,0.0011904086815828,0.8809408222394911,0.8587088876503496,0.049836860025147964,5.9326230836762934e-05,0.859 +/- 0.050
649,Kepler-124 d,Kepler-124,1.11,428.0,0.17,4984.0,K,0.0050085215151645,0.8561528957937885,0.8585376513004074,0.0397895039600153,0.0001992865866614597,0.859 +/- 0.040
650,Kepler-1215 b,Kepler-1215,1.22,1046.0,0.0528,5616.0,G,0.0005643264807716,0.8666819814132796,0.8584180796292166,0.025429153689841864,1.4350344810788606e-05,0.858 +/- 0.025
651,Kepler-1593 b,Kepler-1593,3.17,260.0,0.55494,4995.0,K,0.0017794117204954,0.9798863241495188,0.858075744433253,0.19199496890985585,0.0003416380979543474,0.858 +/- 0.192
652,Kepler-1363 b,Kepler-1363,1.25,988.0,0.0363,4839.0,K,0.0015685868661486,0.8678487060824958,0.857914176429076,0.023889199986681937,3.747228534190659e-05,0.858 +/- 0.024
653,Kepler-1968 b,Kepler-1968,1.50004034,744.0,0.0696,5008.0,K,0.000361429621141,0.8658004582454418,0.8575864421237117,0.026961932159933304,9.744840925794038e-06,0.858 +/- 0.027
654,Kepler-1848 b,Kepler-1848,1.4088539,774.0,0.05835,4847.0,K,0.0139065007974234,0.8686971931888221,0.8574182839836921,0.037075818485019126,0.0005155948993270437,0.857 +/- 0.037
655,Kepler-1048 b,Kepler-1048,1.61,619.0,0.059,4651.0,K,0.0018604984576646,0.8777101168054846,0.8572262251102061,0.05696789717985104,0.00010598868483950837,0.857 +/- 0.057
656,Kepler-1795 b,Kepler-1795,1.66301611,520.0,0.1002,4500.0,K,0.0085411749342801,0.8711047343882893,0.85715535869033,0.04989564025086209,0.00042616739184052056,0.857 +/- 0.050
657,Kepler-1164 b,Kepler-1164,1.12,936.0,0.04635,5183.0,K,0.0042872266623542,0.88343666943212,0.8570116387436597,0.03679356527902014,0.0001577423540672849,0.857 +/- 0.037
658,Kepler-1465 b,Kepler-1465,1.77,668.0,0.1939,4726.0,K,0.0088771504592228,0.8555372674917989,0.8569505898110422,0.03751858264673675,0.00033305810317186776,0.857 +/- 0.038
659,Kepler-1331 b,Kepler-1331,1.05,1244.0,0.0142,4508.0,K,0.0125047830827638,0.8816712669388332,0.8569035657184954,0.04045513119004304,0.0005058826401162403,0.857 +/- 0.040
660,Kepler-1285 b,Kepler-1285,0.97,874.0,0.12758,6170.0,F,0.0049670506147892,0.8724133275052499,0.856897991723092,0.03294177526389654,0.000163623465076785,0.857 +/- 0.033
661,Kepler-1436 b,Kepler-1436,1.31,1001.0,0.0907,5972.0,G,0.0001492856454512,0.8666308285429858,0.8568301049079685,0.024542384534189436,3.6638257160980187e-06,0.857 +/- 0.025
662,Kepler-936 b,Kepler-936,1.45,867.0,0.0954,5482.0,G,0.0003280648106844,0.8688670367320713,0.856811259426294,0.026688921546564708,8.755695994544554e-06,0.857 +/- 0.027
663,Kepler-1387 b,Kepler-1387,0.93,1123.0,0.031,5046.0,K,0.0032847938480444,0.8706376746630387,0.8565660198099264,0.026241267392021747,8.619715369420115e-05,0.857 +/- 0.026
664,TOI-2128 b,TOI-2128,2.08874836,780.53,0.127,5968.0,G,0.4532799036897901,0.9291334781687836,0.8564784242546483,0.09585320201196826,0.04344833017634297,0.856 +/- 0.096
665,Kepler-1075 b,Kepler-1075,1.42,818.0,0.0208,3959.0,K,0.0166204698895336,0.8772337510699294,0.8563194058885826,0.05772517406821849,0.0009594195174689111,0.856 +/- 0.058
666,Kepler-206 d,Kepler-206,1.19,681.0,0.163,5764.0,G,0.001012257281321,0.8677231783692397,0.8562923005258769,0.03259105582209044,3.2990533561850214e-05,0.856 +/- 0.033
667,Kepler-1687 b,Kepler-1687,1.65623882,598.0,0.0532,4132.0,K,0.0049899312650765,0.8698296718746853,0.8561732424065305,0.03712533272071963,0.00018525285846948648,0.856 +/- 0.037
668,Kepler-1361 b,Kepler-1361,0.86,1061.0,0.04304,5131.0,K,0.0062859944488113,0.8746566808390588,0.8561096481485864,0.030211841333795033,0.00018991146691260335,0.856 +/- 0.030
669,Kepler-169 d,Kepler-169,1.25,702.0,0.075,4997.0,K,0.0055894060838933,0.8372688852093501,0.8559211656789798,0.05134662012786537,0.0002869971109300489,0.856 +/- 0.051
670,Kepler-1473 b,Kepler-1473,1.19,783.0,0.11606,6046.0,F,0.0007083379808526,0.8734870459015991,0.8552125242990066,0.03455062695933261,2.4473521337565065e-05,0.855 +/- 0.035
671,Kepler-119 c,Kepler-119,0.92,1016.0,0.049,5595.0,G,0.0004126117959083,0.8666697968981788,0.8551623301527272,0.025181941067165658,1.0390365928180195e-05,0.855 +/- 0.025
672,Kepler-1235 b,Kepler-1235,0.79,985.0,0.04836,5541.0,G,0.0014659274858226,0.8605275871614603,0.8551360301124129,0.016145742240337723,2.366848732911803e-05,0.855 +/- 0.016
673,Kepler-154 f,Kepler-154,1.5,838.0,0.08832,5769.0,G,0.0002418131001979,0.8640617503277311,0.8547141489878919,0.025320573248286356,6.122846315956135e-06,0.855 +/- 0.025
674,Kepler-744 b,Kepler-744,1.62,750.0,0.09735,5594.0,G,0.0038682603907845,0.8676635111978516,0.8546722515542227,0.03219880878612984,0.00012455337665783,0.855 +/- 0.032
675,Kepler-1254 b,Kepler-1254,1.55,660.0,0.0833,4985.0,K,0.0008840882467191,0.877958349875445,0.8545675950640189,0.0368404514653106,3.2570210144306546e-05,0.855 +/- 0.037
676,K2-413 c,K2-413,1.2327,735.9093208538574,0.0426,4116.0,K,0.0173252066812103,0.8528062864669802,0.8543497351039083,0.04196430349986298,0.0007270402313681628,0.854 +/- 0.042
677,Kepler-1590 b,Kepler-1590,1.14,1020.0,0.07116,6053.0,F,0.0002479304380564,0.8625916773310691,0.8543002318573669,0.022052508606047183,5.467488118939809e-06,0.854 +/- 0.022
678,Kepler-1911 b,Kepler-1911,1.011,987.0,0.0636,5721.0,G,0.0205211300724377,0.9027692336647292,0.8542675687426358,0.02944438145180577,0.0006042319816749782,0.854 +/- 0.029
679,Kepler-1302 b,Kepler-1302,1.43,778.0,0.0795,5236.0,G,0.0007621993645973,0.8825001394833647,0.854251821172264,0.03527006864398963,2.688282390975205e-05,0.854 +/- 0.035
680,BD+55 362 b,BD+55 362,14.0,236.95684119640143,0.78,5012.0,K,0.1773429581807798,0.9729457599936652,0.8542017272034538,0.20309149230531007,0.03601684602677277,0.854 +/- 0.203
681,HIP 67851 c,HIP 67851,12.7,233.63754359989537,4.55,4840.0,K,0.1580010177806971,0.9835019107827068,0.8541839238475283,0.1980065479404128,0.03128523610182762,0.854 +/- 0.198
682,K2-414 b,K2-414,1.219,742.652429906168,0.0487,4343.0,K,0.0222740533615581,0.8756346184753311,0.8541709734081441,0.0588597243708997,0.0013110446414840219,0.854 +/- 0.059
683,L 98-59 d,L 98-59,1.627,416.0,0.0494,3415.0,M,0.3458374977213453,0.946798540974225,0.8541177096406087,0.13901708432911924,0.048077320584899844,0.854 +/- 0.139
684,Kepler-78 b,Kepler-78,1.201,2223.0,0.00901,5058.0,K,0.0879708559224488,0.8674280869791842,0.854098996741466,0.05502938497919524,0.004840982097505752,0.854 +/- 0.055
685,Kepler-1485 b,Kepler-1485,1.47,728.0,0.14732,6087.0,F,0.0011553784113507,0.8547487979497109,0.8536641639490041,0.02415064111344505,2.790312936275304e-05,0.854 +/- 0.024
686,Kepler-1150 b,Kepler-1150,1.02,1432.0,0.0382,4754.0,K,0.0085766612831984,0.8624390744781014,0.8536597734648745,0.029391562752806914,0.0002520814783146952,0.854 +/- 0.029
687,Kepler-1702 b,Kepler-1702,1.60190793,555.0,0.1275,5093.0,K,0.0003152934209551,0.8702131172997494,0.8535841876796844,0.03312705659996062,1.0444743001574806e-05,0.854 +/- 0.033
688,Kepler-441 b,Kepler-441,1.64,189.0,0.64,4340.0,K,0.0218829145467427,0.7714572882907026,0.85356832894389,0.10869988356827245,0.002378670263365387,0.854 +/- 0.109
689,Kepler-1987 b,Kepler-1987,1.23,997.0,0.0318,4769.0,K,0.0009896030519796,0.8657545768066012,0.8535185648410186,0.02991647882296542,2.9605438747689654e-05,0.854 +/- 0.030
690,Kepler-1120 b,Kepler-1120,1.38,1027.0,0.0369,4904.0,K,0.000897628353987,0.8618158429767426,0.8535076721631579,0.021643615230737014,1.942792271389443e-05,0.854 +/- 0.022
691,Kepler-226 d,Kepler-226,1.22,800.0,0.076,5571.0,G,0.0001737325248728,0.8850512895241929,0.8534131728031177,0.048174918849500384,8.369550287265947e-06,0.853 +/- 0.048
692,EPIC 201757695.02,EPIC 201757695,0.90819,937.816666037868,0.0296,4520.0,K,0.0009303285037716,0.8831412182772488,0.8534080796848545,0.06238115684522962,5.803496831136397e-05,0.853 +/- 0.062
693,TOI-411 b,HD 22946,1.362,1241.0,0.05727,6169.0,F,0.1871093392367072,0.9134508533939416,0.8533816190191778,0.10350977117659912,0.019367644889396223,0.853 +/- 0.104
694,Kepler-132 d,Kepler-132,1.55,758.0,0.136,6003.0,F,0.0103996281663231,0.8677132379009457,0.8533389404093399,0.033781170827495856,0.0003513116156289981,0.853 +/- 0.034
695,HD 135872 b,HD 135872,12.8,213.70978848622283,4.172,4992.0,K,0.1315690060290408,0.9938588049754652,0.8533113812115218,0.20961208536845394,0.027578453723601935,0.853 +/- 0.210
696,Kepler-916 b,Kepler-916,1.76,503.0,0.1885,5248.0,G,0.0004922386474053,0.8783785925535409,0.8532661613066593,0.04566651348081045,2.2478822827510036e-05,0.853 +/- 0.046
697,Kepler-1591 b,Kepler-1591,1.27,892.0,0.0794,6082.0,F,0.0001019037706009,0.8683519257881002,0.8530850677547642,0.02486706118514367,2.5340472985294253e-06,0.853 +/- 0.025
698,Kepler-1313 b,Kepler-1313,1.76,1012.0,0.04619,5453.0,G,0.055536444023146,0.8846595917408013,0.8528704230003421,0.05302278811315044,0.002944697103997111,0.853 +/- 0.053
699,Kepler-174 c,Kepler-174,1.49,377.0,0.214,4880.0,K,0.0074981737571934,0.8564698739505269,0.8528281463387046,0.04961788440210217,0.00037204351871129827,0.853 +/- 0.050
700,Kepler-208 e,Kepler-208,1.48,880.0,0.132,6092.0,F,0.0003863516805608,0.8625544627988793,0.852780418256774,0.03150020701930806,1.2170157919922777e-05,0.853 +/- 0.032
701,Kepler-542 b,Kepler-542,1.57,698.0,0.10703,5526.0,G,0.0045724609101193,0.8808168727608727,0.8526539812747344,0.04103429213452036,0.0001876276967595102,0.853 +/- 0.041
702,Kepler-1491 b,Kepler-1491,1.51,821.0,0.127,5728.0,G,0.0001780001277092,0.864074477064423,0.8526048933676862,0.034517935180773555,6.14419687043558e-06,0.853 +/- 0.035
703,Kepler-1124 b,Kepler-1124,1.28,621.0,0.0305,3658.0,M,0.0173597095075694,0.8300366970591024,0.8525295551543353,0.05297314638835116,0.0009195984330037253,0.853 +/- 0.053
704,Kepler-1686 b,Kepler-1686,1.42553017,913.0,0.08827,5714.96,G,0.0003997121814269,0.863606118488849,0.8525280829783366,0.027527358317429095,1.1003020441979504e-05,0.853 +/- 0.028
705,Kepler-55 f,Kepler-55,1.59,559.0,0.081,4503.0,K,0.0013483104707104,0.8598403455865344,0.8524366427793446,0.028588211910016603,3.854578545716315e-05,0.852 +/- 0.029
706,Kepler-1397 b,Kepler-1397,1.72,551.0,0.25861,6026.0,F,0.0004917994437221,0.865327651997742,0.8523591925857579,0.03360797516292273,1.652838348975155e-05,0.852 +/- 0.034
707,Kepler-1741 b,Kepler-1741,1.273,615.0,0.0296,3683.0,M,0.0204260443874275,0.8352479159243713,0.8522376090493136,0.044213407826052056,0.0009031050307743737,0.852 +/- 0.044
708,HD 196885 A b,HD 196885 A,13.2,205.08035890552733,2.37,6254.0,F,0.2131701076958769,0.9775230210491528,0.8521744831365379,0.1846650770111838,0.03936507435414145,0.852 +/- 0.185
709,Kepler-1400 b,Kepler-1400,1.62,725.0,0.0771,5044.0,K,0.0003980058770354,0.8616065831206411,0.8521238388349006,0.02744649924287365,1.0923868002711369e-05,0.852 +/- 0.027
710,Kepler-285 c,Kepler-285,1.12,851.0,0.064,5411.0,G,0.0002323081180092,0.8634328774017429,0.8518009715646386,0.033078585580225243,7.684423962548389e-06,0.852 +/- 0.033
711,Kepler-169 c,Kepler-169,1.21,776.0,0.062,4997.0,K,0.0056087397357599,0.824796595444359,0.8515997139213968,0.04774847638277951,0.00026780877681008855,0.852 +/- 0.048
712,Kepler-1574 b,Kepler-1574,1.29,1003.0,0.0743,5892.0,G,0.0001219292485511,0.8611773879693381,0.8513974565595256,0.024219377728912198,2.953050526861511e-06,0.851 +/- 0.024
713,Kepler-1350 c,Kepler-1350,1.73,730.0,0.0222,3827.0,K,0.0105516264670757,0.8644107315483395,0.8512669385086982,0.04934921007089734,0.0005207144311133591,0.851 +/- 0.049
714,Kepler-1145 b,Kepler-1145,1.4,958.0,0.0443,5064.0,K,0.0005225100171501,0.8587899990646305,0.8508988878746958,0.021140865746534166,1.104631412378953e-05,0.851 +/- 0.021
715,Kepler-783 b,Kepler-783,0.78,991.0,0.04958,5521.0,G,0.0018142513253915,0.8533717561156213,0.850849223094339,0.01818843363116243,3.299838982213177e-05,0.851 +/- 0.018
716,Kepler-1269 b,Kepler-1269,1.63,657.0,0.23611,5998.0,G,0.0005033883336815,0.8574150638523023,0.8505245409194305,0.04281341062029892,2.1551771431374107e-05,0.851 +/- 0.043
717,Kepler-181 b,Kepler-181,1.27,1041.0,0.04,5333.0,G,0.0009467431544929,0.8557038252037775,0.8505062160694131,0.027461953460470735,2.5999416447703277e-05,0.851 +/- 0.027
718,Kepler-1912 b,Kepler-1912,1.35670508,976.0,0.06489,5734.0,G,0.0159775711759999,0.8635834518791483,0.8504630846699426,0.027661467764444825,0.0004419630700390441,0.850 +/- 0.028
719,SPECULOOS-3 b,SPECULOOS-3,0.977,553.0,0.00733,2800.0,M,0.0174827809225107,0.8910268770436237,0.8504598740896282,0.12279315309704215,0.002146765794379904,0.850 +/- 0.123
720,Kepler-348 c,Kepler-348,1.33,888.0,0.138,6177.0,F,0.0013327460089045,0.8516685284924669,0.8504286252833846,0.02238485925089528,2.9833331826519662e-05,0.850 +/- 0.022
721,Kepler-1146 b,Kepler-1146,1.23,1019.0,0.0325,4692.0,K,0.0004498372973162,0.867036459489403,0.8503732877139697,0.032450081354019875,1.4597256893983116e-05,0.850 +/- 0.032
722,Kepler-1583 b,Kepler-1583,0.6,788.0,0.08307,5645.0,G,0.0054590275331005,0.8501909798751764,0.8502656742506655,0.02765215568987184,0.00015095387926059205,0.850 +/- 0.028
723,Kepler-1063 b,Kepler-1063,1.49,931.0,0.1176,5945.0,G,0.0103265426296079,0.8569474962006188,0.8501509226270487,0.023847222490713613,0.0002462593596480984,0.850 +/- 0.024
724,Kepler-1303 b,Kepler-1303,1.42,891.0,0.0751,5771.0,G,0.0002112060865939,0.8698046947405471,0.8501109749970892,0.030140536794960152,6.365864824302983e-06,0.850 +/- 0.030
725,Kepler-1508 b,Kepler-1508,1.33,967.0,0.1629,6158.0,F,0.0002297473830866,0.8484282358593518,0.8498807488917578,0.024533659548037323,5.636544078699152e-06,0.850 +/- 0.025
726,Kepler-430 c,Kepler-430,1.75,458.0,0.4757,5884.0,G,0.0004433751956731,0.8729428400153207,0.8498194876212264,0.0467172939635601,2.0713289352411192e-05,0.850 +/- 0.047
727,Kepler-1198 b,Kepler-1198,1.47,830.0,0.0732,5517.0,G,0.0004265706138672,0.8718739514310822,0.8497082624197614,0.03337492386710913,1.4236761761763805e-05,0.850 +/- 0.033
728,HIP 109384 b,HIP 109384,13.5,195.59063591192367,1.134,5180.0,K,0.1663677125920243,0.9763595529638014,0.8496992395593089,0.19839105246457023,0.03300586559725483,0.850 +/- 0.198
729,Kepler-1913 b,Kepler-1913,1.51852059,818.0,0.1209,6214.0,F,0.000230821921977,0.8639613627721805,0.8494543838439734,0.027033960723488928,6.240030772846444e-06,0.849 +/- 0.027
730,Kepler-629 b,Kepler-629,1.38,816.0,0.07107,5444.0,G,0.0079573950231096,0.8567306181576179,0.84925897486451,0.03315535855461319,0.0002638302851518933,0.849 +/- 0.033
731,Kepler-1050 c,Kepler-1050,1.48,935.0,0.15264,6010.0,F,0.0027284057051302,0.8492450695562651,0.849203093974545,0.02163077853379727,5.9017539558020334e-05,0.849 +/- 0.022
732,K2-254 b,K2-254,1.63,791.0,0.0448,4629.0,K,0.0318356076931546,0.838653653786313,0.8492005927095124,0.033337641400357845,0.0010613240730368615,0.849 +/- 0.033
733,TOI-1347 c,TOI-1347,1.6,1000.0,0.0546,5464.0,G,0.0727784336785087,0.8968139445605061,0.8490397175373015,0.07690159123358814,0.00559677735736548,0.849 +/- 0.077
734,Kepler-393 c,Kepler-393,1.33,901.0,0.124,6189.0,F,0.0002440740731188,0.8577397504236542,0.8489088905600614,0.02149814580297516,5.247140010633982e-06,0.849 +/- 0.021
735,Kepler-865 c,Kepler-865,0.89,914.0,0.061,5440.0,G,0.0009671912863116,0.8575820288650317,0.8488730283965326,0.02842982187699333,2.7497075990818846e-05,0.849 +/- 0.028
736,Kepler-603 d,Kepler-603,1.32,1098.0,0.07117,5808.0,G,0.000199908277879,0.8604845054311033,0.8486568358684795,0.024379639475458757,4.873691742849847e-06,0.849 +/- 0.024
737,Kepler-334 c,Kepler-334,1.43,822.0,0.107,5828.0,G,0.0049603256587359,0.8601500541781536,0.8486095983137073,0.05441519458528034,0.00026991708592647286,0.849 +/- 0.054
738,K2-50 b,K2-50,1.59,530.9981341612959,0.0705,4326.0,K,0.0253525321914408,0.8762582630793543,0.8480821953381521,0.08699915660805875,0.002205648918534009,0.848 +/- 0.087
739,Kepler-1012 b,Kepler-1012,1.29,934.0,0.06066,5556.0,G,0.0054558652942491,0.879820880030864,0.8480712937641475,0.0359452466495462,0.00019611242368848287,0.848 +/- 0.036
740,Kepler-1612 b,Kepler-1612,1.03,1030.0,0.0482,5643.0,G,0.000247850420274,0.8825568483335501,0.8479965899873797,0.032352646231196706,8.018616965378146e-06,0.848 +/- 0.032
741,HIP 56640 b,HIP 56640,12.7,218.9524458024239,4.55,4769.0,K,0.0882825507345188,0.9914436891754524,0.847763371372541,0.20476503467421195,0.018077179562281616,0.848 +/- 0.205
742,Kepler-1426 b,Kepler-1426,1.56,797.0,0.1187,5831.0,G,0.0001622913305385,0.8557249757636409,0.8477319819714652,0.022969700851979177,3.7277833133390178e-06,0.848 +/- 0.023
743,Kepler-1328 b,Kepler-1328,0.98,1214.0,0.052,5780.0,G,0.0002663007787046,0.8633138642503068,0.8477039719779224,0.02198793805748364,5.8554050268164035e-06,0.848 +/- 0.022
744,Kepler-1991 b,Kepler-1991,1.47,760.0,0.1065,5478.0,G,0.0002567417219888,0.8526378064993407,0.8476826325966632,0.03374271139133253,8.663161827181812e-06,0.848 +/- 0.034
745,Kepler-296 b,Kepler-296,1.61,495.0,0.079,3740.0,K,0.0571197610930707,0.884147930628984,0.8475726141676504,0.08316605103868593,0.004750424966383865,0.848 +/- 0.083
746,Kepler-1952 b,Kepler-1952,1.23923346,725.0,0.1724,5973.0,G,0.0003420587016881,0.8592920625576796,0.847510933463458,0.0671377326386627,2.2965045660663738e-05,0.848 +/- 0.067
747,Kepler-1610 b,Kepler-1610,1.61,750.0,0.0777,5383.0,G,0.0002452848270655,0.8557190354382364,0.8473475343328665,0.028158023971845022,6.906736040440209e-06,0.847 +/- 0.028
748,Kepler-1351 b,Kepler-1351,0.65,1212.0,0.0156,4439.0,K,0.0396370644734402,0.8803773088083857,0.8470134591335788,0.06085983080221413,0.0024123050373500237,0.847 +/- 0.061
749,Kepler-1698 b,Kepler-1698,1.07315686,1351.0,0.02065,4975.03,K,0.0329376315246841,0.8622444626748967,0.8469487691678869,0.03369650879394729,0.0011098831903233132,0.847 +/- 0.034
750,Kepler-383 c,Kepler-383,1.24,406.0,0.172,4710.0,K,0.0031213084707532,0.8464040514976973,0.8467274798077679,0.026214849348018304,8.182463132948853e-05,0.847 +/- 0.026
751,Kepler-157 d,Kepler-157,1.46,969.0,0.0706,5866.0,G,0.0003554308263428,0.8518252792806846,0.8466980648806912,0.02217978531459505,7.883379422472418e-06,0.847 +/- 0.022
752,BD+05 4868 A b,BD+05 4868 A,2.3641170239563363,1820.0,0.0208,4596.0,K,0.6989886748737024,0.9506180492855868,0.8466884074534496,0.10854399389020823,0.0758710224548159,0.847 +/- 0.109
753,Kepler-311 c,Kepler-311,1.43,744.0,0.145,5905.0,G,0.0004339250012994,0.8442840480942067,0.8466511446348649,0.027386072115024283,1.1883501378097373e-05,0.847 +/- 0.027
754,HD 73583 c,HD 73583,2.39,498.0,0.1242,4511.0,K,0.3894270660401762,0.9055200144840608,0.8465670088398137,0.10027672885265686,0.03905047230919644,0.847 +/- 0.100
755,Kepler-20 e,Kepler-20,0.821,1004.0,0.0637,5495.0,G,0.0181543436402568,0.8538548089113038,0.8464214362340744,0.03516522762445558,0.0006384016264822178,0.846 +/- 0.035
756,Kepler-508 b,Kepler-508,1.64,710.0,0.17274,6025.0,F,0.0134243309418153,0.8627930323811415,0.8464196341649486,0.04722926199346425,0.0006340212431379635,0.846 +/- 0.047
757,EPIC 201841433 b,EPIC 201841433,1.04,944.4069168810312,0.035,5053.0,K,0.004324107146502,0.836097872847629,0.8463209923061342,0.03286217894688504,0.0001420995828338532,0.846 +/- 0.033
758,HD 99109 b,HD 99109,14.3,218.90448638971125,1.11,5282.0,G,0.1734486299655655,0.9829784143518976,0.846308685346107,0.21657625829305324,0.03756485528399853,0.846 +/- 0.217
759,HD 218566 b,HD 218566,9.32,231.5531936625786,0.69,4730.0,K,0.2248668557114244,0.9749047910111832,0.8462024405484225,0.19445574649548478,0.0437266522894575,0.846 +/- 0.194
760,Kepler-354 d,Kepler-354,1.24,451.0,0.146,4648.0,K,0.0015683528850458,0.8477381127604456,0.8459987772351562,0.024367366000470084,3.821662876780419e-05,0.846 +/- 0.024
761,Kepler-1291 b,Kepler-1291,1.66,739.0,0.0779,5216.0,G,0.0002372618720641,0.8545926675567087,0.8459592938000063,0.024673584796839437,5.854100919430441e-06,0.846 +/- 0.025
762,Kepler-884 b,Kepler-884,1.23,964.0,0.06116,5715.0,G,0.0029656894017864,0.8441543033428103,0.8459198025904896,0.025472682637632645,7.554406493349557e-05,0.846 +/- 0.025
763,Kepler-1480 b,Kepler-1480,1.67,721.0,0.1525,5156.0,K,0.0025745576751442,0.8581154271345769,0.8458801831938322,0.06719644911763192,0.00017300113381823597,0.846 +/- 0.067
764,Kepler-787 b,Kepler-787,1.28,1115.0,0.0159,4248.0,K,0.0021804059990379,0.8456027464634133,0.8458358445211733,0.03322819411077966,7.24509537763398e-05,0.846 +/- 0.033
765,Kepler-22 b,Kepler-22,2.1,279.0,0.812,5596.0,G,0.050188995151519,0.9944415822728894,0.845796932983736,0.14945901873357265,0.007501197966570065,0.846 +/- 0.149
766,Kepler-1197 b,Kepler-1197,1.25,1011.0,0.02869,4708.0,K,0.0025258850641077,0.8437524464249132,0.8457793864340409,0.030231298150871534,7.636078446787313e-05,0.846 +/- 0.030
767,Kepler-135 c,Kepler-135,1.16,975.0,0.103,6090.0,F,0.0009182070026174,0.8465978579683702,0.8457073665522259,0.019987554914447137,1.835271288764519e-05,0.846 +/- 0.020
768,Kepler-262 b,Kepler-262,1.36,734.0,0.108,5841.0,G,0.0009417541142908,0.8457606953788087,0.8456650481354729,0.027199067183350273,2.5614833424791998e-05,0.846 +/- 0.027
769,Kepler-389 c,Kepler-389,1.46,636.0,0.11,5376.0,G,0.0003000201768642,0.8506070676321748,0.8456378165598791,0.0300749471359229,9.023090958901054e-06,0.846 +/- 0.030
770,Kepler-1209 b,Kepler-1209,1.51,755.0,0.17515,6210.0,F,0.0024763462991413,0.8538361855143541,0.8456138791027186,0.0345467602266538,8.554974183459601e-05,0.846 +/- 0.035
771,Kepler-847 b,Kepler-847,1.18,1054.0,0.0315,4940.0,K,0.0020115143464927,0.8550779046622098,0.8455549971400033,0.028783880946423215,5.789918947146817e-05,0.846 +/- 0.029
772,TOI-776 c,TOI-776,2.047,420.0,0.1001,3725.0,K,0.2983186830561193,0.8485335149701911,0.8453835106254622,0.07929017034595288,0.023653739196900028,0.845 +/- 0.079
773,Kepler-380 c,Kepler-380,1.27,1056.0,0.078,6045.0,F,0.0002944870399933,0.853845033276826,0.8453338947631167,0.022256827987277124,6.554347393613277e-06,0.845 +/- 0.022
774,Kepler-212 b,Kepler-212,1.09,830.0,0.133,5852.0,G,0.0005521337267424,0.8839990388372864,0.8453322338154113,0.05847564132350541,3.228637376759893e-05,0.845 +/- 0.058
775,Kepler-1478 b,Kepler-1478,1.73,598.0,0.1681,5904.0,G,0.0002027999951969,0.8598623163118172,0.8453218209323828,0.03795016729776238,7.696293745707761e-06,0.845 +/- 0.038
776,Kepler-844 b,Kepler-844,1.68,713.0,0.0298,4128.0,K,0.0044237186933311,0.829409784715426,0.8453043573468761,0.04366181113317149,0.00019314757009450265,0.845 +/- 0.044
777,K2-240 b,K2-240,2.0,586.0,0.0513,3810.0,K,0.1565307844925744,0.8989966263660889,0.8449658078804876,0.07960995665307626,0.01246140896832587,0.845 +/- 0.080
778,Kepler-1200 b,Kepler-1200,1.06,1174.0,0.0188,4612.0,K,0.0009799598442952,0.8493466694718984,0.8449583247339063,0.023621145700891077,2.3147774263119453e-05,0.845 +/- 0.024
779,Kepler-1607 b,Kepler-1607,0.92,913.0,0.11978,6116.0,F,0.0001609197419839,0.8693637465953337,0.844920841377065,0.0497332523983006,8.003062143954709e-06,0.845 +/- 0.050
780,Kepler-132 b,Kepler-132,1.21,1082.0,0.067,6003.0,F,0.0098872252319062,0.8588541122554163,0.8447233187660729,0.026566461668994804,0.0002626685901361543,0.845 +/- 0.027
781,Kepler-354 c,Kepler-354,1.31,508.0,0.115,4648.0,K,0.0014615222047583,0.841149502353486,0.844527628631298,0.024395055627335478,3.565391548566472e-05,0.845 +/- 0.024
782,Kepler-1252 b,Kepler-1252,1.67,665.0,0.1078,5949.0,G,0.0007460288660813,0.8576488574036616,0.8445035428558415,0.027154990634841312,2.0258406871758986e-05,0.845 +/- 0.027
783,Kepler-1069 b,Kepler-1069,1.6,823.0,0.16587,5722.0,G,0.0018920222403973,0.8534205819490222,0.8445013676946913,0.038659762308191556,7.314513009557169e-05,0.845 +/- 0.039
784,Kepler-1588 b,Kepler-1588,0.76,925.0,0.07419,5817.0,G,0.0001408656441078,0.8516766080026683,0.8442611947360151,0.026927813870306502,3.7932038452556763e-06,0.844 +/- 0.027
785,Kepler-331 d,Kepler-331,1.64,346.0,0.159,4347.0,K,0.0018089482736495,0.8666473095087885,0.8442307560186904,0.06091876619092062,0.00011019889693392339,0.844 +/- 0.061
786,K2-252 b,K2-252,1.74,639.0,0.1041,5152.0,K,0.0324159043834618,0.8524526579026737,0.8440244745618484,0.04951326125055257,0.0016050171424112762,0.844 +/- 0.050
787,Kepler-876 b,Kepler-876,1.43,923.0,0.0549,5060.0,K,0.0003085756221491,0.8657272882021343,0.843969902334277,0.03306128932670296,1.0201907923038764e-05,0.844 +/- 0.033
788,HD 221287 b,HD 221287,13.1,265.3744659827604,1.25,6304.0,F,0.1714945477672794,0.9736482383564222,0.8437938835068879,0.17636691350720357,0.030245964073028757,0.844 +/- 0.176
789,Kepler-130 b,Kepler-130,1.02,982.0,0.079,5884.0,G,0.0132789791221067,0.8611230703896642,0.8437534264303259,0.036244844416709644,0.0004812945322934929,0.844 +/- 0.036
790,HD 125612 b,HD 125612,13.2,231.76222027043823,1.349,5900.0,G,0.1686078281260369,0.9899697172783556,0.8435791803110162,0.22209274505122825,0.037446575385637226,0.844 +/- 0.222
791,Kepler-1224 b,Kepler-1224,1.33,872.0,0.11625,6155.0,F,0.0014776789465691,0.845792388659022,0.8434094554828717,0.03478865481407372,5.1406462798216506e-05,0.843 +/- 0.035
792,TOI-733 b,TOI-733,1.992,1055.8,0.0618,5585.0,G,0.1754037199935722,0.913436463266701,0.8431755640104467,0.09481475584897206,0.01663086088619201,0.843 +/- 0.095
793,Kepler-1992 b,Kepler-1992,0.91,637.0,0.1169,5383.0,G,0.0017303524084984,0.8178432932208292,0.8430980901267159,0.04759735734899544,8.236020192699326e-05,0.843 +/- 0.048
794,HD 23596 b,HD 23596,12.4,200.7652645561648,2.694,6040.0,F,0.1783529540089928,0.9758994522330384,0.842997396020264,0.20379553297349703,0.03634753531966029,0.843 +/- 0.204
795,Kepler-1353 b,Kepler-1353,1.8,491.0,0.153,4776.0,K,0.0012946366453912,0.8760974500074064,0.8429931618549837,0.05961845466329611,7.718423614869702e-05,0.843 +/- 0.060
796,Kepler-1300 b,Kepler-1300,1.37,954.0,0.16005,6130.0,F,0.000466358362798,0.8582791701937815,0.8424748851379957,0.048215447912672085,2.2485677350126003e-05,0.842 +/- 0.048
797,Kepler-707 b,Kepler-707,1.33,1160.0,0.0325,5099.0,K,0.0010616127049803,0.8518886294744284,0.8418836002979757,0.0321479881543451,3.4128712664208946e-05,0.842 +/- 0.032
798,Kepler-1245 b,Kepler-1245,1.44,1043.0,0.0484,5306.0,G,0.0002825684898106,0.8500822649461572,0.8416961346709706,0.021830037760098855,6.168480802379506e-06,0.842 +/- 0.022
799,Kepler-191 b,Kepler-191,1.34,722.0,0.087,5282.0,G,0.0010786153289234,0.8347410816552399,0.8416454792291613,0.03518104961351402,3.7946819400750884e-05,0.842 +/- 0.035
800,Kepler-345 b,Kepler-345,0.74,622.0,0.066,4504.0,K,0.022578483664247,0.8961152827551502,0.841533611304607,0.0817260600286446,0.001845250511300022,0.842 +/- 0.082
801,Kepler-1907 c,Kepler-1907,1.15547044,620.0,0.10371,5159.0,K,0.0166289841464317,0.8433715255833475,0.8414579600081499,0.037902802206242744,0.000630285096992947,0.841 +/- 0.038
802,Kepler-1240 b,Kepler-1240,1.15,1121.0,0.05791,5682.0,G,0.0002486351341195,0.8590128820465024,0.8413080798269927,0.031043996511989778,7.718628236363869e-06,0.841 +/- 0.031
803,Kepler-292 b,Kepler-292,1.32,1130.0,0.035,5299.0,G,0.0001540223062664,0.8588875603055923,0.841260241615474,0.030500344672361353,4.697733428357201e-06,0.841 +/- 0.031
804,Kepler-1598 b,Kepler-1598,0.95,1236.0,0.05207,5940.0,G,0.0007237845478802,0.8498734198201379,0.8411150526161083,0.023893901897125057,1.729403698170451e-05,0.841 +/- 0.024
805,Kepler-1256 b,Kepler-1256,1.49,933.0,0.10733,6129.0,F,0.0002731575033121,0.844831287105287,0.8410871084723004,0.016168622762869928,4.416580625900738e-06,0.841 +/- 0.016
806,Kepler-1629 b,Kepler-1629,0.77,1081.0,0.0485,5776.0,G,0.0106029328748038,0.86123594384932,0.8410763385171386,0.027367544943916692,0.0002901762419885248,0.841 +/- 0.027
807,Kepler-1287 b,Kepler-1287,1.54,796.0,0.0976,5715.0,G,0.0001886111475947,0.8583030125603275,0.8406626329752436,0.025514778651360464,4.812371682057849e-06,0.841 +/- 0.026
808,HIP 29442 d,TOI-469,1.538,920.0,0.0673,5289.0,G,0.1516935662818035,0.8874878130584477,0.8405546840787036,0.10677987715788598,0.016197820373212612,0.841 +/- 0.107
809,Kepler-716 c,Kepler-716,1.39281536,992.0,0.04548,5012.0,K,0.0007238814483629,0.8342409252328672,0.8404358169861563,0.0223502616178025,1.6178939751184605e-05,0.840 +/- 0.022
810,HD 4732 c,HD 4732,13.1,222.8982116007088,4.725,4898.0,K,0.1734590371955772,0.989004252220694,0.8404219134578043,0.19879232841367647,0.03448232588850331,0.840 +/- 0.199
811,Kepler-320 c,Kepler-320,1.37,1002.0,0.142,6435.0,F,0.0003941624735827,0.8152991511846537,0.8402585284090728,0.04040857242976237,1.592754286286083e-05,0.840 +/- 0.040
812,HD 23127 b,HD 23127,13.5,204.34290568135148,2.37,5843.0,G,0.1173578101792384,0.9845604973114798,0.8402459136718949,0.2348690729302025,0.027563720077916406,0.840 +/- 0.235
813,Kepler-202 b,Kepler-202,1.63,802.0,0.045,4668.0,K,0.0183688356895134,0.8506573016105957,0.840137666239306,0.03745604136230473,0.0006880238693637933,0.840 +/- 0.037
814,Kepler-923 b,Kepler-923,1.38,1104.0,0.07592,5988.0,G,0.0001918921680257,0.8515154324793924,0.8401357030981297,0.026843001523990734,5.1509617587557515e-06,0.840 +/- 0.027
815,TOI-561 b,TOI-561,1.397,2319.0,0.01064,5342.0,G,0.1353336994326914,0.8267783570163445,0.8401071667805515,0.055406058333074784,0.00749830684519851,0.840 +/- 0.055
816,HD 80653 b,HD 80653,1.613,2463.0,0.01661,5959.0,G,0.108646330117248,0.8749457799107511,0.8399169018046496,0.0714565275377972,0.0077634894799037376,0.840 +/- 0.071
817,Kepler-1692 b,Kepler-1692,1.11177184,897.0,0.0646,5146.0,K,0.0009589403736366,0.8381456992764642,0.8397350928056869,0.03528376910872321,3.383503073242656e-05,0.840 +/- 0.035
818,Kepler-132 c,Kepler-132,1.28,1069.0,0.068,6003.0,F,0.0100396557743218,0.8627833459104403,0.8395243570121512,0.03697435217321941,0.00037120976829767006,0.840 +/- 0.037
819,Kepler-821 b,Kepler-821,1.31,1215.0,0.029,5191.0,K,0.0008637410487937,0.853002671134852,0.8393658638789256,0.028922197121194367,2.4981288874878554e-05,0.839 +/- 0.029
820,Kepler-953 c,Kepler-953,1.19,873.0,0.0862,5416.0,G,0.0237920692963091,0.8484408775357062,0.8391731760128515,0.05155756812899439,0.0012266612336742121,0.839 +/- 0.052
821,Kepler-271 d,Kepler-271,0.66,954.0,0.05554,5555.0,G,0.0053881322617543,0.8390634834919743,0.839006421854469,0.02220344550297436,0.00011963510103667957,0.839 +/- 0.022
822,Kepler-887 c,Kepler-887,1.13,1089.0,0.0801,6194.0,F,0.0001848182406184,0.847197824658215,0.8389036219197797,0.020617891953845197,3.8105625161699347e-06,0.839 +/- 0.021
823,Kepler-167 c,Kepler-167,1.674,771.0,0.0684,4884.0,K,0.0106056732836808,0.8446843603041264,0.8388422991668559,0.036216399047568695,0.0003840992958099221,0.839 +/- 0.036
824,Kepler-1631 b,Kepler-1631,1.35,1122.0,0.0511,5679.0,G,0.0001075492673911,0.852117912206863,0.8388387333280063,0.026178019661507238,2.815426836344915e-06,0.839 +/- 0.026
825,Kepler-1637 b,Kepler-1637,0.89,1093.0,0.0596,5789.0,G,0.0012221649976217,0.85867532107801,0.8387891982868999,0.031823147052657326,3.889313644192595e-05,0.839 +/- 0.032
826,Kepler-200 c,Kepler-200,1.59,806.0,0.09,5678.0,G,0.0006203581328679,0.8468348874978516,0.8386716136005385,0.028622237481331615,1.7756037802420503e-05,0.839 +/- 0.029
827,Kepler-431 c,Kepler-431,0.668,951.0,0.0847,6004.0,F,0.0025735443963982,0.8396770857132319,0.8386516437127264,0.025319258817782027,6.516023665145865e-05,0.839 +/- 0.025
828,Kepler-128 c,Kepler-128,1.521,843.0,0.16517,6072.0,F,0.006615135212298,0.8769122906399662,0.8385272620633252,0.08269679208453669,0.0005470504612625052,0.839 +/- 0.083
829,Kepler-1611 b,Kepler-1611,0.81,1243.0,0.0586,5605.0,G,0.0001462439415335,0.8347766899857126,0.8383594963002486,0.02205048623195376,3.2247500192910927e-06,0.838 +/- 0.022
830,Kepler-1608 b,Kepler-1608,1.73,612.0,0.1126,4992.0,K,0.0003796686411842,0.8407799394881021,0.8379912933689714,0.03592830208174821,1.3640849631432807e-05,0.838 +/- 0.036
831,Kepler-1191 b,Kepler-1191,1.51,952.0,0.0587,5308.0,G,0.0002466675867844,0.8459169866567641,0.8377055468266541,0.021304284398366194,5.2550764207135316e-06,0.838 +/- 0.021
832,Kepler-928 b,Kepler-928,1.59,894.0,0.0444,4700.0,K,0.0022044855811352,0.841910549571634,0.8374986858927126,0.019755241519057658,4.3550145080606045e-05,0.837 +/- 0.020
833,Kepler-381 c,Kepler-381,1.12,1180.0,0.117,6152.0,F,0.0216615661584661,0.8557662350265705,0.8373561069842416,0.034251452490654505,0.0007419401041498711,0.837 +/- 0.034
834,Kepler-1910 b,Kepler-1910,1.184,645.0,0.0536,4234.0,K,0.0082060004832645,0.8276689271707242,0.8373124169549803,0.0395262796933017,0.0003243526702648815,0.837 +/- 0.040
835,HD 45364 c,HD 45364,14.2,239.47825173090337,0.902,5466.0,G,0.2127765331117788,0.9754563873417728,0.8372344164517398,0.18980712325085927,0.04038650164523794,0.837 +/- 0.190
836,Kepler-309 b,Kepler-309,1.56,531.0,0.059,4713.0,K,0.0016667912057677,0.8545174134108718,0.8371712446748408,0.05805274125545279,9.676179859529645e-05,0.837 +/- 0.058
837,Kepler-909 b,Kepler-909,1.47,852.0,0.11873,6154.0,F,0.014649399985457,0.870274158218733,0.8370702249140259,0.049925995227278794,0.0007313858737564242,0.837 +/- 0.050
838,Kepler-1357 b,Kepler-1357,1.28,1177.0,0.041,5597.0,G,0.000138004474664,0.8520821022061459,0.8370632391504921,0.025589195201826353,3.5314234409025954e-06,0.837 +/- 0.026
839,K2-192 b,K2-192,1.52,939.0,0.049,5222.0,G,0.0339999220967449,0.8399724480979703,0.836972901114184,0.033500610110555336,0.001139018133952306,0.837 +/- 0.034
840,Kepler-388 c,Kepler-388,0.86,515.0,0.093,4498.0,K,0.0045245632737742,0.8405464158698018,0.8368008800880492,0.057536405641941714,0.00026032710787250415,0.837 +/- 0.058
841,Kepler-1130 b,Kepler-1130,0.8,904.0,0.05963,5403.0,G,0.0252282980495831,0.8660606767947125,0.8367576753198039,0.03907254747585725,0.0009857338732774125,0.837 +/- 0.039
842,Kepler-292 c,Kepler-292,1.47,1001.0,0.045,5299.0,G,0.0001906330496721,0.8500568916441749,0.8367499883717483,0.02452214350348369,4.674731000565971e-06,0.837 +/- 0.025
843,Kepler-404 b,Kepler-404,1.27,730.0,0.102,5654.0,G,0.0002615945571031,0.8490681573239898,0.8366705593302393,0.047915962497905897,1.2534554987808442e-05,0.837 +/- 0.048
844,Kepler-208 c,Kepler-208,1.39,1141.0,0.079,6092.0,F,0.0003653900820909,0.8466708144120639,0.8363788462321168,0.02725272988237469,9.957877208922012e-06,0.836 +/- 0.027
845,HD 28254 b,HD 28254,13.0,194.1671594914926,2.45,5664.0,G,0.1725864852599223,0.97396599094726,0.8363459630614177,0.195531764022896,0.03374613990938414,0.836 +/- 0.196
846,GJ 536 c,GJ 536,2.3,290.5,0.1617,3641.0,M,0.2703427165523132,0.7845965671484358,0.8363298896714437,0.1158022877847885,0.031306305062712474,0.836 +/- 0.116
847,Kepler-1095 b,Kepler-1095,1.21,1108.0,0.0514,5658.0,G,0.0002795991708083,0.8548442164571823,0.8362399275867884,0.033268704408048654,9.30190216635684e-06,0.836 +/- 0.033
848,Kepler-1296 b,Kepler-1296,0.91,1285.0,0.0896,5359.0,G,0.0001377191913636,0.843104806926954,0.8362127814628084,0.02797417013933916,3.852580090657555e-06,0.836 +/- 0.028
849,Kepler-806 b,Kepler-806,1.14,1089.0,0.07684,5770.0,G,0.0088948283930991,0.8489195807215466,0.8362003793911832,0.029043813898754694,0.00025833974051052953,0.836 +/- 0.029
850,TOI-1782.02,TOI-1782,1.839,974.95,0.025739,4336.0,K,0.1218890213271133,0.8201944752830068,0.8361413742945156,0.059455589216976634,0.007246983582084152,0.836 +/- 0.059
851,Kepler-1489 b,Kepler-1489,1.77,400.0,0.3679,5655.0,G,0.0004142797865414,0.8836672350799863,0.8359352381324179,0.05638875036805658,2.336071946581477e-05,0.836 +/- 0.056
852,K2-58 c,K2-58,1.62,1183.471891807459,0.035,5413.0,G,0.05108987377828,0.8357558012864608,0.835909522928915,0.06909430404568523,0.003530019272492159,0.836 +/- 0.069
853,Kepler-383 b,Kepler-383,1.32,545.0,0.095,4710.0,K,0.003161692657724,0.8206960101348613,0.8358286137894182,0.026982254959641763,8.530959739473635e-05,0.836 +/- 0.027
854,Kepler-1957 b,Kepler-1957,0.94374867,1099.0,0.0299,4904.0,K,0.0030943311753393,0.8764611917557423,0.8358077540155843,0.04050334708490993,0.00012533076959042494,0.836 +/- 0.041
855,Kepler-1572 b,Kepler-1572,0.94,1293.0,0.05838,5618.0,G,0.0001509884399869,0.8481666632207895,0.8356576461650206,0.02563059014744533,3.8699228223063794e-06,0.836 +/- 0.026
856,Kepler-1430 b,Kepler-1430,1.18,969.0,0.0304,4796.0,K,0.0002720843629181,0.8350472852787532,0.8355790540833259,0.02834536143364393,7.71232960735629e-06,0.836 +/- 0.028
857,Kepler-55 e,Kepler-55,1.55,728.0,0.048,4503.0,K,0.0013070977040741,0.8387660117554552,0.835482552834334,0.027547369100959028,3.6007102905145345e-05,0.835 +/- 0.028
858,Kepler-793 b,Kepler-793,1.37,1177.0,0.0491,5745.0,G,0.0002107563559682,0.8443075166680286,0.8354750355219953,0.020873166925081635,4.399152598646164e-06,0.835 +/- 0.021
859,Kepler-1371 b,Kepler-1371,0.73,1015.0,0.04214,5361.0,G,0.001860628651094,0.8438723080860555,0.8354313999527029,0.024889062290563344,4.630930239668542e-05,0.835 +/- 0.025
860,TOI-2443 b,TOI-2443,2.363,519.0,0.105,4375.0,K,0.5517351632440916,0.934302247562632,0.835150494211261,0.11435793904727923,0.06309529616850848,0.835 +/- 0.114
861,Kepler-393 b,Kepler-393,1.29,1052.0,0.091,6189.0,F,0.0002507786558073,0.8422601579647383,0.8349829959666365,0.02379019829418788,5.966073949605559e-06,0.835 +/- 0.024
862,Kepler-211 b,Kepler-211,1.26,954.0,0.048,5123.0,K,0.014272502526889,0.8408407699449595,0.8348593991870008,0.032362189379975134,0.0004618894297013555,0.835 +/- 0.032
863,Kepler-1220 b,Kepler-1220,1.52,899.0,0.0734,5842.0,G,0.0002068981787621,0.8434615666782188,0.8348362649838352,0.022810825140516543,4.719518177633596e-06,0.835 +/- 0.023
864,Kepler-1290 b,Kepler-1290,1.42,1098.0,0.0557,5660.0,G,0.000140167712228,0.8429378722180974,0.8347491048571886,0.021075342045831925,2.9540824789868383e-06,0.835 +/- 0.021
865,Kepler-1429 b,Kepler-1429,1.29,1199.0,0.055,5902.0,G,0.0001061464045671,0.8476077366538987,0.8345431087456469,0.027241557565458728,2.8915933903811262e-06,0.835 +/- 0.027
866,Kepler-743 b,Kepler-743,1.21,1101.0,0.04166,5486.0,G,0.0190716211148977,0.8516789864343728,0.8344421784714867,0.03291787203045006,0.0006277971832734317,0.834 +/- 0.033
867,Kepler-674 b,Kepler-674,1.69,822.0,0.028,4192.0,K,0.010444830260907,0.8087001421719545,0.8342096989137098,0.06792748192700405,0.0007094910187783852,0.834 +/- 0.068
868,Kepler-252 b,Kepler-252,1.23,587.0,0.058,4208.0,K,0.007160688824949,0.8221736388046458,0.8340164474421006,0.04306440088536411,0.0003083707741729506,0.834 +/- 0.043
869,K2-244 b,K2-244,1.75,638.0,0.1418,5677.0,G,0.0388126604924796,0.8298356535763527,0.833721796821577,0.03813155043723012,0.0014799869211720746,0.834 +/- 0.038
870,Kepler-1581 b,Kepler-1581,0.8,1108.0,0.06865,6022.0,F,0.0023576345842853,0.8455194542778217,0.8336388732874328,0.02496011719721907,5.884683553197796e-05,0.834 +/- 0.025
871,Kepler-126 b,Kepler-126,1.52,1009.0,0.099,6239.0,F,0.0309766137729578,0.8776778668398016,0.8335330379264995,0.06832608228183776,0.0021165106614638232,0.834 +/- 0.068
872,Kepler-1243 b,Kepler-1243,1.75,690.0,0.1256,5667.0,G,0.000466732473587,0.847804295833131,0.83346759137191,0.03396059065614464,1.5850510481417946e-05,0.833 +/- 0.034
873,Kepler-1933 b,Kepler-1933,1.17984089,1058.0,0.05605,5661.0,G,0.0118001757667971,0.8398017230807149,0.8333726590091534,0.025216382181027824,0.0002975577419388587,0.833 +/- 0.025
874,Kepler-1062 b,Kepler-1062,1.76,583.0,0.0748,4597.0,K,0.0063435792244771,0.8375244814525732,0.8331499207751015,0.04338030544750496,0.00027518640438826324,0.833 +/- 0.043
875,Kepler-1370 c,Kepler-1370,1.27,1075.0,0.08084,6202.0,F,0.0001826287648116,0.8377943305819133,0.8331361136852579,0.02946165912797364,5.380546415842227e-06,0.833 +/- 0.029
876,Kepler-1108 b,Kepler-1108,1.46,1063.0,0.0511,5406.0,G,0.0003735078173598,0.8369569947746835,0.8328605850512979,0.020509730368389798,7.66054462453528e-06,0.833 +/- 0.021
877,TOI-1798.02,TOI-1798,1.464,1935.83,0.010789,5165.0,K,0.1001205405631475,0.8651542827376023,0.8327245392419096,0.07008882754854548,0.0070173313015975975,0.833 +/- 0.070
878,K2-223 c,K2-223,1.5,1091.0,0.0549,5859.0,G,0.0436587998927089,0.8391585890232531,0.8325762585622615,0.05004712404783788,0.0021849973740101333,0.833 +/- 0.050
879,Kepler-197 d,Kepler-197,1.22,810.0,0.119,6004.0,F,0.0120060683550916,0.8376275268192297,0.8323562451640875,0.05002244475461719,0.0006005728910127272,0.832 +/- 0.050
880,Kepler-1207 b,Kepler-1207,1.62,802.0,0.1156,5909.0,G,0.0002038408137238,0.8406970255838302,0.8322407939830878,0.02271873669362676,4.631005774405632e-06,0.832 +/- 0.023
881,Kepler-1694 b,Kepler-1694,1.17986031,956.0,0.0449,4954.0,K,0.0019369090584531,0.7978338396728079,0.8322137563740949,0.05099653399978853,9.87756486539019e-05,0.832 +/- 0.051
882,Kepler-1216 b,Kepler-1216,1.39,1191.0,0.0519,5743.0,G,0.0001293266110858,0.8361140875289222,0.8321251286541399,0.022700153179661325,2.935733881854146e-06,0.832 +/- 0.023
883,Kepler-431 b,Kepler-431,0.764,1032.0,0.0719,6004.0,F,0.0025739163260137,0.849807938080258,0.8318483406541468,0.028676265341934824,7.381030753270687e-05,0.832 +/- 0.029
884,Kepler-658 b,Kepler-658,1.63,871.0,0.0188,4103.0,K,0.006749119839288,0.8317586760437122,0.831608110165709,0.04232409283015919,0.0002856503745998944,0.832 +/- 0.042
885,Kepler-605 b,Kepler-605,1.44,1133.0,0.04244,5462.0,G,0.0014236777071557,0.842463204733145,0.8314812907535745,0.024146131108775393,3.437630857362227e-05,0.831 +/- 0.024
886,Kepler-361 b,Kepler-361,1.45,1060.0,0.086,6169.0,F,0.0002942663880359,0.8391014798812116,0.8314634049155333,0.03020036587958215,8.886952584747276e-06,0.831 +/- 0.030
887,Kepler-1560 b,Kepler-1560,0.89,1269.0,0.04175,5815.0,G,0.002116183025359,0.8449064568468987,0.8314277143389087,0.023217821732304286,4.913316023571362e-05,0.831 +/- 0.023
888,Kepler-1431 b,Kepler-1431,1.47,1064.0,0.0648,5806.0,G,0.0001358411543094,0.8370549751670315,0.8313971629540811,0.02280215323985514,3.097470816841747e-06,0.831 +/- 0.023
889,Kepler-968 c,Kepler-968,1.69,644.0,0.052,4598.0,K,0.0173116027527525,0.8514270805828817,0.8312917598296855,0.058520798145140836,0.0010130888102626936,0.831 +/- 0.059
890,Kepler-1501 b,Kepler-1501,1.56,787.0,0.11592,6229.0,F,0.000366766547927,0.8338976999354534,0.8311227541107991,0.02619471759779396,9.607346147265527e-06,0.831 +/- 0.026
891,Kepler-1365 c,Kepler-1365,0.8,1137.0,0.05701,5770.0,G,0.0001925292830165,0.8373446419007587,0.8310712389968637,0.022725260208171942,4.3752780542427415e-06,0.831 +/- 0.023
892,K2-150 b,K2-150,2.0,377.9416012782775,0.0727,3499.0,M,0.1123702305096129,0.86992827136948,0.8307973576378868,0.07528790542645471,0.008460119287356651,0.831 +/- 0.075
893,TOI-270 c,TOI-270,2.33,489.0,0.04526,3506.0,M,0.3280809282316919,0.8633655270658139,0.830525185038495,0.0736872543530257,0.02417538280698545,0.831 +/- 0.074
894,K2-312 c,HD 80653,12.8,207.30950803453317,1.961,5959.0,G,0.1000012288743615,0.9815564474249908,0.8304410991326115,0.24576358526085434,0.02457666053865435,0.830 +/- 0.246
895,Kepler-1278 b,Kepler-1278,1.01,1213.0,0.04417,6074.0,F,0.000164006097859,0.8508903731668267,0.8304318131137717,0.024655850732449244,4.043709868022967e-06,0.830 +/- 0.025
896,Kepler-1476 b,Kepler-1476,1.67,860.0,0.0932,5663.0,G,0.0001859512976387,0.8335417526427008,0.8303166266386282,0.021196408837631152,3.941499728637921e-06,0.830 +/- 0.021
897,Kepler-365 c,Kepler-365,1.64,729.0,0.137,6012.0,F,0.0002632302756485,0.8320687408643914,0.8302308991829315,0.029422687783993623,7.744942215700395e-06,0.830 +/- 0.029
898,Kepler-1324 b,Kepler-1324,1.51,895.0,0.0466,4776.0,K,0.0027782653547229,0.8349625115410513,0.8301006877033673,0.022788065813488894,6.331129375076151e-05,0.830 +/- 0.023
899,Kepler-1199 b,Kepler-1199,1.15,931.0,0.11309,5889.0,G,0.0014344257383501,0.8173650550074286,0.8298844204851604,0.031005558905082636,4.447517172538068e-05,0.830 +/- 0.031
900,Kepler-386 b,Kepler-386,1.39,651.0,0.096,5178.0,K,0.0002316336694177,0.822691982910263,0.8298490157038217,0.0464972537324938,1.0770329499903386e-05,0.830 +/- 0.046
901,Kepler-466 c,Kepler-466,1.25,1206.0,0.04658,5927.0,G,0.0019149725093817,0.8381811859746622,0.829725954131988,0.022845049127749546,4.374764105511477e-05,0.830 +/- 0.023
902,Kepler-206 b,Kepler-206,1.2,983.0,0.078,5764.0,G,0.0010266927011056,0.8219279295621083,0.8297085564584169,0.02561780814544877,2.630161664125584e-05,0.830 +/- 0.026
903,Kepler-147 b,Kepler-147,1.53,953.0,0.113,6012.0,F,0.0001413413780695,0.8417067649026894,0.8294803929685165,0.05021765315924116,7.097832300943327e-06,0.829 +/- 0.050
904,Kepler-1558 b,Kepler-1558,0.68,1019.0,0.04278,5101.0,K,0.0117224328766994,0.8568913078588177,0.8294716358267403,0.04442062558645991,0.0005207178017782722,0.829 +/- 0.044
905,Kepler-534 c,Kepler-534,1.227,933.0,0.0761,5936.0,G,0.0013069703963559,0.8216072465577964,0.8293181628175583,0.027760651652132217,3.628234989288532e-05,0.829 +/- 0.028
906,Kepler-1311 b,Kepler-1311,1.24,1019.0,0.10082,5748.0,G,0.0002959924777642,0.8271964371528964,0.8287069850301807,0.03325224716851094,9.842415030635157e-06,0.829 +/- 0.033
907,TOI-5734 b,TOI-5734,2.1,688.0,0.05921,4750.0,K,0.3417310540880722,0.8048809987506678,0.8287015659179482,0.12220818161660028,0.04176233072202738,0.829 +/- 0.122
908,Kepler-605 c,Kepler-605,0.86,1278.0,0.03336,5462.0,G,0.0012539420263991,0.8415241669458028,0.8285783423697675,0.021992856511912275,2.757776706085192e-05,0.829 +/- 0.022
909,Kepler-334 b,Kepler-334,1.12,1090.0,0.061,5828.0,G,0.0045761791307362,0.8536218346807543,0.8284708038183429,0.036665413444840804,0.00016778749982609498,0.828 +/- 0.037
910,Kepler-895 b,Kepler-895,1.54,771.0,0.0328,4315.0,K,0.0017189755388795,0.8285608740385892,0.8283986681973784,0.035225571791844094,6.055189625322372e-05,0.828 +/- 0.035
911,Kepler-286 d,Kepler-286,1.33,919.0,0.061,5580.0,G,0.0001524222680769,0.8254512362452265,0.8283376743834207,0.02673590129406925,4.0751467143221605e-06,0.828 +/- 0.027
912,Kepler-1163 b,Kepler-1163,1.03,1211.0,0.06868,6302.0,F,0.0028201403353446,0.8468648081873705,0.8283252885897173,0.026109068908987707,7.363123834852786e-05,0.828 +/- 0.026
913,Kepler-1213 b,Kepler-1213,1.19,1156.0,0.06026,6050.0,F,0.0002994686599687,0.8351847182752176,0.8283189870205979,0.020755311323500097,6.21556526928176e-06,0.828 +/- 0.021
914,Kepler-304 e,Kepler-304,1.2,1137.0,0.02317,4817.0,K,0.0041238565061387,0.8187853376951862,0.8282945882155799,0.021303098359222887,8.785092076959396e-05,0.828 +/- 0.021
915,Kepler-1245 c,Kepler-1245,1.44,1190.0,0.0372,5306.0,G,0.0002747183396172,0.8329856973750669,0.8282667620799841,0.02299231478805021,6.316410542529148e-06,0.828 +/- 0.023
916,Kepler-967 c,Kepler-967,3.65,258.0,0.6253,5178.0,K,0.0052151079703243,0.9917656015721248,0.8282355580569933,0.23300521270080118,0.0012151473418830572,0.828 +/- 0.233
917,Kepler-1222 b,Kepler-1222,0.79,1246.0,0.02801,5239.0,G,0.0048456781053586,0.8380947035811781,0.8281277846684669,0.02849933382059933,0.00013809859791178404,0.828 +/- 0.028
918,Kepler-224 b,Kepler-224,1.39,937.0,0.038,5018.0,K,0.0004099032557646,0.8301348389925215,0.8280644762798727,0.027493393531055697,1.1269631520397123e-05,0.828 +/- 0.027
919,Kepler-939 b,Kepler-939,1.75,692.0,0.1153,5471.0,G,0.0002598513532787,0.8417669004933788,0.8278600926962251,0.03741715251307039,9.72289771635685e-06,0.828 +/- 0.037
920,Kepler-1693 b,Kepler-1693,1.28938413,807.0,0.1011,5432.34,G,0.0003085770658743,0.8241637694367481,0.8278115926312358,0.03760723735779275,1.1604730959506047e-05,0.828 +/- 0.038
921,Kepler-403 c,Kepler-403,1.75,604.0,0.297,6090.0,F,0.0006592467751152,0.8408660869284106,0.8276091196115075,0.037470120770082625,2.4702056280854046e-05,0.828 +/- 0.037
922,Kepler-1565 b,Kepler-1565,1.19,1234.0,0.0241,4940.0,K,0.0007289019761396,0.8359188053881634,0.8275472126139555,0.02679018979503876,1.95274222827587e-05,0.828 +/- 0.027
923,Kepler-1634 b,Kepler-1634,3.19,282.0,1.0525,5474.0,G,0.00234602107604,0.9911558586352692,0.8274443799544943,0.19282202541592225,0.00045236453555047416,0.827 +/- 0.193
924,Kepler-155 c,Kepler-155,2.24,286.0,0.242,4508.0,K,0.0179253616744535,0.9698333513811194,0.827430970644766,0.1311947085271616,0.002351712600123881,0.827 +/- 0.131
925,Kepler-1035 b,Kepler-1035,1.17,1301.0,0.03883,5763.0,G,0.0013938257289695,0.8450679865419826,0.8271713064877101,0.026428011253296323,3.68360420503399e-05,0.827 +/- 0.026
926,Kepler-1448 b,Kepler-1448,1.61,811.0,0.1058,5774.0,G,0.0004599067191869,0.8271883544618746,0.8271182809216103,0.026735629250554564,1.2295895534019868e-05,0.827 +/- 0.027
927,Kepler-1950 b,Kepler-1950,1.52696349,752.0,0.0871,5455.0,G,0.0004512900231241,0.8243552264886735,0.8270577414929353,0.035815335426522564,1.6163103552832766e-05,0.827 +/- 0.036
928,Kepler-1330 b,Kepler-1330,1.65,879.0,0.0889,5608.0,G,0.0002547412833788,0.8338377876241465,0.8270067019705849,0.02366020884798862,6.02723196694706e-06,0.827 +/- 0.024
929,Kepler-1638 b,Kepler-1638,1.87,304.0,0.745,5710.0,G,0.0005752938803613,0.9701451565027616,0.8269633557161515,0.09368080009494478,5.389399100197202e-05,0.827 +/- 0.094
930,K2-138 b,K2-138,1.51,1157.0,0.03385,5356.3,G,0.0395645088271167,0.8678717081662818,0.8267519729193458,0.06097126737000788,0.002412298246061169,0.827 +/- 0.061
931,Kepler-1471 b,Kepler-1471,1.41,1238.0,0.0453,5660.0,G,0.000155201184634,0.8317606916871892,0.8267017969181537,0.020687198678949012,3.2106777417318065e-06,0.827 +/- 0.021
932,HD 20868 b,HD 20868,13.7,189.440079066085,0.95,4802.0,K,0.1861512424320672,0.9732096602498516,0.8264749491334417,0.20902823043326096,0.03891086479852797,0.826 +/- 0.209
933,Kepler-1669 d,Kepler-1669,1.22,669.0,0.0468,4224.0,K,0.0015954063332704,0.7857827704225275,0.8264031738418526,0.05169200395922134,8.246975049598032e-05,0.826 +/- 0.052
934,K2-104 b,K2-104,1.79,798.0,0.0242,3712.0,K,0.0471292426510565,0.8129178615332859,0.8263733160864885,0.07996432768117101,0.003768658202714503,0.826 +/- 0.080
935,Kepler-764 b,Kepler-764,1.64,875.0,0.0724,5557.0,G,0.0002418134429286,0.83322896683666,0.8263528419998534,0.020160179204812622,4.875002343573305e-06,0.826 +/- 0.020
936,Kepler-1149 b,Kepler-1149,1.44,1128.0,0.0473,5833.0,G,0.0001560319729629,0.8335883866714611,0.8258985486871057,0.022893783849227176,3.5721622625810913e-06,0.826 +/- 0.023
937,TOI-4311 b,TOI-4311,1.376,1664.0,0.01817,5063.0,K,0.0807005433578637,0.8198209664352393,0.8255214449836097,0.05699425266136646,0.004599467158047642,0.826 +/- 0.057
938,Kepler-1882 b,Kepler-1882,1.48674404,894.0,0.11636,5691.0,G,0.0040623040736051,0.8219838239539176,0.8254918308850641,0.02914638353447061,0.00011840147256293658,0.825 +/- 0.029
939,Kepler-1136 b,Kepler-1136,1.64,922.0,0.0299,4512.0,K,0.0025664317125442,0.818012636154056,0.8253427877297737,0.03331975024871162,8.5512863692346e-05,0.825 +/- 0.033
940,Kepler-1295 b,Kepler-1295,1.55,1029.0,0.0464,5486.0,G,0.0001794605880624,0.832459725943224,0.8253102644760038,0.01887098110598629,3.3865973665947394e-06,0.825 +/- 0.019
941,Kepler-520 c,Kepler-520,1.07,1107.0,0.06035,6112.0,F,0.0009259674988105,0.8324040106342862,0.8249885319023562,0.02080158366450592,1.9261590397119903e-05,0.825 +/- 0.021
942,Kepler-1046 b,Kepler-1046,1.71,786.0,0.11858,5913.0,G,0.000830370628786,0.8296331994360023,0.8249066814492952,0.02387742838153567,1.982711521896846e-05,0.825 +/- 0.024
943,Kepler-1050 b,Kepler-1050,1.6,1039.0,0.12353,6010.0,F,0.0028155657451778,0.8153697765361135,0.8248631391520602,0.02542556193172959,7.158734122687452e-05,0.825 +/- 0.025
944,Kepler-1383 b,Kepler-1383,1.41,928.0,0.11397,6370.0,F,0.0002065136705021,0.8268280906037186,0.8247147248175111,0.03542177452036038,7.315080671897385e-06,0.825 +/- 0.035
945,Kepler-403 d,Kepler-403,1.42,958.0,0.12178,6209.0,F,0.0005132874980435,0.8302712210634897,0.8246288532907629,0.051314338637085635,2.633900849278659e-05,0.825 +/- 0.051
946,Kepler-1401 b,Kepler-1401,1.68,808.0,0.0975,5964.0,G,0.0001807139060534,0.8272089066440809,0.8244668502295459,0.019148480959285362,3.4603967891416134e-06,0.824 +/- 0.019
947,Kepler-1497 b,Kepler-1497,1.66,924.0,0.0817,5675.0,G,0.0002241006718296,0.824210439276058,0.8244251535021394,0.01882573192267507,4.218859171555431e-06,0.824 +/- 0.019
948,Kepler-1961 b,Kepler-1961,1.6187808,866.0,0.0588,5401.0,G,0.0001402398533656,0.831168037403189,0.8243761172192119,0.03558469093604033,4.990391838930492e-06,0.824 +/- 0.036
949,Kepler-1671 b,Kepler-1671,1.32557381,962.0,0.04946,5135.55,K,0.0088563101411697,0.8281919473469348,0.8243598378656996,0.05391560053447356,0.00047749327978071265,0.824 +/- 0.054
950,HD 214823 b,HD 214823,12.1,223.092810914778,3.08,6215.0,F,0.1088643350711492,0.9801058391042772,0.8243158353775576,0.24123330554417305,0.02626170340508177,0.824 +/- 0.241
951,Kepler-262 c,Kepler-262,1.64,618.0,0.152,5841.0,G,0.0010972810886621,0.8177029437076406,0.8242982692798457,0.04923228315325219,5.402165325572134e-05,0.824 +/- 0.049
952,Kepler-382 b,Kepler-382,1.32,1166.0,0.055,5600.0,G,0.0002239691482246,0.8276879082835127,0.8241183384580008,0.028090316069875172,6.291364163529735e-06,0.824 +/- 0.028
953,Kepler-251 b,Kepler-251,1.33,990.0,0.053,5526.0,G,0.0002092242515327,0.8249304192450085,0.824040761552978,0.023311069186223315,4.877241002914559e-06,0.824 +/- 0.023
954,Kepler-1028 b,Kepler-1028,1.33,1217.0,0.0354,5522.0,G,0.0009062945579992,0.8468920947573187,0.8238952264304038,0.03119477417058843,2.8271654068818303e-05,0.824 +/- 0.031
955,K2-21 b,K2-21,1.84,500.0,0.076,4222.06,K,0.138664780092874,0.8567499695796054,0.8236711520634677,0.08142691496747602,0.011291045257606212,0.824 +/- 0.081
956,Kepler-1398 c,Kepler-1398,1.03,1324.0,0.05087,6126.0,F,0.0001663944999289,0.8340970564675968,0.8236583053643873,0.020128464989382238,3.349265866244629e-06,0.824 +/- 0.020
957,Kepler-1813 b,Kepler-1813,1.413,1059.0,0.0364,5167.0,K,0.0082204174700657,0.828779364837799,0.8236326350846521,0.02878421594246509,0.0002366182715955837,0.824 +/- 0.029
958,Kepler-1210 b,Kepler-1210,1.7,856.0,0.0753,5568.0,G,0.00020128794739,0.8311199369249952,0.8233030855002321,0.021509622559177162,4.32962777407041e-06,0.823 +/- 0.022
959,TOI-1444 b,TOI-1444,1.41792246,2130.02,0.0116,5460.0,G,0.0889297026493957,0.8972049331649213,0.8232567017929062,0.06902058269526996,0.006137979895778385,0.823 +/- 0.069
960,Kepler-384 b,Kepler-384,1.12,670.0,0.148,5577.0,G,0.0004105239695189,0.7770184594268048,0.8228172613581437,0.05903169397702805,2.4233925338874498e-05,0.823 +/- 0.059
961,Kepler-173 b,Kepler-173,1.29,1179.0,0.048,6031.0,F,0.0002739247962957,0.8363266192671496,0.8223153885943489,0.03529976516491391,9.66948098208509e-06,0.822 +/- 0.035
962,Kepler-1575 b,Kepler-1575,1.31,1312.0,0.0366,5667.0,G,0.0001087067650462,0.8350818193222395,0.8221400441856563,0.02273934568400465,2.4719207085754155e-06,0.822 +/- 0.023
963,Kepler-851 b,Kepler-851,1.68,900.0,0.0802,5455.0,G,0.0002953254292174,0.8239152511524104,0.822040916324984,0.0211958965357095,6.25968724205601e-06,0.822 +/- 0.021
964,Kepler-595 c,Kepler-595,1.009,679.0,0.0983,5138.5,K,0.0006332907075446,0.813752133474681,0.8219713821032898,0.038744194442557216,2.4536338311772616e-05,0.822 +/- 0.039
965,Kepler-1701 b,Kepler-1701,2.22186207,273.0,0.5738,5146.0,K,0.0019623139083898,0.9431044208264888,0.8218131622687888,0.13126189470961838,0.0002575770416302816,0.822 +/- 0.131
966,Kepler-826 b,Kepler-826,1.25,1305.0,0.05202,6079.0,F,0.0003430172891535,0.8288773703772399,0.8216897937781402,0.020303042917532592,6.964294743139198e-06,0.822 +/- 0.020
967,Kepler-237 b,Kepler-237,1.41,823.0,0.05,4861.0,K,0.0007367284693732,0.8407796501429335,0.8216790352428223,0.05372693300920028,3.958216111998458e-05,0.822 +/- 0.054
968,Kepler-1165 b,Kepler-1165,1.55,946.0,0.0914,6080.0,F,0.0002421740100062,0.8228631405219388,0.8214936539280076,0.027247696372400446,6.598683893935605e-06,0.821 +/- 0.027
969,BD-08 2823 c,BD-08 2823,12.5,213.89821924260616,0.68,4746.0,K,0.1984308099054132,0.985087341167613,0.8214617077842603,0.21156881324277563,0.041981770962491075,0.821 +/- 0.212
970,Kepler-403 b,Kepler-403,1.25,1194.0,0.076,6090.0,F,0.0004228171591983,0.8238151792599928,0.8213177521420999,0.021841219817591694,9.234842516699734e-06,0.821 +/- 0.022
971,Kepler-306 b,Kepler-306,1.52,830.0,0.05,4954.0,K,0.0004202689634484,0.8234109012120484,0.8212815218983174,0.025168345843807585,1.057747461948786e-05,0.821 +/- 0.025
972,Kepler-382 c,Kepler-382,1.59,882.0,0.097,5600.0,G,0.0002927076801337,0.8163053941885424,0.8211183893121573,0.037428346736730324,1.0955564544548075e-05,0.821 +/- 0.037
973,Kepler-380 b,Kepler-380,1.19,1317.0,0.05,6045.0,F,0.0002570996130263,0.8255135004637199,0.8211109239293302,0.018340479910894842,4.715330287807693e-06,0.821 +/- 0.018
974,LTT 3780 c,LTT 3780,2.39,359.0,0.0757,3358.0,M,0.3303118035146778,0.8892909980959663,0.8209923972372958,0.11484032806822037,0.03793311588043115,0.821 +/- 0.115
975,Kepler-1005 b,Kepler-1005,1.5,1026.0,0.06717,5782.0,G,0.0014534346206827,0.8364193567203536,0.820973811743919,0.03738126938890624,5.4331231094902775e-05,0.821 +/- 0.037
976,Kepler-1930 b,Kepler-1930,1.52955541,643.0,0.10233,5083.0,K,0.0196461391723455,0.8319993295535603,0.8207671019551457,0.10101143404748075,0.0019844846912950055,0.821 +/- 0.101
977,Kepler-300 b,Kepler-300,1.67,812.0,0.094,5986.0,G,0.0003834814153302,0.8307819281410853,0.8205388034582763,0.045012833751821815,1.7261585195171627e-05,0.821 +/- 0.045
978,Kepler-1680 b,Kepler-1680,1.35954736,771.0,0.07642,5021.0,K,0.013967649401474,0.8095809635943984,0.820433140027807,0.044243196474423784,0.000617973456755282,0.820 +/- 0.044
979,Kepler-115 b,Kepler-115,1.09,1489.0,0.036,5979.0,G,0.0006999680960791,0.8328582752079782,0.8203016267711912,0.020890503350255496,1.46226858562124e-05,0.820 +/- 0.021
980,HD 48265 b,HD 48265,12.6,258.856500686778,1.814,5733.0,G,0.1213084498953626,0.8598539194873996,0.8202160153481897,0.16892413133276174,0.020491924521897978,0.820 +/- 0.169
981,Kepler-364 b,Kepler-364,1.55,753.0,0.178,6108.0,F,0.0003578452112965,0.7904452221512972,0.8202094490194435,0.06822544111734109,2.4414147392431844e-05,0.820 +/- 0.068
982,Kepler-1645 b,Kepler-1645,1.78,754.0,0.1285,5812.0,G,0.000389571767943,0.8293756919702959,0.8201765505361214,0.03230424855669319,1.2584823222301073e-05,0.820 +/- 0.032
983,Kepler-169 b,Kepler-169,1.13,962.0,0.04,4997.0,K,0.0054441894680612,0.8084436519176255,0.8201421922779167,0.030674570780591544,0.00016699817518099432,0.820 +/- 0.031
984,K2-270 b,K2-270,1.38,1203.0,0.0247,4877.0,K,0.0187585468770714,0.7778132390226934,0.8199359234581445,0.05192184835117574,0.0009739784262397225,0.820 +/- 0.052
985,Kepler-384 c,Kepler-384,1.13,531.0,0.236,5577.0,G,0.0004181384204753,0.8019086560010663,0.819814037502533,0.05439993818970274,2.2746704228596257e-05,0.820 +/- 0.054
986,Kepler-1783 b,Kepler-1783,1.31946731,1088.0,0.07595,5129.0,K,0.0220032625203393,0.8326835752787959,0.8197301944349934,0.050311370764981087,0.0011070142987000026,0.820 +/- 0.050
987,Kepler-1940 b,Kepler-1940,1.54732469,885.0,0.0525,5431.0,G,0.0003022586766566,0.7746276991723989,0.8194620980635499,0.03728712979273968,1.1270358507476382e-05,0.819 +/- 0.037
988,WASP-132 c,WASP-132,1.841,1329.0,0.01833,4686.0,K,0.093241314369226,0.808813337110274,0.8193803388894093,0.056212490714279174,0.005241326518167302,0.819 +/- 0.056
989,Kepler-1853 b,Kepler-1853,1.51862272,386.0,0.2395,4821.0,K,0.0015649645489213,0.819932098143579,0.8193366961524855,0.04298810855715593,6.72748659171294e-05,0.819 +/- 0.043
990,Kepler-1130 c,Kepler-1130,0.79239584,1072.0,0.04238,5450.0,G,0.0250519132093334,0.8422527058384406,0.8192736062330287,0.035421048997115706,0.0008873650452592885,0.819 +/- 0.035
991,Kepler-1563 b,Kepler-1563,0.75,1134.0,0.0442,5765.0,G,0.0007705728290237,0.8301052005154943,0.8192254412001799,0.03162785322158312,2.4371564332901648e-05,0.819 +/- 0.032
992,Kepler-1633 b,Kepler-1633,1.58,925.0,0.3875,6256.0,F,0.0004222473137887,0.812813440494988,0.8192014855410875,0.037786209827066305,1.5955125597734926e-05,0.819 +/- 0.038
993,Kepler-520 b,Kepler-520,1.66,711.0,0.14628,6112.0,F,0.001305789315146,0.8138036398774356,0.8189250563599771,0.02842937596455997,3.712277537079092e-05,0.819 +/- 0.028
994,Kepler-1130 d,Kepler-1130,0.64472273,981.0,0.05068,5450.0,G,0.0250351459724961,0.8191799795277697,0.8188616171353995,0.03439452365132134,0.0008610719202652993,0.819 +/- 0.034
995,Kepler-1260 b,Kepler-1260,1.77,823.0,0.1444,5961.0,G,0.0002522942666457,0.8159170343036447,0.818759293053138,0.024208977460375744,6.1077862146077796e-06,0.819 +/- 0.024
996,Kepler-1449 b,Kepler-1449,1.68,867.0,0.1176,5979.0,G,0.0002030285694473,0.8177900013828557,0.8185183178062292,0.03347138673668014,6.7956477665655e-06,0.819 +/- 0.033
997,Kepler-1614 b,Kepler-1614,1.49,981.0,0.0471,5121.0,K,0.0001759763405837,0.8344675206770792,0.8184819687218051,0.040890318293327024,7.195728578562414e-06,0.818 +/- 0.041
998,Kepler-386 c,Kepler-386,1.58,513.0,0.155,5178.0,K,0.0004008772760611,0.8168982690698057,0.818438044920448,0.03667605631667651,1.470259755289278e-05,0.818 +/- 0.037
999,Kepler-1602 b,Kepler-1602,1.34,1159.0,0.09744,6296.0,F,0.0007277753778752,0.8189348251969831,0.8181737676383973,0.026906076121914434,1.9581579716765174e-05,0.818 +/- 0.027
1000,Kepler-763 b,Kepler-763,1.22,1414.0,0.0205,5166.0,K,0.0001410602659333,0.826803801744234,0.8181542969495496,0.021417044192054823,3.0210939492364913e-06,0.818 +/- 0.021
1001,Kepler-1868 b,Kepler-1868,3.14950109,215.0,0.62348,4658.0,K,0.0257385980902056,0.986777754135452,0.8180774545304496,0.2284837350818705,0.005880851027421275,0.818 +/- 0.228
1002,Kepler-888 b,Kepler-888,1.76,417.0,0.31481,5875.0,G,0.0060338428315102,0.8317835166830055,0.8179032108880568,0.08620050901900109,0.0005201203234168301,0.818 +/- 0.086
1003,Kepler-625 c,Kepler-625,1.05,1048.0,0.05379,5789.0,G,0.0004408419161838,0.8223896454336068,0.8177361571390499,0.025531806181138476,1.1255490360526476e-05,0.818 +/- 0.026
1004,Kepler-246 c,Kepler-246,1.5,667.0,0.095,5206.0,G,0.0008941286660146,0.8102630233779754,0.8175078874355688,0.03729145746877041,3.334336112029188e-05,0.818 +/- 0.037
1005,Kepler-1867 b,Kepler-1867,1.15985997,768.0,0.0872,5693.0,G,0.0004982073904922,0.8037913918856615,0.8174458914702611,0.04313898557622998,2.149216143241419e-05,0.817 +/- 0.043
1006,K2-189 b,K2-189,1.403,1203.0,0.0361,5442.0,G,0.0282128935857098,0.820518979146349,0.8172914023172341,0.030354152815121136,0.0008563784832573861,0.817 +/- 0.030
1007,Kepler-440 b,Kepler-440,1.86,229.0,0.242,4134.0,K,0.0164708182746662,0.9574063073229316,0.8171526834347177,0.12756206182566557,0.002101051539072272,0.817 +/- 0.128
1008,Kepler-1584 b,Kepler-1584,1.61,886.0,0.1168,6069.0,F,0.000131477886839,0.8231800047484943,0.8171519826770273,0.023768642271686524,3.1250508589134727e-06,0.817 +/- 0.024
1009,Kepler-1542 d,Kepler-1542,0.87,1010.0,0.0629,5564.0,G,0.0058241194250882,0.8209704734405574,0.8170775950139616,0.029357358697016295,0.00017098076305657462,0.817 +/- 0.029
1010,Kepler-1086 c,Kepler-1086,2.94,211.0,0.503,4350.0,K,0.0051829382317157,0.9876452773018992,0.8169336024647749,0.20890766895509655,0.001082755544325977,0.817 +/- 0.209
1011,Kepler-927 b,Kepler-927,1.72,906.0,0.0866,5743.0,G,0.0004036145152552,0.819271840762301,0.8168990183380034,0.027966689935900062,1.1287762001770783e-05,0.817 +/- 0.028
1012,Kepler-167 b,Kepler-167,1.718,918.0,0.04825,4884.0,K,0.0105940472279943,0.8160310138665562,0.8168705924133396,0.03164415461512514,0.00033523966848258947,0.817 +/- 0.032
1013,Kepler-21 b,Kepler-21,1.639,2015.0,0.0434,6305.0,F,0.1140298649945625,0.8972209435941985,0.8167535627732715,0.13764513024239666,0.015695655618699463,0.817 +/- 0.138
1014,Kepler-197 b,Kepler-197,1.02,1142.0,0.06,6004.0,F,0.0116849074234304,0.8147560248793678,0.8167357486711959,0.0293157893942678,0.000342552285116802,0.817 +/- 0.029
1015,Kepler-905 b,Kepler-905,1.41,928.0,0.05689,5461.0,G,0.0018646011725726,0.8121389734462968,0.8164487599396774,0.028444732265801957,5.303808113632799e-05,0.816 +/- 0.028
1016,Kepler-2001 b,Kepler-2001,1.04,1402.0,0.0197,5081.0,K,0.000225458814832,0.8359580835483478,0.8161673164534835,0.029470210711634144,6.644318779894345e-06,0.816 +/- 0.029
1017,TOI-784 b,HD 307842,1.93,1256.0,0.038,5558.0,G,0.1931316891151953,0.9188670995589242,0.8161120266291488,0.12007957707155996,0.02319117154806865,0.816 +/- 0.120
1018,K2-265 b,K2-265,1.70824866,1366.0,0.03359,5420.0,G,0.0798412212664707,0.8578743038623518,0.8160139617300426,0.08831662951087312,0.0070513075582865365,0.816 +/- 0.088
1019,Kepler-1988 b,Kepler-1988,1.53,1105.0,0.1038,6033.0,F,0.0023286536404693,0.8278648864438533,0.8159420976383523,0.02773600176333468,6.458754147825222e-05,0.816 +/- 0.028
1020,Kepler-379 b,Kepler-379,1.66,775.0,0.152,6054.0,F,0.0006066756377071,0.8046148744870263,0.815804746161247,0.02840124280851956,1.723034209253279e-05,0.816 +/- 0.028
1021,HD 92788 b,HD 92788,13.0,274.65385990984964,0.97,5744.0,G,0.2121395843288101,0.9260362197136308,0.8157565990795941,0.18196032760036643,0.03860098826147585,0.816 +/- 0.182
1022,Kepler-128 b,Kepler-128,1.421,968.0,0.12545,6072.0,F,0.00664146203545,0.848620635291695,0.8157304774409389,0.07551714251669908,0.000501544235050324,0.816 +/- 0.076
1023,GJ 3929 c,GJ 3929,2.26,317.0,0.081,3384.0,M,0.256130601027621,0.7511600423396636,0.8156983630477456,0.10368522523529924,0.02655695905720145,0.816 +/- 0.104
1024,Kepler-1990 c,Kepler-1990,0.98,1170.0,0.0504,5751.0,G,0.00625182194003,0.8251271578396931,0.8156826741264187,0.023861895681553395,0.00014918032295264263,0.816 +/- 0.024
1025,Kepler-1038 c,Kepler-1038,1.4162338,784.0,0.0692,5159.0,K,0.0010896123600083,0.7638719219573292,0.8155892975843686,0.04558974374514148,4.9675148274317244e-05,0.816 +/- 0.046
1026,Kepler-286 c,Kepler-286,1.37,1098.0,0.042,5580.0,G,0.0001428248345019,0.79639445255509,0.8154916277431471,0.032295175022487244,4.612553027796636e-06,0.815 +/- 0.032
1027,Kepler-285 b,Kepler-285,1.34,1131.0,0.036,5411.0,G,0.0002590140751604,0.8165324758234753,0.8154851542657903,0.02624903273485242,6.798868937672865e-06,0.815 +/- 0.026
1028,Kepler-1994 b,Kepler-1994,0.51,1032.0,0.053,5495.0,G,0.0269196288529805,0.8298053986047106,0.8154775849794447,0.04495137900239166,0.0012100744391740444,0.815 +/- 0.045
1029,Kepler-1616 b,Kepler-1616,1.02,1337.0,0.07318,6266.0,F,0.00013779541924,0.8236445285328365,0.8153431094301541,0.02332325653035916,3.213837911642908e-06,0.815 +/- 0.023
1030,Kepler-1555 b,Kepler-1555,1.61,959.0,0.0805,5866.0,G,0.0001511756490418,0.8292151981303381,0.8152714819965086,0.03490093879278842,5.276172074167925e-06,0.815 +/- 0.035
1031,Kepler-889 b,Kepler-889,1.09,1328.0,0.04975,5961.0,G,0.0010184185265901,0.8301954578509648,0.8151590455099393,0.02544369101862189,2.5912326318198664e-05,0.815 +/- 0.025
1032,Kepler-154 e,Kepler-154,1.5,1140.0,0.04766,5769.0,G,0.0002650988763193,0.8258144823466984,0.8147745368993909,0.02468809696158086,6.544786762977011e-06,0.815 +/- 0.025
1033,Kepler-1143 b,Kepler-1143,1.67,976.0,0.0371,5053.0,K,0.0014499029345987,0.8215316644272338,0.8147140687919596,0.022713788200865757,3.2932788168288585e-05,0.815 +/- 0.023
1034,Kepler-392 c,Kepler-392,1.1,901.0,0.093,5938.0,G,0.0004727891053395,0.797450142254862,0.8145503873874698,0.041475008470722934,1.9608932148821282e-05,0.815 +/- 0.041
1035,Kepler-1695 b,Kepler-1695,1.11948901,957.0,0.0529,5473.19,G,0.0002314855220807,0.8069719943637655,0.8144226206183864,0.027185166070616627,6.292972360707222e-06,0.814 +/- 0.027
1036,Kepler-760 c,Kepler-760,1.48,1139.0,0.03489,5322.0,G,0.0003256287356618,0.8281743002049506,0.814386386861956,0.025663141014872447,8.356656161783398e-06,0.814 +/- 0.026
1037,Kepler-1126 c,Kepler-1126,1.45,305.0,0.6193,5678.0,G,0.001027225932373,0.7997840163635002,0.8141767669658471,0.0654587472821064,6.724092270883034e-05,0.814 +/- 0.065
1038,Kepler-139 d,Kepler-139,1.695,972.0,0.0755533961,5622.0,G,0.0067596751434551,0.8154760213584213,0.8140088589228061,0.043053211083425934,0.0002910257208065599,0.814 +/- 0.043
1039,Kepler-55 d,Kepler-55,1.59,931.0,0.029,4503.0,K,0.0013391090343473,0.8019775791430124,0.8139005656288159,0.025846558231521218,3.461135963461363e-05,0.814 +/- 0.026
1040,K2-268 b,K2-268,1.5,1136.0,0.0308,5106.0,K,0.0121041749142829,0.7815550931868103,0.8137840461073189,0.045616134828078594,0.0005521456748725754,0.814 +/- 0.046
1041,Kepler-299 b,Kepler-299,1.32,1258.0,0.04,5617.0,G,0.0001332284352461,0.8207788874731208,0.8134872688484405,0.02261096255467693,3.0124231605677673e-06,0.813 +/- 0.023
1042,K2-131 b,K2-131,1.69,2223.0,0.00936,5120.0,K,0.0693523148995726,0.8422800152292987,0.8134129062329639,0.08474525623720214,0.005877279696807411,0.813 +/- 0.085
1043,Kepler-866 b,Kepler-866,1.63,996.0,0.0331,4751.0,K,0.0007731393144456,0.8197648576732208,0.8133224639383075,0.033656500247120705,2.602116352769707e-05,0.813 +/- 0.034
1044,Kepler-376 b,Kepler-376,1.07,1242.0,0.057,5900.0,G,0.0001716224084689,0.8074660989155662,0.8133088638812523,0.023653773560139476,4.059517587769124e-06,0.813 +/- 0.024
1045,Kepler-1379 b,Kepler-1379,1.3,1564.0,0.0171,5188.0,K,0.0001483089919605,0.8172113247861641,0.8130707797384383,0.014906145834016397,2.2107154626591782e-06,0.813 +/- 0.015
1046,Kepler-1409 b,Kepler-1409,1.04,1733.0,0.01553,5160.0,K,0.0003919244033345,0.8202880492869097,0.8130291525581748,0.018660218154340515,7.313394866231511e-06,0.813 +/- 0.019
1047,Kepler-387 c,Kepler-387,0.89,826.0,0.098,5774.0,G,0.0002301518034062,0.7871193575921213,0.8129758834618915,0.06368913021564263,1.4658168176502453e-05,0.813 +/- 0.064
1048,TOI-4336 A b,TOI-4336 A,2.137,309.4,0.0849,3307.0,M,0.311426527569092,0.8038315743543175,0.8128330660025648,0.10207392713001687,0.031788528681441684,0.813 +/- 0.102
1049,TOI-1468 c,TOI-1468,2.126,338.1,0.08608,3376.0,M,0.2938242223599344,0.7903494336405632,0.8126723869345958,0.08869469605182029,0.026060650094876837,0.813 +/- 0.089
1050,Kepler-914 b,Kepler-914,1.38,1192.0,0.05454,5877.0,G,0.0003731675897637,0.8139178185786775,0.8125280423923992,0.02499494899884298,9.327304874164841e-06,0.813 +/- 0.025
1051,TOI-406.01,TOI-406,2.08,368.0,0.0809,3392.0,M,0.2618937665596719,0.8067393668623429,0.8125269928174549,0.07920728907145437,0.020743895273903922,0.813 +/- 0.079
1052,Kepler-1006 b,Kepler-1006,1.54,791.0,0.1464,5328.0,G,0.0005244793699718,0.7966345728548345,0.8124765642122885,0.03750090200162009,1.966844945518392e-05,0.812 +/- 0.038
1053,Kepler-784 c,Kepler-784,1.55,844.0,0.1309,5676.0,G,0.0005119543412706,0.825816547642245,0.8124183047631379,0.0689583763928824,3.5303540161308203e-05,0.812 +/- 0.069
1054,Kepler-1293 b,Kepler-1293,0.97,1183.0,0.06763,6241.0,F,0.0001344327509784,0.8391828789156012,0.8120971689038895,0.03162114894812286,4.250918042193895e-06,0.812 +/- 0.032
1055,Kepler-830 b,Kepler-830,1.7,907.0,0.1033,6037.0,F,0.0001979731652458,0.8094861891181173,0.8118977052019183,0.032083702662832385,6.351712168966029e-06,0.812 +/- 0.032
1056,Kepler-65 d,Kepler-65,1.52,1117.0,0.084,6211.0,F,0.0160114485818846,0.839849461894173,0.8118677526341502,0.05929974986256526,0.0009494748958430821,0.812 +/- 0.059
1057,Kepler-1579 b,Kepler-1579,0.84,1139.0,0.014,4584.0,K,0.0029352745675685,0.8083209141663957,0.8118596383094903,0.03871212142941038,0.0001136307054883718,0.812 +/- 0.039
1058,Kepler-1809 b,Kepler-1809,1.513,877.0,0.04444,4901.0,K,0.0052644906097703,0.8100132517890574,0.8118460244350792,0.02768919666423668,0.00014576951583095712,0.812 +/- 0.028
1059,Kepler-1037 b,Kepler-1037,1.28,1650.0,0.0198,5105.0,K,0.0037054030577724,0.8164990618236625,0.8117568867127705,0.0189981068087588,7.03956430610615e-05,0.812 +/- 0.019
1060,Kepler-381 b,Kepler-381,0.99,1576.0,0.066,6152.0,F,0.0215549022360132,0.8236256462607788,0.8117028194397659,0.0320691036282741,0.0006912463935040245,0.812 +/- 0.032
1061,HD 181720 b,HD 181720,14.0,227.81044115937723,1.85,5736.0,G,0.1643069746194463,0.9832297909771096,0.8115619830081249,0.24206323099257154,0.039772677150997617,0.812 +/- 0.242
1062,Kepler-1193 b,Kepler-1193,1.32,1453.0,0.04004,5908.0,G,0.0003003477382561,0.8214937072875457,0.811481168033908,0.020059615414543187,6.024860120045246e-06,0.811 +/- 0.020
1063,CoRoT-7 b,CoRoT-7,1.68135,1756.0,0.017016,5275.0,G,0.0630698471384735,0.7957972093303749,0.8113339977313748,0.057205947312360984,0.003607970352402176,0.811 +/- 0.057
1064,Kepler-495 c,Kepler-495,1.21936414,1000.0,0.0614,5392.0,G,0.0005660787849377,0.7768201019259957,0.8112739328754859,0.05736802572675324,3.247482229767519e-05,0.811 +/- 0.057
1065,Kepler-84 d,Kepler-84,1.38,1254.0,0.052,6031.0,F,0.0001557275694133,0.8278060697262856,0.8110996294978879,0.03497628697123037,5.446772157131778e-06,0.811 +/- 0.035
1066,Kepler-317 c,Kepler-317,1.72,837.0,0.083,5497.0,G,0.0002652721550177,0.8122111761861303,0.8110188281748564,0.02116839821710203,5.615386613323494e-06,0.811 +/- 0.021
1067,Kepler-1248 b,Kepler-1248,1.18,1035.0,0.0806,6149.0,F,0.0010667229539334,0.7874027280346594,0.810855440972733,0.03371320725490194,3.596265202951793e-05,0.811 +/- 0.034
1068,Kepler-400 b,Kepler-400,1.65,939.0,0.087,5886.0,G,0.000443445518769,0.8127541712565753,0.8107319313891049,0.028689576208990774,1.2722264005258674e-05,0.811 +/- 0.029
1069,HD 13908 c,HD 13908,12.8,250.23165467780777,2.03,6255.0,F,0.1354046191384933,0.9769758083940534,0.8105512281734852,0.22028902429312996,0.029828151434801563,0.811 +/- 0.220
1070,HD 154391 b,HD 154391,12.5,231.9344271140756,7.46,4909.0,K,0.1093236200382871,0.9821387408926114,0.8105373452174336,0.22330191588918955,0.024412173806491303,0.811 +/- 0.223
1071,Kepler-598 b,Kepler-598,1.5,1050.0,0.04487,5307.0,G,0.0006137551954462,0.8021796730493257,0.8103068459767762,0.04057568000885391,2.49035344141966e-05,0.810 +/- 0.041
1072,Kepler-768 b,Kepler-768,1.79,618.0,0.092,5108.0,K,0.0004056785463114,0.8544197805945994,0.8100266158679122,0.056618362710170386,2.29688550787935e-05,0.810 +/- 0.057
1073,Kepler-1421 b,Kepler-1421,0.93,1209.0,0.07576,6335.0,F,0.0002615052471044,0.8263451769806214,0.8100155706792022,0.029794862103004933,7.79151277668783e-06,0.810 +/- 0.030
1074,Kepler-1622 b,Kepler-1622,1.47,922.0,0.10136,6436.0,F,0.0002651906623763,0.815570470931949,0.8099910591974665,0.03301077739638036,8.7541499233027e-06,0.810 +/- 0.033
1075,Kepler-1594 b,Kepler-1594,1.06,1360.0,0.0396,5946.0,G,9.155983004190168e-05,0.8443032919611727,0.8099211841088638,0.02999405414156715,2.7462504994694853e-06,0.810 +/- 0.030
1076,Kepler-1047 c,Kepler-1047,0.99,1309.0,0.04413,5754.0,G,0.00022762352572,0.8164583694842247,0.8097589258948028,0.023948542638180737,5.451251711158449e-06,0.810 +/- 0.024
1077,Kepler-190 c,Kepler-190,1.46,948.0,0.045,5106.0,K,0.0043710959346179,0.8052671466577505,0.8095732428439927,0.03211843162527242,0.00014039274590353125,0.810 +/- 0.032
1078,Kepler-362 c,Kepler-362,1.45,543.0,0.207,5788.0,G,0.0005197145600677,0.7999655767186603,0.8095435870316019,0.0432418830224895,2.2473436211532075e-05,0.810 +/- 0.043
1079,Kepler-36 b,Kepler-36,1.498,978.0,0.11419,5979.0,G,0.0022472791684242,0.8087784622213493,0.8094279914214885,0.05466915259078969,0.00012285684777268554,0.809 +/- 0.055
1080,Kepler-1841 b,Kepler-1841,1.48912557,542.0,0.1606,5190.0,K,0.0008120474220054,0.8009009337469214,0.8093396982868813,0.03686184655388739,2.9933567464442894e-05,0.809 +/- 0.037
1081,Kepler-1964 b,Kepler-1964,1.7810587,986.0,0.0322,4803.0,K,0.0082396477226487,0.8171006766295517,0.8092915055737014,0.03679849202671991,0.0003032066110248691,0.809 +/- 0.037
1082,Kepler-1891 b,Kepler-1891,1.52139156,1017.0,0.0473,5516.0,G,0.000974538705548,0.8210437974324934,0.8091846721333206,0.057835691716873326,5.6363120140234914e-05,0.809 +/- 0.058
1083,Kepler-886 b,Kepler-886,1.52,1111.0,0.06428,6098.0,F,0.0004705420043382,0.8120316043913124,0.8091432802134243,0.02849949886339668,1.3410211317816925e-05,0.809 +/- 0.028
1084,Kepler-320 b,Kepler-320,1.14,1292.0,0.085,6435.0,F,0.0002722151973415,0.7969054452194478,0.8090449016444923,0.02661753115994048,7.245696497446723e-06,0.809 +/- 0.027
1085,Kepler-1888 b,Kepler-1888,1.32578716,886.0,0.0956,5557.0,G,0.0058209872744216,0.7932338791336564,0.8088296397314556,0.03580744453449689,0.00020843467896486368,0.809 +/- 0.036
1086,Kepler-1393 b,Kepler-1393,0.8,1249.0,0.0337,5697.0,G,0.0014190689749384,0.8149154692703425,0.8088259943142343,0.02912867892611405,4.1335604544990446e-05,0.809 +/- 0.029
1087,Kepler-381 d,Kepler-381,1.0667865,1387.0,0.08364,6197.0,F,0.0213351176318054,0.81398472777608,0.8086712944040712,0.054442483096304096,0.001161536781027225,0.809 +/- 0.054
1088,Kepler-372 b,Kepler-372,1.36,1081.0,0.075,6509.0,F,0.0001167451276056,0.8112835812926875,0.8086368615676023,0.026866543644086343,3.1365380660502818e-06,0.809 +/- 0.027
1089,Kepler-187 b,Kepler-187,1.41,1244.0,0.059,6105.0,F,0.0001895454253514,0.8181855397328178,0.8085906145197719,0.03441422693360208,6.523059282269211e-06,0.809 +/- 0.034
1090,Kepler-778 b,Kepler-778,1.68,977.0,0.0453,5102.0,K,0.00027040186078,0.8140593178448678,0.8084759712184083,0.020904245610426628,5.652546911261507e-06,0.808 +/- 0.021
1091,Kepler-260 c,Kepler-260,1.74,372.0,0.332,5250.0,G,0.0012994869293942,0.8103964062505896,0.8083449923245494,0.04819761510130968,6.263217085212443e-05,0.808 +/- 0.048
1092,Kepler-932 b,Kepler-932,1.37,1276.0,0.02876,5331.0,G,0.0032026124346773,0.8435591263605244,0.8082620125030876,0.031026318620180557,9.936527381525009e-05,0.808 +/- 0.031
1093,Kepler-1098 b,Kepler-1098,1.3,1319.0,0.0358,5794.0,G,0.0001489475963293,0.8337245768372659,0.8082018704215365,0.028224314562790332,4.203943812169678e-06,0.808 +/- 0.028
1094,Kepler-1967 b,Kepler-1967,0.73022577,1086.0,0.06686,4970.0,K,0.0251184768542321,0.8217997708262064,0.8081304000275228,0.0560385516797674,0.0014076030633129268,0.808 +/- 0.056
1095,Kepler-1511 b,Kepler-1511,1.68,903.0,0.1753,6064.0,F,0.0004230941483228,0.8016903447602602,0.8079270639358341,0.03231537117185203,1.3672444443689897e-05,0.808 +/- 0.032
1096,Kepler-1173 b,Kepler-1173,0.89,1650.0,0.0156,5252.0,G,0.0070522027886389,0.8241651087306541,0.8078051547930382,0.02355851251802486,0.00016613940767579936,0.808 +/- 0.024
1097,Kepler-1688 b,Kepler-1688,1.26174569,772.0,0.0577,4632.11,K,0.0014200654306391,0.787737364466028,0.8077652275120102,0.03704886882963518,5.2611817869247406e-05,0.808 +/- 0.037
1098,Kepler-1943 b,Kepler-1943,1.54869189,1098.0,0.05975,6032.0,F,0.0001467595185652,0.8229057421439719,0.8077241578129472,0.044132151358966414,6.476813286688448e-06,0.808 +/- 0.044
1099,Kepler-402 e,Kepler-402,1.46,931.0,0.102,6090.0,F,0.0009229524167552,0.7960292042813931,0.8075383469217265,0.025888792552508047,2.3894123653211326e-05,0.808 +/- 0.026
1100,Kepler-1864 b,Kepler-1864,0.75408365,1156.0,0.049,5854.0,G,0.0153608903160351,0.8063845872550739,0.807535157392784,0.024074245234354183,0.00036980184048624533,0.808 +/- 0.024
1101,K2-322 b,K2-322,1.92,635.0,0.0594,4141.0,K,0.0895848336812673,0.7861041221605173,0.8071289411243835,0.08384096121937173,0.0075108785665149985,0.807 +/- 0.084
1102,Kepler-1001 c,Kepler-1001,1.57799279,804.0,0.08296,5376.0,G,0.000285480234912,0.8056900755218805,0.8070844125565425,0.029982115284567186,8.559301314596907e-06,0.807 +/- 0.030
1103,Kepler-1542 e,Kepler-1542,0.76,1065.0,0.05649,5564.0,G,0.0058083188929821,0.7931808355418403,0.8070126095942679,0.03393444880898216,0.000197102100140145,0.807 +/- 0.034
1104,HD 24040 c,HD 24040,9.35,263.1974236595159,1.3,5776.49,G,0.1882100214472324,0.8192157921488082,0.8068423060235109,0.16339800500824256,0.03075314202703632,0.807 +/- 0.163
1105,Kepler-372 d,Kepler-372,1.69,660.0,0.201,6509.0,F,0.0002444665754206,0.8151720034477585,0.8067538213129091,0.07447749415720145,1.8207257942518785e-05,0.807 +/- 0.074
1106,Kepler-1143 c,Kepler-1143,3.6,234.0,0.6477,5053.0,K,0.0031505354084742,0.9886996245651338,0.8066975466526953,0.23771320855890965,0.0007489238806268571,0.807 +/- 0.238
1107,HD 207496 b,HD 207496,2.25,743.0,0.0629,4819.0,K,0.4801213066915757,0.9217760347678584,0.8066939738101421,0.11816434107983743,0.05673321784360059,0.807 +/- 0.118
1108,Kepler-80 e,Kepler-80,1.6,629.0,0.0491,4540.0,K,0.0081080526757395,0.8322366690410213,0.8066899830944289,0.06358405484710376,0.0005155428660374268,0.807 +/- 0.064
1109,Kepler-180 b,Kepler-180,1.5,781.0,0.109,5731.0,G,0.0005781790913944,0.7890950305341474,0.8066664575246604,0.03212530049122475,1.85741770487884e-05,0.807 +/- 0.032
1110,Kepler-373 c,Kepler-373,1.24,729.0,0.126,5787.0,G,0.0002112738860202,0.79480413141134,0.8066345051242042,0.04056564301257479,8.570461038174849e-06,0.807 +/- 0.041
1111,Kepler-1438 b,Kepler-1438,0.94,1490.0,0.0346,5530.0,G,7.787565176493138e-05,0.8113712863926976,0.8065423166255701,0.02081551652761828,1.621021916411975e-06,0.807 +/- 0.021
1112,Kepler-1537 b,Kepler-1537,1.18,1800.0,0.0245,5079.0,K,0.0018831213070174,0.7996827175896635,0.8065144488544352,0.028831398584388747,5.4293020985373754e-05,0.807 +/- 0.029
1113,Kepler-401 b,Kepler-401,1.71,889.0,0.122,6117.0,F,0.0006327424721649,0.8123212252668309,0.8064345728237421,0.04498756178030331,2.8465541057540286e-05,0.806 +/- 0.045
1114,Kepler-1998 b,Kepler-1998,0.6,1187.0,0.0405,5640.0,G,0.0100556762628972,0.8098054527764621,0.8063957225436371,0.023440179790622642,0.00023570685951860676,0.806 +/- 0.023
1115,Kepler-633 b,Kepler-633,1.63,1021.0,0.08185,5899.0,G,0.0006855189354766,0.8135068567037969,0.8062187063365729,0.022344130685775194,1.5317324681862643e-05,0.806 +/- 0.022
1116,Kepler-1279 b,Kepler-1279,1.75,738.0,0.1785,6221.0,F,0.0002930236976984,0.8109723358375797,0.8061481136309361,0.04194881057765267,1.229199558951354e-05,0.806 +/- 0.042
1117,Kepler-402 d,Kepler-402,1.38,1006.0,0.087,6090.0,F,0.0008255345424101,0.8000020465489291,0.8060274098249828,0.023104096082254753,1.9073229387063162e-05,0.806 +/- 0.023
1118,Kepler-90 i,KOI-351,1.32,709.0,0.1201380843,6015.0,F,6.211563655608581e-05,0.8316039830988463,0.8058536940349943,0.11282370926200841,7.0081165194284066e-06,0.806 +/- 0.113
1119,K2-224 b,K2-224,1.56,1002.0,0.0516,5620.0,G,0.0204845957492665,0.788088923149854,0.8058246707515054,0.03356824897590815,0.0006876320102822076,0.806 +/- 0.034
1120,Kepler-1059 b,Kepler-1059,1.73,908.0,0.044,4906.0,K,0.0006358294503393,0.808862612602374,0.8057453385907322,0.03074614356051173,1.9549303560133382e-05,0.806 +/- 0.031
1121,Kepler-253 b,Kepler-253,1.63,949.0,0.046,5208.0,G,0.0003390612427595,0.808801038912057,0.8057117124182405,0.024955903922212194,8.461579798051947e-06,0.806 +/- 0.025
1122,Kepler-140 c,Kepler-140,1.8,428.0,0.414,6077.0,F,0.0017493521654969,0.8195871499597239,0.8056926168443728,0.0608032240137874,0.0001063662515977121,0.806 +/- 0.061
1123,Kepler-1578 b,Kepler-1578,1.04,1700.0,0.0252,5545.0,G,8.85483363424668e-05,0.8109437596271122,0.8056651555092845,0.012956862997064746,1.1473086626073515e-06,0.806 +/- 0.013
1124,Kepler-773 b,Kepler-773,1.43,1160.0,0.04682,5850.0,G,0.0016012847928835,0.8111514456671949,0.8056326872810583,0.032435169473483724,5.193794363248861e-05,0.806 +/- 0.032
1125,Kepler-784 b,Kepler-784,1.58,688.0,0.22111,5674.0,G,0.0007393847975592,0.8002554553827593,0.8054983964469952,0.041397451070462256,3.060864597920062e-05,0.805 +/- 0.041
1126,Kepler-1055 b,Kepler-1055,1.23,1304.0,0.0335,5723.0,G,0.0064768048017974,0.828040515872876,0.8054637501168915,0.03308807620087725,0.00021430501082008008,0.805 +/- 0.033
1127,Kepler-763 c,Kepler-763,1.42,938.0,0.0466,4999.0,K,0.000203127943679,0.8058279648840474,0.805212747688588,0.027901330129391815,5.667539815092286e-06,0.805 +/- 0.028
1128,HD 20794 d,HD 20794,2.04,388.0,0.3625,5368.0,G,0.2825215058682385,0.7507554582901572,0.8050843113080496,0.10507253020735327,0.029685249459567423,0.805 +/- 0.105
1129,Kepler-286 e,Kepler-286,1.77,539.0,0.176,5580.0,G,0.000257171829877,0.8137002247520685,0.8050008203124406,0.043997263158860704,1.1314856676144125e-05,0.805 +/- 0.044
1130,Kepler-370 b,Kepler-370,1.59,1040.0,0.054,5852.0,G,0.0001574812228156,0.8099093316730248,0.8049960029693662,0.026021140835724533,4.097841077866843e-06,0.805 +/- 0.026
1131,Kepler-1969 b,Kepler-1969,1.68161001,999.0,0.0717,6046.0,F,0.0001590831803194,0.8128082754941551,0.8049890382587418,0.02475904031697092,3.93874687527998e-06,0.805 +/- 0.025
1132,Kepler-1713 b,Kepler-1713,1.71673535,900.0,0.14185,6477.0,F,0.0180283347863305,0.846611165520951,0.8049716313031471,0.08429631844116099,0.001519722250112376,0.805 +/- 0.084
1133,Kepler-1399 b,Kepler-1399,1.25,1610.0,0.0276,5735.0,G,9.711553887542248e-05,0.8072033410296848,0.804944220246459,0.017600878383347795,1.709318788879596e-06,0.805 +/- 0.018
1134,Kepler-1573 b,Kepler-1573,1.2,1379.0,0.0364,5808.0,G,8.361251777036537e-05,0.8261734816526048,0.804825750895093,0.02786250881502165,2.3296545134229595e-06,0.805 +/- 0.028
1135,Kepler-1412 b,Kepler-1412,0.83,1397.0,0.04608,5880.0,G,0.0002645784341961,0.8107080862328012,0.804787842251898,0.01954908909867997,5.172267383688794e-06,0.805 +/- 0.020
1136,Kepler-1281 b,Kepler-1281,1.64,1123.0,0.0415,5353.0,G,0.0001930403491085,0.8051316201868599,0.8041589995287363,0.02142905650256437,4.136672548320798e-06,0.804 +/- 0.021
1137,Kepler-1284 b,Kepler-1284,1.21,1703.0,0.0143,5123.0,K,0.0001602848466973,0.8018202761282971,0.804150975988899,0.016557404625974385,2.65390106217947e-06,0.804 +/- 0.017
1138,Kepler-1907 b,Kepler-1907,0.86973029,856.0,0.05444,5159.0,K,0.0163978243214284,0.7950905201641957,0.8041338934037174,0.035684819534221826,0.0005851534016640459,0.804 +/- 0.036
1139,TOI-2136 b,TOI-2136,2.19,395.0,0.057,3342.0,M,0.252076802776266,0.765687609816511,0.8040527071049233,0.10611459414174505,0.02674902761915218,0.804 +/- 0.106
1140,Kepler-1079 b,Kepler-1079,1.63,887.0,0.1092,5758.0,G,0.0016163709331589,0.8047497745088235,0.8037369691248776,0.032806635637884086,5.3027692259810726e-05,0.804 +/- 0.033
1141,Kepler-1530 c,Kepler-1530,1.65,1167.0,0.05744,5477.0,G,0.0027122997962836,0.8032320377973945,0.803676939158839,0.02971131775345586,8.058600109001564e-05,0.804 +/- 0.030
1142,Kepler-197 e,Kepler-197,0.91,691.0,0.164,6004.0,F,0.011649373984314,0.776171752074059,0.8035271356511525,0.06791364013029859,0.0007911513925139636,0.804 +/- 0.068
1143,KOI-351 c,KOI-351,1.19,987.0,0.089,6080.0,F,0.0003379558060787,0.7887959810733344,0.8033221312658629,0.028115613664946453,9.501834879534292e-06,0.803 +/- 0.028
1144,Kepler-102 f,Kepler-102,0.861,495.0,0.1656,4909.0,K,0.1040141580913356,0.7707904066450018,0.8027697629818464,0.07084509909349451,0.0073688933371070745,0.803 +/- 0.071
1145,Kepler-99 b,Kepler-99,1.48,810.0,0.05071,4782.0,K,0.0391624071417453,0.8047626182880984,0.80276156126417,0.06124737218251136,0.0023985945257735154,0.803 +/- 0.061
1146,Kepler-1838 b,Kepler-1838,1.66049425,1097.0,0.11082,5877.0,G,0.0041315716898644,0.8129850106816857,0.8025853984597945,0.053450163184559626,0.00022083318103195893,0.803 +/- 0.053
1147,Kepler-1123 b,Kepler-1123,1.67,1061.0,0.0497,5500.0,G,0.000549760771912,0.8098958298896708,0.8025631787866636,0.03288478306804869,1.8078763723649116e-05,0.803 +/- 0.033
1148,Kepler-1257 b,Kepler-1257,1.52,1252.0,0.0376,5502.0,G,0.0001656972836089,0.8070941540797455,0.8025462710001257,0.018820596737394057,3.1185217552847214e-06,0.803 +/- 0.019
1149,Kepler-1601 b,Kepler-1601,0.82,1507.0,0.03281,5869.0,G,0.0005743131381337,0.8070204985084862,0.8025427754584158,0.018130348582872054,1.041249739008713e-05,0.803 +/- 0.018
1150,Kepler-746 b,Kepler-746,1.11,1156.0,0.0435,5418.0,G,0.0035665947396093,0.8055976204408645,0.8024710561033765,0.029514990254130395,0.00010526800898000123,0.802 +/- 0.030
1151,HD 20794 e,HD 20794,2.03,322.0041563338384,0.509,5401.0,G,0.2825215058682385,0.741756844878364,0.8023467161355937,0.09814400397675484,0.027727791795451165,0.802 +/- 0.098
1152,HD 86226 c,HD 86226,2.16,1311.0,0.049,5863.0,G,0.3129658730925937,0.7858222567090893,0.8023110905334786,0.08920285209661317,0.027917448488766046,0.802 +/- 0.089
1153,55 Cnc f,55 Cnc,7.59,253.4351482958293,0.802,5198.0,K,0.2645228070613871,0.92724583325636,0.802247821853736,0.1719819266562868,0.04549314200294658,0.802 +/- 0.172
1154,Kepler-1289 b,Kepler-1289,1.52,1113.0,0.0785,6080.0,F,0.0001739962072503,0.802799467300857,0.8022257059832322,0.021575693069835932,3.7540887629480343e-06,0.802 +/- 0.022
1155,Kepler-1894 c,Kepler-1894,1.21,1007.0,0.0576,5772.0,G,0.0001406235268766,0.78945274553191,0.8021726737937759,0.031228436173227993,4.391452833520114e-06,0.802 +/- 0.031
1156,HD 114729 b,HD 114729,13.9,217.593570932839,2.067,5844.0,G,0.2055561997512419,0.985187594752716,0.8020207415053426,0.22353127350206356,0.045948239106639664,0.802 +/- 0.224
1157,Kepler-1372 b,Kepler-1372,1.27,1655.0,0.024,5677.0,G,0.0001086640975469,0.8072386418956012,0.8016048288181854,0.014975926850807496,1.6273455761713846e-06,0.802 +/- 0.015
1158,Kepler-102 b,Kepler-102,0.46,857.0,0.05521,4909.0,K,0.1026989767074025,0.7093436383325253,0.8014909548127315,0.07929663511729307,0.008143683282886276,0.801 +/- 0.079
1159,Kepler-341 b,Kepler-341,1.18,1085.0,0.06,6012.0,F,0.0001439484708648,0.7890244414165009,0.8013865471310307,0.0337957281606298,4.864843390485119e-06,0.801 +/- 0.034
1160,Kepler-255 d,Kepler-255,1.32,1710.0,0.0192,5431.0,G,0.0001331274825713,0.8036118948913202,0.8013769114233237,0.013018062140733434,1.7330618407525907e-06,0.801 +/- 0.013
1161,HD 163607 c,HD 163607,13.3,209.00587925634773,2.39,5522.0,G,0.1523114556380105,0.9860201679323566,0.8012868766703097,0.24565938793644,0.03741673896774189,0.801 +/- 0.246
1162,Kepler-1084 b,Kepler-1084,1.11,1737.0,0.0324,6113.0,F,0.0055158259150591,0.8186047510107828,0.8011720297806195,0.024086696677617852,0.00013285802574257248,0.801 +/- 0.024
1163,TOI-2260 b,TOI-2260,1.62,2609.0,0.0097,5534.0,G,0.1136024801519275,0.7666976147053705,0.801100253399986,0.06805561315105829,0.007731286442220356,0.801 +/- 0.068
1164,Kepler-1468 c,Kepler-1468,1.15,1448.0,0.0466,5893.0,G,0.0001020340055828,0.8185576281818319,0.8009674198835579,0.035813583507418346,3.6542033795359975e-06,0.801 +/- 0.036
1165,Kepler-1398 b,Kepler-1398,0.9,1510.0,0.03909,6126.0,F,0.0001516926939224,0.8012663651342573,0.8008575728702518,0.016801534164453718,2.5486699794352245e-06,0.801 +/- 0.017
1166,Kepler-150 b,Kepler-150,1.25,1131.0,0.044,5560.0,G,0.0001926022056367,0.7945848761140215,0.8006631111199237,0.02444571188749115,4.708298027890092e-06,0.801 +/- 0.024
1167,Kepler-1802 b,Kepler-1802,1.671,581.0,0.0662,4245.0,K,0.0007994209939524,0.7660058858445058,0.8005830380484007,0.04691372832377817,3.750381932660761e-05,0.801 +/- 0.047
1168,Kepler-1315 b,Kepler-1315,1.38,1541.0,0.01617,4861.0,K,0.0027315875996112,0.7977282866615256,0.8005590576890251,0.023969131278925842,6.547378177496677e-05,0.801 +/- 0.024
1169,Kepler-1371 c,Kepler-1371,0.64,1216.0,0.02937,5361.0,G,0.0018206335582082,0.7987468674490701,0.8005219537724932,0.02033341960304219,3.701970608242707e-05,0.801 +/- 0.020
1170,Kepler-758 e,Kepler-758,1.53,1144.0,0.0829,6228.0,F,0.0001397233954365,0.8088471590598904,0.8004457723162295,0.028675517951061994,4.006640734022689e-06,0.800 +/- 0.029
1171,Kepler-1139 b,Kepler-1139,1.19,1693.0,0.01664,5550.0,G,0.0023286522447962,0.8084451869215339,0.8001699199227901,0.01876959054709084,4.370784916138862e-05,0.800 +/- 0.019
1172,Kepler-808 b,Kepler-808,1.46,1322.0,0.01314,4653.0,K,0.0126298879792393,0.791803138565129,0.8001637728286072,0.036474171263212375,0.0004606646971899615,0.800 +/- 0.036
1173,Kepler-339 b,Kepler-339,1.42,1023.0,0.055,5631.0,G,0.0009278191866628,0.7844718232922615,0.7995472380183948,0.03008924778289594,2.7917381405221967e-05,0.800 +/- 0.030
1174,GJ 687 b,GJ 687,4.32,241.152148451408,0.163,3413.0,M,0.2866576293777922,0.9770256293559764,0.7995170822580191,0.15960205910754152,0.045751147907582126,0.800 +/- 0.160
1175,K2-187 c,K2-187,1.4,1173.0,0.0392,5438.0,G,0.0121822536422074,0.7940112671587342,0.7993681949397723,0.039177248271903505,0.0004772671754520601,0.799 +/- 0.039
1176,Kepler-1141 b,Kepler-1141,0.82,1471.0,0.03496,5791.0,G,0.0060481539411712,0.8168081134028068,0.7992627159082801,0.026972077313319767,0.00016313127570412924,0.799 +/- 0.027
1177,Kepler-1977 b,Kepler-1977,1.66,798.0,0.0486,4805.0,K,0.0011154007067617,0.781466747647359,0.7992064528024643,0.034778587169992395,3.879206070958291e-05,0.799 +/- 0.035
1178,HD 10442 b,HD 10442,13.6,214.4856096213723,2.01,4912.0,K,0.0774817538662269,0.986989552274995,0.7991732993654962,0.25688609502918064,0.019903985186707145,0.799 +/- 0.257
1179,Kepler-1982 b,Kepler-1982,0.77,1282.0,0.0511,6202.0,F,0.0012651550063135,0.7728641086646183,0.7990398756574032,0.025921144893089793,3.2794266230870166e-05,0.799 +/- 0.026
1180,TOI-1669 b,TOI-1669,14.1,221.0961167632752,1.27,5497.0,G,0.0985951897238347,0.982913397028989,0.7989958163676895,0.27818643794019443,0.027427844627311238,0.799 +/- 0.278
1181,Kepler-404 c,Kepler-404,1.72,678.0,0.118,5654.0,G,0.0002464955429351,0.7909222249273059,0.798981152263741,0.03169235179002663,7.812023461372802e-06,0.799 +/- 0.032
1182,Kepler-375 b,Kepler-375,1.45,851.0,0.101,5826.0,G,0.0001912923696882,0.788275058801081,0.7989757565372542,0.03465986919711442,6.630168511799067e-06,0.799 +/- 0.035
1183,Kepler-1138 b,Kepler-1138,1.7,1080.0,0.0415,5582.0,G,0.0002407762976867,0.7995127302148872,0.7989451740185166,0.023406744439887474,5.6357892671348566e-06,0.799 +/- 0.023
1184,Kepler-282 c,Kepler-282,1.2,717.0,0.106,5602.0,G,0.0001340914475728,0.7772107859175972,0.7987740033031611,0.04447629681146845,5.963891022127314e-06,0.799 +/- 0.044
1185,TOI-4364 b,TOI-4364,2.01,488.0,0.04753,3528.0,M,0.2139088155643015,0.6953298562070739,0.798613396060109,0.1213966674872058,0.02596781735564154,0.799 +/- 0.121
1186,Kepler-270 c,Kepler-270,1.77,756.0,0.18,6067.0,F,0.000204084417075,0.7937305411521963,0.7985882467706642,0.06334830060992748,1.2928401002668915e-05,0.799 +/- 0.063
1187,Kepler-301 c,Kepler-301,1.35,989.0,0.06,5815.0,G,0.0004709791043839,0.7945047992669294,0.7983470731050882,0.02756570906214888,1.2982872965798036e-05,0.798 +/- 0.028
1188,K2-62 c,K2-62,1.99,495.0,0.1148,4455.0,K,0.1033847566798429,0.8258301835249791,0.7983333033622082,0.06314742936776636,0.0065284816201440915,0.798 +/- 0.063
1189,HD 43197 b,HD 43197,14.2,258.6808957319362,0.882,5508.0,G,0.1607210855305771,0.9694806125298516,0.7980743144433472,0.2552739635449634,0.04102790852863948,0.798 +/- 0.255
1190,Kepler-756 b,Kepler-756,1.12,1741.0,0.0219,5282.0,G,0.0001775647984715,0.7917591390089325,0.7980334199297132,0.018905100191766805,3.3568803056345886e-06,0.798 +/- 0.019
1191,Kepler-144 c,Kepler-144,1.35,1046.0,0.094,6075.0,F,0.0069876215118776,0.7900364492611086,0.7979297243902796,0.027951796272563535,0.00019531657292978506,0.798 +/- 0.028
1192,Kepler-1898 b,Kepler-1898,0.93353523,1167.0,0.05063,5702.0,G,0.0082809661093197,0.7487116768054026,0.7977863461029042,0.04822960251013083,0.00039938770385235375,0.798 +/- 0.048
1193,Kepler-1699 b,Kepler-1699,1.56671124,1010.0,0.0418,5575.53,G,0.0003462404969326,0.8097647792429797,0.79774606900434,0.047242728338334365,1.6357345736316715e-05,0.798 +/- 0.047
1194,K2-126 b,K2-126,1.97,601.0,0.0656,4339.0,K,0.1150168979635791,0.8883449915376052,0.7977280398362442,0.0802425025964244,0.009229243733475176,0.798 +/- 0.080
1195,Kepler-1846 b,Kepler-1846,1.76378826,552.0,0.11054,4825.0,K,0.0074432240850401,0.7676692550350633,0.7976654412929733,0.05077330438929959,0.00037791708210750696,0.798 +/- 0.051
1196,Kepler-1435 b,Kepler-1435,0.86,1331.0,0.05456,6356.0,F,0.0004040101248992,0.8012099801224912,0.7973431989507656,0.025997420220183226,1.0503220990213212e-05,0.797 +/- 0.026
1197,Kepler-1327 b,Kepler-1327,1.8,831.0,0.11151,5885.0,G,0.0008147436609327,0.8144755451986567,0.7969886114073964,0.03927728942521958,3.2000922577816624e-05,0.797 +/- 0.039
1198,Kepler-355 b,Kepler-355,1.46,840.0,0.102,6184.0,F,0.0001504562236676,0.7796856100380413,0.7969862043242374,0.034474303950691565,5.186873585990076e-06,0.797 +/- 0.034
1199,Kepler-1395 b,Kepler-1395,0.8,1311.0,0.04974,6138.0,F,0.0023095451221361,0.7956776492058493,0.7967783475740449,0.020214441439415677,4.668616462310832e-05,0.797 +/- 0.020
1200,Kepler-1890 b,Kepler-1890,0.86867375,1328.0,0.05712,6046.0,F,0.0016356869600597,0.7938888767460555,0.7967764438489987,0.022533241978900154,3.6857330072756816e-05,0.797 +/- 0.023
1201,Kepler-80 d,Kepler-80,1.53,722.0,0.0372,4540.0,K,0.0080609630768551,0.8418112447035347,0.7967337513954178,0.06904909847297573,0.0005566022332807892,0.797 +/- 0.069
1202,Kepler-1297 b,Kepler-1297,0.97,1790.0,0.0283,5818.0,G,7.070607197198685e-05,0.8060364263863746,0.796688783232834,0.018866768583204338,1.3339950973228663e-06,0.797 +/- 0.019
1203,Kepler-1693 c,Kepler-1693,0.97698289,1059.0,0.0588,5553.0,G,0.000254365186549,0.7927712285302452,0.7966424175414104,0.034609351723792044,8.803414207562318e-06,0.797 +/- 0.035
1204,Kepler-141 c,Kepler-141,1.41,738.0,0.067,4910.0,K,0.0157288700205189,0.7825011633197183,0.7965852509039039,0.0691895667124304,0.001088273701595839,0.797 +/- 0.069
1205,K2-211 b,K2-211,1.33162691,1873.0,0.01419,5117.0,K,0.0202626911287596,0.7680882414022869,0.7965745863955462,0.07260730509201108,0.0014712193967710346,0.797 +/- 0.073
1206,BD+45 564 b,BD+45 564,13.6,218.446624394966,0.83,5004.0,K,0.1754865627866127,0.986386210052308,0.7964692855833716,0.22951759790332246,0.040277254355093925,0.796 +/- 0.230
1207,Kepler-1833 b,Kepler-1833,1.30027362,1177.0,0.07545,6164.0,F,0.0010610970410748,0.7877075178223543,0.7964022020205538,0.04107181370933455,4.3581179998550294e-05,0.796 +/- 0.041
1208,TOI-1801 b,TOI-1801,2.079,493.7,0.075,3863.0,K,0.2812776818393004,0.7500672474367508,0.7963103527755357,0.07675533978191802,0.021589564042645736,0.796 +/- 0.077
1209,Kepler-1082 b,Kepler-1082,1.12,1827.0,0.02571,5923.0,G,0.0003627082444232,0.7994046203640207,0.7962787972437363,0.016075074699932072,5.83056212338416e-06,0.796 +/- 0.016
1210,Kepler-770 d,Kepler-770,1.4,1941.0,0.0616,5598.0,G,0.0002407297872129,0.775154409180442,0.7962480252176373,0.0301527474276834,7.258664472150543e-06,0.796 +/- 0.030
1211,Kepler-1131 b,Kepler-1131,1.59,1159.0,0.0459,5851.0,G,0.0001958773128084,0.8065297881148503,0.7962092633566272,0.021481385712492047,4.207716108763699e-06,0.796 +/- 0.021
1212,Kepler-274 b,Kepler-274,1.54,961.0,0.101,6023.0,F,0.0002847564492294,0.7433445310581368,0.7961612897664823,0.05141937071547551,1.4641997426548999e-05,0.796 +/- 0.051
1213,Kepler-389 b,Kepler-389,1.51,1047.0,0.041,5376.0,G,0.0002948407797384,0.7817926804450871,0.7961173068139323,0.02856299138944213,8.421534652924323e-06,0.796 +/- 0.029
1214,Kepler-1763 b,Kepler-1763,1.14651332,1822.0,0.0257,5897.0,G,0.0002601452363066,0.8004407607641564,0.7960793483430012,0.014487447761051543,3.7688405212782767e-06,0.796 +/- 0.014
1215,Kepler-1027 b,Kepler-1027,0.89,1268.0,0.02911,5436.0,G,0.0056162120122065,0.7918732978208305,0.7959953652349395,0.0267513188147304,0.00015024107806965462,0.796 +/- 0.027
1216,Kepler-255 b,Kepler-255,1.55,971.0,0.063,5573.0,G,0.0001903696057136,0.7598613035262127,0.7959534529588357,0.05110544954366473,9.728924279443733e-06,0.796 +/- 0.051
1217,Kepler-1963 b,Kepler-1963,0.74437023,1448.0,0.02915,5726.0,G,0.0022539089277414,0.7950126772075913,0.7958592853449108,0.03486571566545906,7.858414781047136e-05,0.796 +/- 0.035
1218,Kepler-823 b,Kepler-823,1.57,1277.0,0.0507,5643.0,G,0.000224747901819,0.7989891916014644,0.7957557566633815,0.021816776878035942,4.903274827791852e-06,0.796 +/- 0.022
1219,Kepler-1174 b,Kepler-1174,1.59,1156.0,0.0732,5936.0,G,0.0002327205806694,0.7976520227654513,0.7957462151101008,0.025098547818126912,5.840948622193197e-06,0.796 +/- 0.025
1220,Kepler-1586 b,Kepler-1586,1.52,1013.0,0.12208,6681.0,F,0.0014384232969716,0.7854228377982717,0.7957437687483765,0.05660655308356944,8.142418471666584e-05,0.796 +/- 0.057
1221,Kepler-705 b,Kepler-705,2.11,265.0,0.232,3722.0,K,0.0208856739217437,0.9947674382445544,0.7954909467342991,0.14780963260363275,0.0030871037890522098,0.795 +/- 0.148
1222,Kepler-46 d,Kepler-46,1.64,845.0,0.067,5309.0,G,0.0004698026417112,0.7897039190291111,0.795470563156211,0.03275693347186669,1.5389293879441e-05,0.795 +/- 0.033
1223,K2-411 b,K2-411,0.9898,1306.6454974437477,0.0511,5711.0,G,0.0152045157820864,0.8062129686180165,0.7954679110172911,0.07132422078625074,0.0010844502405895642,0.795 +/- 0.071
1224,Kepler-842 b,Kepler-842,1.6,1252.0,0.0204,4848.0,K,0.0018343812235955,0.8013994621395094,0.7952553346877739,0.023669984923602633,4.3419775906645234e-05,0.795 +/- 0.024
1225,Kepler-311 b,Kepler-311,1.7,960.0,0.087,5905.0,G,0.000488465464964,0.7706344839071463,0.7950554326480718,0.03409890424052364,1.6656137114610293e-05,0.795 +/- 0.034
1226,Kepler-1960 b,Kepler-1960,1.30749704,1547.0,0.0354,6371.0,F,5.737345784531658e-05,0.8045072098946082,0.7950247995869106,0.033085182000576877,1.8982112948147243e-06,0.795 +/- 0.033
1227,Kepler-1427 b,Kepler-1427,1.1,1844.0,0.0197,5793.0,G,7.148884907617183e-05,0.797990222212125,0.794987420911287,0.019069379136451167,1.3632479670620574e-06,0.795 +/- 0.019
1228,Kepler-1483 b,Kepler-1483,1.52,1131.0,0.0958,6337.0,F,0.0001116891602226,0.7867307547599128,0.7949605125371386,0.024473096075878636,2.7333795487618925e-06,0.795 +/- 0.024
1229,Kepler-1630 b,Kepler-1630,2.19,182.0,1.1218,4736.0,K,0.014518205338892,0.6300449677754065,0.7948998176942002,0.15379989337926597,0.0022328984331798796,0.795 +/- 0.154
1230,Kepler-388 b,Kepler-388,0.81,830.0,0.036,4498.0,K,0.0044747106193934,0.7759455461415095,0.7947687215201563,0.0586936895930698,0.00026263727611348936,0.795 +/- 0.059
1231,KOI-351 b,KOI-351,1.31,1062.0,0.074,6080.0,F,0.000254524245204,0.78030580701264,0.7945497257252465,0.023883789429270243,6.079003477096283e-06,0.795 +/- 0.024
1232,HD 137496 b,HD 137496,1.31,2130.0,0.02732,5799.0,G,0.0665738322762955,0.7779648477477964,0.7945345854150122,0.05842085415384787,0.0038893001458761896,0.795 +/- 0.058
1233,Kepler-392 b,Kepler-392,1.0,1125.0,0.059,5938.0,G,0.0004674414084407,0.7760097890306504,0.7942304305104881,0.034692971766892754,1.621693158570979e-05,0.794 +/- 0.035
1234,Kepler-387 b,Kepler-387,1.03,994.0,0.068,5774.0,G,0.0002428018941893,0.7815491852562885,0.7941634953192576,0.04402027154785114,1.0688205314545606e-05,0.794 +/- 0.044
1235,Kepler-1355 b,Kepler-1355,1.46,1448.0,0.0224,5352.0,G,0.0001977894040356,0.7996619108309299,0.7940261645273845,0.016551962031123822,3.2738027057558603e-06,0.794 +/- 0.017
1236,Kepler-1516 b,Kepler-1516,1.75,967.0,0.0718,5904.0,G,0.0003544044537074,0.8035338289260867,0.7940091314265542,0.0337148761077174,1.1948702248768259e-05,0.794 +/- 0.034
1237,Kepler-1877 b,Kepler-1877,0.624086,1278.0,0.03472,5615.0,G,0.017473389312544,0.8007455260297617,0.7939648332052367,0.022601764826624036,0.0003949294359661653,0.794 +/- 0.023
1238,Kepler-42 c,Kepler-42,0.73,720.0,0.006,3068.0,M,0.2027175686862913,0.8024990150123102,0.7939090996955844,0.10429543646621697,0.021142517305507067,0.794 +/- 0.104
1239,Kepler-1525 b,Kepler-1525,0.91,1343.0,0.03557,5748.0,G,0.0067801586262837,0.7929188996484849,0.7937493917535599,0.027721927244889893,0.00018795906414664933,0.794 +/- 0.028
1240,Kepler-1597 b,Kepler-1597,1.06,1497.0,0.04136,6377.0,F,6.596268352552416e-05,0.8000552268075224,0.7936460916369528,0.018881737166288447,1.2454900531120123e-06,0.794 +/- 0.019
1241,Kepler-149 c,Kepler-149,1.61,436.0,0.281,5381.0,G,0.0017188131743669,0.7556618239398366,0.7935743232636064,0.05515100983900503,9.479428229092038e-05,0.794 +/- 0.055
1242,Kepler-883 b,Kepler-883,1.78,818.0,0.10288,6116.0,F,0.0012711488633894,0.7944694513418846,0.7934725174844728,0.03166056245595031,4.0245287980150345e-05,0.793 +/- 0.032
1243,Kepler-1561 b,Kepler-1561,1.09,1682.0,0.0194,5957.0,G,0.0001463616081875,0.8033981336368168,0.793391577120795,0.018969010652155643,2.776334904775318e-06,0.793 +/- 0.019
1244,Kepler-1415 b,Kepler-1415,1.29,1846.0,0.01416,5267.0,G,0.0001191917350937,0.7833628508403792,0.7933789803543639,0.026610845244541766,3.1717928170068685e-06,0.793 +/- 0.027
1245,Kepler-769 c,Kepler-769,1.79,803.0,0.1297,6186.0,F,0.0001709924024019,0.7962505807958177,0.7933697712960363,0.03286998103803874,5.6205170245991426e-06,0.793 +/- 0.033
1246,Kepler-1514 c,Kepler-1514,1.1758241,1066.0,0.0997,6145.0,F,0.0061492229852729,0.7717642779166353,0.7932141804709736,0.05109002380144126,0.00031416394867796215,0.793 +/- 0.051
1247,Kepler-1205 b,Kepler-1205,1.41,1667.0,0.0196,5226.0,G,0.000479716966713,0.7934392268639621,0.7932100347467024,0.018690703543865195,8.96624760979493e-06,0.793 +/- 0.019
1248,Kepler-240 b,Kepler-240,1.37,864.0,0.048,4985.0,K,0.0004254363912954,0.7686375796526812,0.7931782505475113,0.044258187770069776,1.882904369017269e-05,0.793 +/- 0.044
1249,Kepler-1266 c,Kepler-1266,1.68023962,881.0,0.0506,4996.0,K,0.0002635442377537,0.7914678846284608,0.7930139075829801,0.02351261704547733,6.196614736844977e-06,0.793 +/- 0.024
1250,Kepler-607 b,Kepler-607,0.87,1874.0,0.0137,5196.0,K,0.0017744086267848,0.7924826103391844,0.7929703431303012,0.02209604310702374,3.920740950691174e-05,0.793 +/- 0.022
1251,Kepler-763 d,Kepler-763,1.67,804.0,0.0634,4999.0,K,0.0002827593296119,0.7834009504288453,0.7926852369433812,0.03204802149235635,9.061877072566445e-06,0.793 +/- 0.032
1252,Kepler-1532 b,Kepler-1532,1.35,1681.0,0.0206,5559.0,G,0.0002572199620469,0.794771269196702,0.7925924647302683,0.014226966636378924,3.659459818251899e-06,0.793 +/- 0.014
1253,Kepler-1107 b,Kepler-1107,1.34,1897.0,0.01285,5268.0,G,0.0044050176398243,0.7955998888499708,0.7924623060242221,0.02258389598402699,9.948246018559607e-05,0.792 +/- 0.023
1254,Kepler-1443 b,Kepler-1443,0.97,1602.0,0.03783,6289.0,F,0.0009768939666018,0.7948343501475899,0.7924359361215814,0.017115042924290124,1.671958217086985e-05,0.792 +/- 0.017
1255,Kepler-969 c,Kepler-969,0.99,1270.0,0.0265,5214.0,G,0.0062870349016072,0.7900994198928951,0.792259939543694,0.03163777234436195,0.00019890777893810663,0.792 +/- 0.032
1256,Kepler-366 c,Kepler-366,1.79,848.0,0.11,6209.0,F,0.0002544860003778,0.800986234494819,0.7921725469709399,0.030328659469766903,7.718219245281269e-06,0.792 +/- 0.030
1257,Kepler-348 b,Kepler-348,1.52,1196.0,0.076,6177.0,F,0.0013370374338826,0.7805102791309245,0.7919773926895146,0.0347887872584243,4.651391084389131e-05,0.792 +/- 0.035
1258,Kepler-1264 b,Kepler-1264,1.18,1677.0,0.01839,5791.0,G,0.0002028100186682,0.8048299978769183,0.791744193296098,0.02497477609656837,5.065134806379146e-06,0.792 +/- 0.025
1259,Kepler-282 b,Kepler-282,1.01,817.0,0.082,5602.0,G,0.0001110289226928,0.7808378248668806,0.7917103927217567,0.03305065378784423,3.669578484357054e-06,0.792 +/- 0.033
1260,Kepler-975 b,Kepler-975,1.48,1599.0,0.02898,4897.0,K,0.0047158753025533,0.7871441783525109,0.7915885992152379,0.02677274589430714,0.0001262569311444983,0.792 +/- 0.027
1261,GJ 180 b,GJ 180,2.43,315.04336929306487,0.092,3371.0,M,0.2662339609527906,0.7571506867341988,0.7915865743519428,0.07981955629907769,0.021250676634997724,0.792 +/- 0.080
1262,Kepler-1542 b,Kepler-1542,0.76,1160.0,0.04765,5564.0,G,0.0057902255665555,0.7828141348898039,0.7914165645550155,0.023492746690342875,0.0001360283025150354,0.791 +/- 0.023
1263,Kepler-250 b,Kepler-250,1.13,938.0,0.048,5160.0,K,0.0002691029274084,0.7733055724411493,0.791269220009528,0.03962587296353354,1.0663438415600245e-05,0.791 +/- 0.040
1264,Kepler-1468 b,Kepler-1468,1.73,1093.0,0.0817,5893.0,G,0.0002351255987378,0.7837710236052269,0.7911715744951267,0.027814096790599006,6.539806161240713e-06,0.791 +/- 0.028
1265,Kepler-1377 b,Kepler-1377,1.25,1873.0,0.0153,5218.0,G,0.0001051134512024,0.7884573687438848,0.7911172191470344,0.021756122641681124,2.2868611356497787e-06,0.791 +/- 0.022
1266,Kepler-124 c,Kepler-124,1.75,560.0,0.1,4984.0,K,0.0057139758119171,0.7568977047281062,0.7909113685052692,0.05333299998196175,0.00030474347187390454,0.791 +/- 0.053
1267,Kepler-1759 b,Kepler-1759,0.9037791,954.0,0.0429,5017.0,K,0.0065639788440801,0.7782061467878847,0.790904966180251,0.03412062672477139,0.00022396707196815346,0.791 +/- 0.034
1268,Kepler-1073 c,Kepler-1073,1.64,1169.0,0.0483,5792.0,G,0.0003591366348787,0.7921368608335608,0.7909031712513575,0.023521306130184876,8.447362731546333e-06,0.791 +/- 0.024
1269,HD 114783 b,HD 114783,13.7,192.80422488815145,1.16,5135.0,K,0.2430226076612975,0.9718335507321002,0.7907154187789632,0.2152330799144418,0.052306504335780074,0.791 +/- 0.215
1270,Kepler-850 b,Kepler-850,1.78,995.0,0.0744,5932.0,G,0.0001618730086283,0.7917609234704619,0.7903944528650455,0.02518239474579866,4.076350001967923e-06,0.790 +/- 0.025
1271,Kepler-1039 b,Kepler-1039,1.46,2080.0,0.01714,4870.0,K,0.0143453879464351,0.7843494390587444,0.7903138851578788,0.026660919543153517,0.00038246123385523044,0.790 +/- 0.027
1272,Kepler-1850 b,Kepler-1850,0.72909663,1008.0,0.0206,4239.0,K,0.0247368305043071,0.7622479477948734,0.7902473642864185,0.05406738999109565,0.0013374558620200033,0.790 +/- 0.054
1273,Kepler-1434 b,Kepler-1434,1.11,1320.0,0.0917,6291.0,F,0.0003974644367302,0.7988008920463883,0.790108115229879,0.049628672207107344,1.9725632244465652e-05,0.790 +/- 0.050
1274,TOI-201 d,TOI-201,1.39,1237.0,0.0698,6423.0,F,0.1057479157989132,0.7971963277994172,0.7898437214540058,0.1034949662042842,0.010944376971782011,0.790 +/- 0.103
1275,Kepler-130 d,Kepler-130,1.64,451.0,0.377,5884.0,G,0.0134854103210365,0.7464058865842267,0.7897797805000257,0.06894139335121972,0.0009297029774451755,0.790 +/- 0.069
1276,Kepler-524 c,Kepler-524,0.96,1574.0,0.03046,6014.0,F,0.0001016128044409,0.8034167735064822,0.7897714183002235,0.023895090810190662,2.4280471895934506e-06,0.790 +/- 0.024
1277,GJ 433 b,GJ 433,2.33,433.5063603769461,0.062,3461.0,M,0.2740024025160008,0.7560867683177236,0.7895476624400684,0.07405982154298633,0.02029256903268453,0.790 +/- 0.074
1278,GJ 3090 b,GJ 3090,2.18,723.0,0.0316,3707.0,K,0.3206123894149758,0.75846673938997,0.7895106486374341,0.07935598664495111,0.02544251249262068,0.790 +/- 0.079
1279,Kepler-157 b,Kepler-157,1.32,1546.0,0.028,5774.0,G,0.0003482915424587,0.7806644179769463,0.7894834827061146,0.02443339503708084,8.50994484496763e-06,0.789 +/- 0.024
1280,Kepler-215 c,Kepler-215,1.77,675.0,0.113,5739.0,G,0.0027520451587207,0.7455111661617622,0.7892724191908399,0.04696638944758361,0.00012925362470181346,0.789 +/- 0.047
1281,Kepler-374 d,Kepler-374,1.31,1272.0,0.056,5977.0,G,0.00017844291975,0.7787751388816598,0.7890979511913963,0.02674965979806903,4.773287396686633e-06,0.789 +/- 0.027
1282,Kepler-124 b,Kepler-124,0.73,892.0,0.039,4984.0,K,0.0046829580319008,0.7512123019056479,0.7889027121534166,0.047003952586397356,0.00022011753729555387,0.789 +/- 0.047
1283,Kepler-247 b,Kepler-247,1.64,970.0,0.042,5100.0,K,0.0007602554918974,0.7553490291299444,0.788811188394515,0.044930707901649596,3.415881743706701e-05,0.789 +/- 0.045
1284,Kepler-1298 b,Kepler-1298,1.31,1373.0,0.0814,6339.0,F,0.00193967771407,0.7965762602521856,0.7887327559089631,0.04796605686641407,9.303869153559768e-05,0.789 +/- 0.048
1285,Kepler-1104 b,Kepler-1104,1.23,1321.0,0.06321,6417.0,F,0.0018141415350495,0.7837892782418974,0.7887082038289105,0.02429330149798335,4.407148727097183e-05,0.789 +/- 0.024
1286,Kepler-322 b,Kepler-322,1.01,1373.0,0.027,5388.0,G,0.0057038858310405,0.7865934441938335,0.7886436243591977,0.01781625431006714,0.00010162188052140619,0.789 +/- 0.018
1287,Kepler-908 b,Kepler-908,1.22,1783.0,0.02526,5973.0,G,0.0172215901723988,0.7982561438691695,0.7886093211290809,0.02338092339953024,0.0004026566806389591,0.789 +/- 0.023
1288,Kepler-362 b,Kepler-362,0.88,838.0,0.087,5788.0,G,0.0001182466634624,0.771944240356401,0.7885932136395365,0.0334475745598477,3.955064092611843e-06,0.789 +/- 0.033
1289,GJ 581 c,GJ 581,2.5,316.60226009826926,0.0718,3500.0,M,0.2816883941353841,0.7757114792466436,0.7885518925946126,0.08323845755312327,0.023447307438445628,0.789 +/- 0.083
1290,GJ 2126 b,GJ 2126,13.6,185.7505689836941,0.71,4159.0,K,0.204893939027029,0.9712083924488476,0.7885265203753216,0.21119973598504935,0.043273545827445324,0.789 +/- 0.211
1291,Kepler-190 b,Kepler-190,1.56,1166.0,0.03,5106.0,K,0.0043733585056248,0.7652166917543273,0.7884889407664694,0.03287880610689118,0.00014379080634236116,0.788 +/- 0.033
1292,Kepler-1408 b,Kepler-1408,0.89,1616.0,0.04218,6170.0,F,0.001766684153749,0.7824935579126409,0.7882772046326267,0.01938270513422143,3.4243118017418386e-05,0.788 +/- 0.019
1293,Kepler-102 c,Kepler-102,0.567,777.0,0.06702,4909.0,K,0.1030088301258081,0.7228205887203324,0.7881814373607136,0.0735819093432063,0.007579586399866949,0.788 +/- 0.074
1294,Kepler-408 b,Kepler-408,0.82,1561.0,0.03592,6104.0,F,0.1256966358783493,0.7418320170663487,0.7881771649886798,0.08597263919413253,0.01080647152428558,0.788 +/- 0.086
1295,Kepler-366 b,Kepler-366,1.46,1326.0,0.045,6209.0,F,0.0001575440248512,0.797328031958656,0.7881269221614179,0.02768304601898986,4.361298489972652e-06,0.788 +/- 0.028
1296,Kepler-1530 b,Kepler-1530,1.64,1484.0,0.03553,5477.0,G,0.0026678695887844,0.7748739195587416,0.7880777433573615,0.02995002874942598,7.990277088381205e-05,0.788 +/- 0.030
1297,Kepler-1274 b,Kepler-1274,1.42,1384.0,0.08161,6179.0,F,0.0010402658663094,0.7857098031884462,0.7879815041528454,0.027635068305149446,2.874781827097573e-05,0.788 +/- 0.028
1298,Kepler-69 c,Kepler-69,1.71,299.0,0.64,5638.0,G,0.0012793942177117,0.7589165401425474,0.7877357855804784,0.0735898443670482,9.415042136550538e-05,0.788 +/- 0.074
1299,Kepler-215 e,Kepler-215,1.75,405.0,0.314,5739.0,G,0.0030745197626104,0.7748445049252481,0.7876029677282067,0.06175292258318285,0.00018986058088094575,0.788 +/- 0.062
1300,Kepler-280 b,Kepler-280,1.45,1425.0,0.032,5744.0,G,0.0003718620917585,0.7987857873721199,0.787501336004622,0.02847331588256251,1.0588146803390215e-05,0.788 +/- 0.028
1301,Kepler-402 b,Kepler-402,1.22,1311.0,0.051,6090.0,F,0.0007900414279076,0.7738879452180742,0.7871611786848246,0.024457489616702206,1.932243001981471e-05,0.787 +/- 0.024
1302,Kepler-1934 b,Kepler-1934,0.91307734,1700.0,0.02466,5925.0,G,0.0042702364887737,0.7885870040426369,0.7870533885876946,0.016578672248512675,7.079485117101875e-05,0.787 +/- 0.017
1303,K2-413 b,K2-413,0.7599,1404.2232915596046,0.0117,4116.0,K,0.0173252066812103,0.7601030279038467,0.7869138480426675,0.045336399773615525,0.0007854624962598648,0.787 +/- 0.045
1304,K2-188 b,K2-188,1.35,1692.0,0.0289,5977.0,G,0.0034403474687993,0.7527501934307446,0.7869040072943196,0.09831238843604963,0.00033822877670757693,0.787 +/- 0.098
1305,Kepler-1259 b,Kepler-1259,1.43,1681.0,0.0141,5053.0,K,0.0002892799689751,0.7865844369564718,0.7868303037344676,0.01964682533335746,5.683433022892855e-06,0.787 +/- 0.020
1306,Kepler-915 b,Kepler-915,1.5,1319.0,0.05655,6173.0,F,0.0002804642770614,0.7903813744401661,0.7867711719148719,0.018575515474478062,5.209768518592338e-06,0.787 +/- 0.019
1307,Kepler-301 d,Kepler-301,1.75,725.0,0.112,5815.0,G,0.0006739606590054,0.7687574324573075,0.7866135710913353,0.033892387944646364,2.2842136114440536e-05,0.787 +/- 0.034
1308,Kepler-1339 b,Kepler-1339,0.71,1642.0,0.02356,5586.0,G,0.0076109924570738,0.7909499224062727,0.7863836435466635,0.01562846069554558,0.00011894809646947176,0.786 +/- 0.016
1309,Kepler-1349 b,Kepler-1349,0.7,1668.0,0.03421,6086.0,F,0.0193100072728863,0.7877991200447989,0.7861384692094977,0.019997516542070888,0.000386152189867053,0.786 +/- 0.020
1310,Kepler-168 b,Kepler-168,1.46,1240.0,0.056,6282.0,F,0.0001782360246937,0.7798639401926729,0.7860979564337247,0.022280351530719243,3.971161285613592e-06,0.786 +/- 0.022
1311,Kepler-10 b,Kepler-10,1.47,2188.0,0.01685,5708.0,G,0.0494323166052208,0.7636424683864471,0.7859929837347125,0.04507104894669348,0.0022279663612623556,0.786 +/- 0.045
1312,TOI-1347 b,TOI-1347,1.8,1400.0,0.0171,5464.0,G,0.0721441737622126,0.8218369675061563,0.7859918953367597,0.09693946178241378,0.006993617375245827,0.786 +/- 0.097
1313,Kepler-1834 c,Kepler-1834,1.22,1541.0,0.015,4821.0,K,0.0022101364764777,0.7395104611464067,0.7859637713288931,0.040555241337099465,8.963261819147978e-05,0.786 +/- 0.041
1314,Kepler-1559 b,Kepler-1559,0.72,1609.0,0.01835,5316.0,G,0.0007109111183763,0.7791740387046785,0.7859465431532794,0.01774897254882439,1.2617941924714997e-05,0.786 +/- 0.018
1315,Kepler-1894 b,Kepler-1894,1.20117759,1231.0,0.0385,5772.0,G,0.0001419341454906,0.7677972041088552,0.7859360578130289,0.027767905848868086,3.941213988722526e-06,0.786 +/- 0.028
1316,Kepler-1169 b,Kepler-1169,0.94,1125.0,0.06931,6191.0,F,0.0018071404041091,0.7776692265432462,0.7857793394892962,0.025121362362729143,4.539782893195348e-05,0.786 +/- 0.025
1317,Kepler-1585 b,Kepler-1585,1.79,1064.0,0.0445,5538.0,G,0.0002263710765914,0.7858356159428631,0.7856531637298867,0.030728375015694982,6.956015334207151e-06,0.786 +/- 0.031
1318,Kepler-1557 b,Kepler-1557,1.53,1287.0,0.049,6099.0,F,0.0001049540365173,0.7897200901183627,0.7856387300277743,0.029564485959990495,3.102912139060046e-06,0.786 +/- 0.030
1319,Kepler-1312 c,Kepler-1312,1.02732734,1659.0,0.02103,5721.0,G,0.0154288918884936,0.7844129549739786,0.7854917379591326,0.01932177113941923,0.00029811351800431514,0.785 +/- 0.019
1320,Kepler-294 b,Kepler-294,1.77,1087.0,0.048,5913.0,G,0.000181162360061,0.7790573350003479,0.7854576412352667,0.03550656980078607,6.432453982781035e-06,0.785 +/- 0.036
1321,Kepler-825 b,Kepler-825,1.53,1270.0,0.0453,5976.0,G,0.0003003401555714,0.7932796400354263,0.7854558191085547,0.02543513027480412,7.639190983713496e-06,0.785 +/- 0.025
1322,Kepler-1618 b,Kepler-1618,1.26,1267.0,0.07109,6620.0,F,9.227662842181455e-05,0.7880374414594479,0.7854458428693614,0.05248188169749923,4.842851096277767e-06,0.785 +/- 0.052
1323,Kepler-37 b,Kepler-37,0.3098,718.0,0.1019,5357.0,G,0.159228339507503,0.6974265132779612,0.7853431218284027,0.08998450312798692,0.014328083014477067,0.785 +/- 0.090
1324,Kepler-997 b,Kepler-997,1.36,1709.0,0.04022,6150.0,F,0.0033172139867882,0.7921710770386947,0.7850500569272414,0.018562086172651236,6.157441187588652e-05,0.785 +/- 0.019
1325,Kepler-286 b,Kepler-286,1.24,1367.0,0.027,5580.0,G,0.0001201242663381,0.7734592978951818,0.7850198857709771,0.03146129657956006,3.7792651696650273e-06,0.785 +/- 0.031
1326,Kepler-1528 b,Kepler-1528,1.46,1549.0,0.0296,5857.0,G,0.0002338612264275,0.7869719746660979,0.7848222430282901,0.015862710638269887,3.709672964330347e-06,0.785 +/- 0.016
1327,K2-226 b,K2-226,1.53899305,1187.0,0.04095,5288.0,G,0.0380823414163031,0.7634908071884502,0.7847200046137979,0.044689952389615734,0.001701898024779677,0.785 +/- 0.045
1328,Kepler-206 c,Kepler-206,1.77,825.0,0.111,5764.0,G,0.001323149185528,0.7727313272785594,0.7846848332957358,0.02979359628094202,3.942137265307849e-05,0.785 +/- 0.030
1329,Kepler-1352 b,Kepler-1352,0.89,1701.0,0.02883,6118.0,F,0.0004605356873349,0.7857550323151375,0.784640829564111,0.0153115688045165,7.05152386356362e-06,0.785 +/- 0.015
1330,Kepler-1282 b,Kepler-1282,1.55,1418.0,0.0335,5504.0,G,0.000157824579,0.7906272927161873,0.7845450802293061,0.027730667413461536,4.376580909918586e-06,0.785 +/- 0.028
1331,Kepler-204 c,Kepler-204,1.79,683.0,0.173,5812.0,G,0.0005910830858979,0.7802024905155798,0.7845044982741588,0.042730636278880504,2.5257356354101445e-05,0.785 +/- 0.043
1332,Kepler-1311 c,Kepler-1311,1.22,1671.0,0.03753,5748.0,G,0.0002315016046707,0.7666321455697035,0.7844417870275116,0.033786808058499936,7.821700282243674e-06,0.784 +/- 0.034
1333,Kepler-314 b,Kepler-314,0.83,1195.0,0.035,5378.0,G,0.0207488256328653,0.7707352895299755,0.7844267802253223,0.02737401996673421,0.0005679787671603413,0.784 +/- 0.027
1334,Kepler-1271 b,Kepler-1271,1.48,1484.0,0.04233,6143.0,F,0.0002529218053563,0.7856393999067479,0.7843506026461443,0.0197040986482032,4.983596203022184e-06,0.784 +/- 0.020
1335,K2-269 b,K2-269,1.57,1429.0,0.0531,6209.0,F,0.0088257050198383,0.7502515389087304,0.7841489646084229,0.043323264910351704,0.00038235835659507553,0.784 +/- 0.043
1336,Kepler-1065 c,Kepler-1065,1.6,1256.0,0.0344,5635.0,G,0.0001939535133335,0.7979572173045975,0.7841240555894357,0.026148089330744965,5.071513792656193e-06,0.784 +/- 0.026
1337,Kepler-164 b,Kepler-164,1.41,1141.0,0.058,5888.0,G,0.0001843955574601,0.7667880130979634,0.7840995284152938,0.028748760692200025,5.301143754125234e-06,0.784 +/- 0.029
1338,K2-223 b,K2-223,0.89,2271.0,0.0127,5859.0,G,0.041891760028361,0.7696348934058791,0.7840883491725112,0.05539978267235714,0.0023207944013337372,0.784 +/- 0.055
1339,Kepler-336 b,Kepler-336,1.02,1625.0,0.033,5867.0,G,0.0002501716049323,0.7786264434423452,0.7840618932053646,0.020733377357323796,5.186902289148703e-06,0.784 +/- 0.021
1340,Kepler-144 b,Kepler-144,1.33,1253.0,0.066,6075.0,F,0.0069456216784349,0.7721283616782525,0.783997589850365,0.024678754952432335,0.00017140929539439669,0.784 +/- 0.025
1341,Kepler-1318 b,Kepler-1318,3.11,202.0,0.6085,4598.0,K,0.0054017547005835,0.9919981305216624,0.7838164588635287,0.2503144859085714,0.0013521374508807678,0.784 +/- 0.250
1342,Kepler-1566 b,Kepler-1566,0.79,1871.0,0.01198,5254.0,G,0.0029159451331364,0.7803103863421665,0.7837613412498387,0.01894836723320784,5.525239921455363e-05,0.784 +/- 0.019
1343,Kepler-1402 b,Kepler-1402,0.76,1789.0,0.0322,5416.0,G,7.916556521926025e-05,0.7753671011945881,0.7836780631026699,0.019943271982435895,1.5788203988109745e-06,0.784 +/- 0.020
1344,Kepler-1488 c,Kepler-1488,1.65156749,1212.0,0.06959,5710.0,G,0.0002465598661275,0.7924072837734958,0.7833439812590017,0.021683484453971898,5.3462770241490385e-06,0.783 +/- 0.022
1345,HIP 34222 b,HIP 34222,13.9,200.30055227734107,0.492,4050.0,K,0.2387451045519575,0.9851476303169824,0.783320564499649,0.19536674584245733,0.046642854162133186,0.783 +/- 0.195
1346,Kepler-305 e,Kepler-305,1.7938153,1000.0,0.04017,4974.0,K,0.0003235061936343,0.7913533775055799,0.7832063561851984,0.03509104613026051,1.1352170764246211e-05,0.783 +/- 0.035
1347,K2-187 b,K2-187,1.2,1815.0,0.0164,5438.0,G,0.011583041864088,0.7574129004402553,0.7830864872888378,0.03599245817457199,0.0004169021498275037,0.783 +/- 0.036
1348,Kepler-1342 b,Kepler-1342,1.66,1283.0,0.0313,5527.0,G,0.0002272631811448,0.7848279723614389,0.78265035320202,0.018632876822779778,4.234566860624146e-06,0.783 +/- 0.019
1349,Kepler-775 b,Kepler-775,1.19,1612.0,0.01834,5468.0,G,0.0059142201824384,0.774623024479094,0.7825738570784102,0.01870060133436977,0.00011059947383546415,0.783 +/- 0.019
1350,Kepler-1073 d,Kepler-1073,1.48770949,1369.0,0.0352,5509.0,G,0.0002687283771452,0.7848451695769769,0.7822571845355426,0.019308515503506485,5.188746036340232e-06,0.782 +/- 0.019
1351,GJ 887 c,GJ 887,2.43,320.0,0.121,3688.0,M,0.2902999139625293,0.7563057970082294,0.7821188880017907,0.09037490548912987,0.026235827287866116,0.782 +/- 0.090
1352,Kepler-1603 b,Kepler-1603,1.29,1522.0,0.0351,6241.0,F,5.876102608984127e-05,0.7894188971346521,0.7819173105127941,0.03956709109751908,2.325002872280445e-06,0.782 +/- 0.040
1353,Kepler-1972 c,Kepler-1972,0.868,1215.0,0.10493,5818.0,G,0.017273784814455,0.7274367165070644,0.7816548746137782,0.0804475685323796,0.0013896339876744465,0.782 +/- 0.080
1354,Kepler-322 c,Kepler-322,1.67,996.0,0.051,5388.0,G,0.0062329636110385,0.7611790478549944,0.7815797546254625,0.05600924307662982,0.00034910357397844373,0.782 +/- 0.056
1355,TOI-6478 b,TOI-6478,4.6,204.4,0.1136,3230.0,M,0.3537616047199499,0.9935033980165172,0.7815556340678151,0.18470476604176092,0.06534145443435625,0.782 +/- 0.185
1356,Kepler-755 b,Kepler-755,1.76,1331.0,0.02156,5043.0,K,0.0060437979844622,0.7809785395211943,0.7807254311428645,0.02682122574226965,0.00016210207008193498,0.781 +/- 0.027
1357,Kepler-1433 b,Kepler-1433,1.56,1226.0,0.0516,6097.0,F,0.0001243721627892,0.782779022138592,0.7805565864206,0.01701056565679015,2.115640841002679e-06,0.781 +/- 0.017
1358,Kepler-371 c,Kepler-371,1.78,443.0,0.313,5666.0,G,0.0008367457117332,0.7619784981163066,0.7805356579971986,0.039888201433720724,3.337628149841589e-05,0.781 +/- 0.040
1359,Kepler-208 b,Kepler-208,1.63,1379.0,0.054,6092.0,F,0.0004038387765733,0.7822909294943377,0.7802949727300583,0.01880384844922162,7.5937231526034025e-06,0.780 +/- 0.019
1360,Kepler-373 b,Kepler-373,1.36,1054.0,0.06,5787.0,G,0.0002802845285494,0.7579307312634257,0.7801312997370019,0.03914828508615499,1.0972658628890458e-05,0.780 +/- 0.039
1361,Kepler-374 c,Kepler-374,1.1,1467.0,0.042,5977.0,G,0.0001387442513569,0.7717148134268982,0.7799780454002765,0.021047832971828804,2.920265828361463e-06,0.780 +/- 0.021
1362,K2-208 b,K2-208,1.67462172,1122.0,0.04878,5500.0,G,0.0243492795228843,0.7612239056704625,0.7799152390327119,0.04254277972577819,0.0010358860352234682,0.780 +/- 0.043
1363,Kepler-1604 b,Kepler-1604,1.41,2023.0,0.01406,4976.0,K,0.0015468041027489,0.7691539341667837,0.7797777098142543,0.0236482820399667,3.657925968238362e-05,0.780 +/- 0.024
1364,Kepler-589 c,Kepler-589,1.11727238,1098.0,0.0426,5372.0,G,0.000781476511294,0.7613855701956073,0.7796374647968909,0.03422376498287167,2.6745068462160314e-05,0.780 +/- 0.034
1365,Kepler-1067 b,Kepler-1067,0.8,1872.0,0.0164,5592.0,G,0.0004389890931521,0.7778286883805566,0.7795323352119966,0.01553414927659011,6.819322103819643e-06,0.780 +/- 0.016
1366,Kepler-922 b,Kepler-922,1.42,1876.0,0.01795,5671.0,G,0.001670222763218,0.7762837186292411,0.7793231320487686,0.014783809993550258,2.4692255978317393e-05,0.779 +/- 0.015
1367,Kepler-757 b,Kepler-757,1.36,1734.0,0.019,6014.0,F,0.0001029763799758,0.7790371933641151,0.7792908156512642,0.015236597275796942,1.569009630610705e-06,0.779 +/- 0.015
1368,Kepler-910 b,Kepler-910,0.82,1752.0,0.03752,6230.0,F,0.0057382976257743,0.778873464934427,0.779178171549793,0.01739139632687553,9.979700825140973e-05,0.779 +/- 0.017
1369,Kepler-918 b,Kepler-918,1.74,1052.0,0.0569,6028.0,F,0.0001670551355714,0.7797113615753833,0.7786993688311376,0.022251290986943013,3.7171924324624358e-06,0.779 +/- 0.022
1370,Kepler-1258 b,Kepler-1258,0.86,2335.0,0.01824,5839.0,G,0.000334178006722,0.758047512410667,0.7786311539293612,0.02053998543212689,6.864011389807081e-06,0.779 +/- 0.021
1371,TOI-1136 b,TOI-1136,1.9,1216.0,0.05106,5770.0,G,0.1288205659767384,0.7628777589366681,0.7785206616309595,0.0832596012258956,0.010725548952917413,0.779 +/- 0.083
1372,Kepler-356 b,Kepler-356,1.57,1294.0,0.057,6133.0,F,0.0006100369688775,0.7967729280384576,0.7784926568475771,0.023537661705409208,1.4358843801231841e-05,0.778 +/- 0.024
1373,Kepler-347 c,Kepler-347,1.75,705.0,0.183,6088.0,F,0.0003067011720023,0.7477332801185296,0.7782500567853274,0.038503060402763405,1.1808933751202884e-05,0.778 +/- 0.039
1374,Kepler-1834 b,Kepler-1834,1.4593834,848.0,0.04911,4821.0,K,0.0023200234750482,0.7586852290632619,0.7781592846858658,0.03665309471969046,8.503604018284708e-05,0.778 +/- 0.037
1375,Kepler-796 b,Kepler-796,1.3,1109.0,0.07317,5475.0,G,0.0005655818290365,0.7572870856451527,0.7780506529234411,0.03890689764878875,2.2005034334337843e-05,0.778 +/- 0.039
1376,Kepler-537 b,Kepler-537,1.41,1181.0,0.04317,5763.0,G,0.004221764794784,0.7650109288946504,0.7777538343587442,0.02449924203400662,0.00010343003751806151,0.778 +/- 0.024
1377,Kepler-1592 b,Kepler-1592,1.54,1202.0,0.04,6213.0,F,0.0001271497162283,0.7834491915862615,0.7776827658747688,0.01975256511655084,2.511533049350457e-06,0.778 +/- 0.020
1378,Kepler-1275 b,Kepler-1275,1.48,1368.0,0.0488,6296.0,F,0.0001083301939484,0.7731014644621248,0.7774375076105831,0.02522504222522314,2.732633716615002e-06,0.777 +/- 0.025
1379,Kepler-376 c,Kepler-376,1.79,873.0,0.115,5900.0,G,0.0003992146096692,0.7642359897983636,0.7772431813408598,0.03050233884994545,1.2176979297978649e-05,0.777 +/- 0.031
1380,Kepler-1100 b,Kepler-1100,1.75,1000.0,0.06745,6247.0,F,0.0005320335504713,0.7741801372713742,0.7770487569272458,0.024436797413423268,1.300119609001146e-05,0.777 +/- 0.024
1381,Kepler-780 b,Kepler-780,0.89,2099.0,0.015,5769.0,G,0.0012773933755029,0.778653994203693,0.7769597595809475,0.018728744140167414,2.392397369613861e-05,0.777 +/- 0.019
1382,Kepler-1346 b,Kepler-1346,1.58,1236.0,0.044,6133.0,F,0.0001981119713912,0.7823408590653648,0.776928741426022,0.025855162235022846,5.1222171610196805e-06,0.777 +/- 0.026
1383,Kepler-828 b,Kepler-828,1.51,1848.0,0.01228,5039.0,K,0.001173947051964,0.7674416076295205,0.7768261111878368,0.02471566059301875,2.901487689051717e-05,0.777 +/- 0.025
1384,EPIC 211822797 b,EPIC 211822797,1.92,431.0,0.1195,4057.0,K,0.0490322920947014,0.7417410034244473,0.7767264468946857,0.09278719369045574,0.00454956878367806,0.777 +/- 0.093
1385,Kepler-881 b,Kepler-881,1.78,1217.0,0.0552,5961.0,G,0.0001149022189922,0.7697093722783395,0.7766894625909274,0.03527260894488025,4.052901037410863e-06,0.777 +/- 0.035
1386,Kepler-301 b,Kepler-301,1.35,1278.0,0.036,5815.0,G,0.0004508190035898,0.7652283757501683,0.7766848198471595,0.020623015226522247,9.297247175438033e-06,0.777 +/- 0.021
1387,Kepler-1416 b,Kepler-1416,0.88,1870.0,0.0257,6019.0,F,9.278898241332996e-05,0.7686918435496178,0.7766778475590953,0.024886156552787125,2.3091611427119406e-06,0.777 +/- 0.025
1388,Kepler-1310 b,Kepler-1310,1.44,1883.0,0.01452,5549.0,G,0.0012664692811556,0.7705034953602315,0.776673350186765,0.015692830635798093,1.9874487934615787e-05,0.777 +/- 0.016
1389,Kepler-1206 b,Kepler-1206,1.64,1314.0,0.0201,4877.0,K,0.0003954969537139,0.7739730808631188,0.7765650818838125,0.022783329386786004,9.010737367934242e-06,0.777 +/- 0.023
1390,Kepler-127 b,Kepler-127,1.4,884.0,0.125,6106.0,F,0.0099351317582454,0.750262640722114,0.7765636380636619,0.06609640301237495,0.0006566764726740333,0.777 +/- 0.066
1391,TOI-2120 b,TOI-2120,2.122,384.0,0.0377,3131.0,M,0.2471182442741893,0.7237204276988405,0.7765047225394235,0.09182118094745217,0.022690689022917022,0.777 +/- 0.092
1392,Kepler-1661 b,Kepler-1661,3.87,243.0,0.633,5100.0,K,0.0049417151863651,0.9762710143044282,0.7764471160327363,0.24943390391672748,0.0012326313109796254,0.776 +/- 0.249
1393,Kepler-215 b,Kepler-215,1.62,784.0,0.084,5739.0,G,0.0027867613041479,0.7471892385881822,0.7763474014818322,0.04636500167029251,0.0001292081925215239,0.776 +/- 0.046
1394,Kepler-363 b,Kepler-363,1.16,1347.0,0.048,5593.0,G,0.0003145165422554,0.774726646346542,0.7761536487214542,0.022104046447305358,6.95208825845924e-06,0.776 +/- 0.022
1395,Kepler-290 d,Kepler-290,0.86,1589.0,0.0154,5142.0,K,0.0003612793245247,0.7539640700802444,0.776110571554384,0.030842199942260003,1.1142649161995435e-05,0.776 +/- 0.031
1396,Kepler-1181 b,Kepler-1181,1.57,1374.0,0.0621,6176.0,F,0.0002683794279911,0.7748407481365986,0.7760946932951662,0.016356725132957523,4.3898085349907885e-06,0.776 +/- 0.016
1397,Kepler-656 c,Kepler-656,1.41,975.0,0.0602,5550.0,G,0.0001606742130657,0.7544708018752599,0.7760828156239533,0.06726138917467162,1.0807170775346155e-05,0.776 +/- 0.067
1398,Kepler-1089 b,Kepler-1089,1.83,584.0,0.0497,3753.0,K,0.023293126863749,0.7471946733685481,0.7759969053541804,0.07191681788397841,0.0016751675626086422,0.776 +/- 0.072
1399,Kepler-1091 b,Kepler-1091,1.46,1664.0,0.0252,5851.0,G,0.0001989732670384,0.7726040998745733,0.775987785611673,0.014401270322307189,2.8654678055326134e-06,0.776 +/- 0.014
1400,Kepler-217 d,Kepler-217,1.32,1574.0,0.0534,6341.0,F,0.0001373433084055,0.7808862754637654,0.7758099695419408,0.042799262794223844,5.878192349475127e-06,0.776 +/- 0.043
1401,Kepler-269 c,Kepler-269,1.69,875.0,0.081,5847.0,G,0.0001422362215315,0.758884765367629,0.7757886388350045,0.0492262867628083,7.001761029167947e-06,0.776 +/- 0.049
1402,Kepler-853 b,Kepler-853,1.69,1187.0,0.079,6350.0,F,0.0016132969752091,0.7655060578537696,0.7755354665179022,0.035381733795969664,5.708124411069145e-05,0.776 +/- 0.035
1403,Kepler-1322 b,Kepler-1322,1.61,1666.0,0.0183,5488.0,G,0.0001563328074004,0.7627939570586082,0.7753209526677092,0.027748763368551813,4.338042079295086e-06,0.775 +/- 0.028
1404,Kepler-1070 b,Kepler-1070,1.73,1101.0,0.06753,6261.0,F,0.0002584403872468,0.7688211329178397,0.7753140908161374,0.028096173443895832,7.2611859449936966e-06,0.775 +/- 0.028
1405,Kepler-1542 c,Kepler-1542,0.65,1287.0,0.0387,5564.0,G,0.0057234842490116,0.7565914182158788,0.7750566393770513,0.023232177773019884,0.0001329690035541167,0.775 +/- 0.023
1406,Kepler-737 b,Kepler-737,1.96,298.0,0.1422,3813.0,K,0.0409023131101884,0.784215923945657,0.7750349071973639,0.06712548791499556,0.0027455877243733164,0.775 +/- 0.067
1407,Kepler-1899 b,Kepler-1899,1.55098292,851.0,0.0457,4791.0,K,0.0004770925341231,0.7525070755561777,0.7749291410546003,0.0325522916819319,1.5530455330047198e-05,0.775 +/- 0.033
1408,Kepler-185 b,Kepler-185,1.17,1237.0,0.026,5208.0,G,0.0030267890964807,0.7514981947344971,0.7748880022935499,0.03802400007514655,0.00011509062883203489,0.775 +/- 0.038
1409,Kepler-1385 b,Kepler-1385,0.85,1423.0,0.04262,5732.0,G,0.0004431120754631,0.7596484881958777,0.7748263837180053,0.023741565327972662,1.0520174287220741e-05,0.775 +/- 0.024
1410,Kepler-288 b,Kepler-288,1.67,1197.0,0.065,5918.0,G,0.0001632562406595,0.729367142900273,0.7747974708201159,0.037704424213063074,6.155482553255704e-06,0.775 +/- 0.038
1411,Kepler-1818 b,Kepler-1818,1.71360684,1209.0,0.055,6047.0,F,0.0001824282083231,0.7830490828530622,0.7746566900095945,0.030237847184390296,5.516236285396016e-06,0.775 +/- 0.030
1412,HD 87816 c,HD 87816,12.4,207.31011771925327,10.14,4989.0,K,0.0791585239902134,0.9887504851992004,0.7743359055510886,0.25625392737999675,0.020284682658095878,0.774 +/- 0.256
1413,Kepler-179 b,Kepler-179,1.64,1075.0,0.036,5302.0,G,0.0011049982710937,0.7608225868769584,0.7742496043229191,0.029863414483811135,3.299902137356587e-05,0.774 +/- 0.030
1414,Kepler-1338 b,Kepler-1338,0.92,2124.0,0.01937,5909.0,G,0.0002521333406979,0.7729060648266574,0.7739965789984702,0.015576505814938421,3.92735644752069e-06,0.774 +/- 0.016
1415,Kepler-1947 b,Kepler-1947,1.0101666,1298.0,0.07375,6040.0,F,0.0029735760443999,0.7447345289825602,0.7738768967402417,0.03761203163720576,0.00011184223625760619,0.774 +/- 0.038
1416,Kepler-319 b,Kepler-319,1.63,1023.0,0.051,5526.0,G,0.0024459687008891,0.7605486820942576,0.7738055665139199,0.02886242949643345,7.059659917989456e-05,0.774 +/- 0.029
1417,Kepler-1148 b,Kepler-1148,1.69,1397.0,0.0188,5054.0,K,0.0008794745111506,0.7735762933842105,0.7735839913204842,0.02041952150301599,1.795844869179415e-05,0.774 +/- 0.020
1418,Kepler-312 b,Kepler-312,1.29,1685.0,0.031,6115.0,F,0.00031382105242,0.7713095350960223,0.7735816507795755,0.013924731030001004,4.369873746500346e-06,0.774 +/- 0.014
1419,Kepler-653 c,Kepler-653,0.78,2078.0,0.01855,5665.0,G,0.0008464850356478,0.7402116818961382,0.7733647290861393,0.03132081667155969,2.6512602616743415e-05,0.773 +/- 0.031
1420,Kepler-1153 b,Kepler-1153,1.73,1343.0,0.0277,5470.0,G,0.0002288104644091,0.7713777391096182,0.7731685147053761,0.01934567045147243,4.42649184030681e-06,0.773 +/- 0.019
1421,HD 197037 b,HD 197037,13.9,198.1872899782613,2.07,6150.0,F,0.2152582509808693,0.9726942581577676,0.772929521375688,0.20936757242442947,0.045068097452193166,0.773 +/- 0.209
1422,Kepler-198 d,Kepler-198,1.53,1562.0,0.02342,5636.0,G,0.0025301040742428,0.7769019798553766,0.7729138435207736,0.020603972687293536,5.213019524170874e-05,0.773 +/- 0.021
1423,Kepler-770 c,Kepler-770,1.2,2740.0,0.0309,5598.0,G,0.0001703775234237,0.7536100397807182,0.7728922399143326,0.023797110688972233,4.054492783826749e-06,0.773 +/- 0.024
1424,Kepler-160 b,Kepler-160,1.715,1134.0,0.05511,5471.0,G,0.0003209591654932,0.7713061973401591,0.7728582622379799,0.026320751558182563,8.447886455268118e-06,0.773 +/- 0.026
1425,Kepler-1288 b,Kepler-1288,1.12,2017.0,0.04135,6132.0,F,0.000251617844195,0.7617399242831032,0.7727294669237671,0.021443398550118387,5.3955417153949775e-06,0.773 +/- 0.021
1426,Kepler-1356 b,Kepler-1356,1.53,1714.0,0.0136,5106.0,K,0.0002267114544516,0.7722514773338296,0.7726957186801827,0.018182741953342615,4.12223587416043e-06,0.773 +/- 0.018
1427,Kepler-402 c,Kepler-402,1.56,1140.0,0.068,6090.0,F,0.0009111800653714,0.7608532723942932,0.7725852567340721,0.022468321329880074,2.0472686498145744e-05,0.773 +/- 0.022
1428,Kepler-166 d,Kepler-166,1.73,1313.0,0.02449,5350.0,G,0.001123926606308,0.7747799265463674,0.7724530343204139,0.026301919237340987,2.9561426827811756e-05,0.772 +/- 0.026
1429,K2-153 b,K2-153,2.0,497.0,0.0614,3845.0,K,0.0747388601502197,0.7669260368512144,0.7722823567285889,0.06475923060633311,0.004840031079722557,0.772 +/- 0.065
1430,Kepler-218 b,Kepler-218,1.48,1156.0,0.046,5502.0,G,0.000742324415419,0.7583398437634161,0.7721820141347634,0.025606108824436355,1.9008039764255014e-05,0.772 +/- 0.026
1431,Kepler-1228 b,Kepler-1228,1.54,1757.0,0.01186,5063.0,K,0.0020313323038378,0.7611924323400184,0.7721471235641172,0.025931218694219736,5.26749222114512e-05,0.772 +/- 0.026
1432,Kepler-1394 b,Kepler-1394,1.39,1947.0,0.05474,6481.0,F,0.0006929943051466,0.7485741116177694,0.7720893288348818,0.053967293237872596,3.739902687802232e-05,0.772 +/- 0.054
1433,LP 791-18 c,LP 791-18,2.488,324.4,0.02961,2960.0,M,0.2782201364166813,0.7427698511362822,0.7720823677574813,0.10030152834401472,0.027905904898673402,0.772 +/- 0.100
1434,Kepler-59 b,Kepler-59,1.1,864.0,0.09943,6074.0,F,0.0001444794779456,0.7538914475777816,0.7720693109782061,0.07582371616459507,1.0954970927356047e-05,0.772 +/- 0.076
1435,Kepler-141 b,Kepler-141,0.69,968.0,0.039,4910.0,K,0.0149496612618489,0.7478754485922605,0.772034026465316,0.05035139787128428,0.0007527363422362797,0.772 +/- 0.050
1436,Kepler-65 b,Kepler-65,1.42,1740.0,0.035,6211.0,F,0.0156122390744195,0.7623949121346518,0.7720016212650869,0.04066399833645424,0.0006348560637505204,0.772 +/- 0.041
1437,Kepler-374 b,Kepler-374,1.03,1761.0,0.029,5977.0,G,0.0001203122372403,0.759471028482518,0.7719570169877478,0.018250962845203993,2.1958141716960837e-06,0.772 +/- 0.018
1438,Kepler-1177 b,Kepler-1177,1.9,377.0,0.4301,5712.0,G,0.0007118264342667,0.74591888895376,0.7718932576836904,0.061760737954423835,4.396292587577756e-05,0.772 +/- 0.062
1439,HD 210193 b,HD 210193,14.3,215.58637637014127,1.487,5790.0,G,0.1967145070146098,0.9834599489965214,0.7718054906701628,0.2571438129383363,0.05058391839402187,0.772 +/- 0.257
1440,Kepler-228 b,Kepler-228,1.53,1360.0,0.038,6043.0,F,0.0001253498075764,0.7694060620974755,0.7714700300832465,0.020330008117802757,2.5483626055932257e-06,0.771 +/- 0.020
1441,GJ 876 b,GJ 876,13.3,174.33809742367657,0.208317,3293.74,M,0.2862972980714249,0.9815758488732632,0.7712514675494885,0.18031106721915027,0.051622571357217796,0.771 +/- 0.180
1442,Kepler-97 b,Kepler-97,1.48,1328.0,0.03563,5779.0,G,0.0060981594596256,0.7680312519377578,0.7711888882701127,0.021014097167379803,0.0001281473154267487,0.771 +/- 0.021
1443,HD 73534 b,HD 73534,13.7,201.45552574431497,2.99,4917.0,K,0.130381070575411,0.9769789757260658,0.771002213123297,0.24233131619058643,0.03159541643887709,0.771 +/- 0.242
1444,Kepler-416 d,Kepler-416,1.61,1253.0,0.0407,5670.0,G,0.00058815767271,0.7693778198669722,0.7707712249673293,0.01647968840086427,9.69265517683831e-06,0.771 +/- 0.016
1445,Kepler-822 b,Kepler-822,1.77,1239.0,0.04078,5928.0,G,0.0002843432964981,0.7647625633731108,0.7705660976349546,0.024192294390734784,6.878916736914022e-06,0.771 +/- 0.024
1446,Kepler-1189 b,Kepler-1189,1.77,1158.0,0.0467,6012.0,F,0.0002956161950684,0.7675369154847224,0.7705412426435694,0.023524836829524536,6.954322753149005e-06,0.771 +/- 0.024
1447,Kepler-341 c,Kepler-341,1.7,940.0,0.08,6012.0,F,0.0003331336015816,0.7558389005625237,0.7702839814274711,0.029655791281576395,9.879340557383758e-06,0.770 +/- 0.030
1448,Kepler-1317 b,Kepler-1317,1.56,1796.0,0.0128,5144.0,K,0.0004446561267059,0.7638157964089849,0.7702654992320993,0.020807760177627217,9.252298046008987e-06,0.770 +/- 0.021
1449,Kepler-1921 c,Kepler-1921,1.41,1791.0,0.0454,6120.0,F,0.0001880449856465,0.7703173411437432,0.7701240208234066,0.04399948782957713,8.273883057366183e-06,0.770 +/- 0.044
1450,Kepler-929 b,Kepler-929,1.11,2362.0,0.01982,5869.0,G,0.0001039632352773,0.7618320942439337,0.769561503887723,0.01867418684884205,1.9414288809784276e-06,0.770 +/- 0.019
1451,Kepler-1825 b,Kepler-1825,1.42200732,1520.0,0.0187,5123.0,K,0.0043000019093225,0.7370376413872084,0.7695365974077842,0.06021657787494382,0.0002589313998351254,0.770 +/- 0.060
1452,Kepler-133 b,Kepler-133,1.76,1041.0,0.083,5736.0,G,0.000875288535421,0.7627377054391594,0.7694849922313791,0.03205968680455751,2.80614763092171e-05,0.769 +/- 0.032
1453,Kepler-1167 b,Kepler-1167,1.71,1419.0,0.0175,4971.0,K,0.0003486653625003,0.7660554956023418,0.7694722640697891,0.019522229002905716,6.806725052111992e-06,0.769 +/- 0.020
1454,Kepler-1800 b,Kepler-1800,0.99679734,1533.0,0.05098,5343.0,G,0.0092742569924662,0.7541857413744815,0.7692179602412528,0.039894101754358605,0.0003699881521535184,0.769 +/- 0.040
1455,Kepler-1002 b,Kepler-1002,1.71,1453.0,0.0564,6144.0,F,0.0060922714408264,0.7720089636447511,0.769081288753915,0.03620016291009378,0.00022054121865042745,0.769 +/- 0.036
1456,Kepler-758 c,Kepler-758,1.69,1372.0,0.05768,6228.0,F,0.0001467491530754,0.7641247174803178,0.7690350677867642,0.028906501821665053,4.242004660701854e-06,0.769 +/- 0.029
1457,TOI-451 b,TOI-451,1.84,1474.0,0.0274,5490.0,G,0.0939359934507573,0.7445439991717175,0.7690168295273205,0.08476164476494345,0.007962169307515145,0.769 +/- 0.085
1458,Kepler-611 b,Kepler-611,1.65,1513.0,0.0351,5761.0,G,0.0002428167626151,0.7675319636489213,0.7689515986916916,0.017336326746792842,4.209550736293806e-06,0.769 +/- 0.017
1459,Kepler-1031 b,Kepler-1031,0.87,2024.0,0.0218,6011.0,F,0.0004024798844105,0.7663623747382055,0.7686265973929525,0.013702020735962786,5.514787722000576e-06,0.769 +/- 0.014
1460,Kepler-1523 b,Kepler-1523,1.58,1676.0,0.01867,5708.0,G,0.0002484225475778,0.7666545574296716,0.768301574425897,0.014010474570553292,3.480517785590832e-06,0.768 +/- 0.014
1461,Kepler-321 b,Kepler-321,1.77,1042.0,0.057,5740.0,G,0.0072143567236637,0.7636333297127019,0.7681128818967586,0.029133662186082692,0.00021018063167711255,0.768 +/- 0.029
1462,Kepler-1901 b,Kepler-1901,1.47418907,1132.0,0.0453,5696.0,G,0.000117612841388,0.7564911018830572,0.767777934745006,0.02534801440142078,2.981251997295042e-06,0.768 +/- 0.025
1463,Kepler-1794 b,Kepler-1794,1.79426276,703.0,0.0821,5052.0,K,0.0015591944552999,0.7472279186882718,0.7672473577843677,0.04372273253975658,6.817224214654897e-05,0.767 +/- 0.044
1464,HD 13167 b,HD 13167,13.1,190.97274319340377,4.1,5671.0,G,0.0676564351767179,0.9911533146587372,0.767029639741267,0.27889000171051,0.018868703322161864,0.767 +/- 0.279
1465,Kepler-1909 b,Kepler-1909,1.09217411,1031.0,0.0306,4935.0,K,0.0002570694748602,0.7395753010717795,0.766662456614582,0.04277326351355965,1.0995700389487733e-05,0.767 +/- 0.043
1466,Kepler-1885 b,Kepler-1885,1.51110555,1205.0,0.036,5591.0,G,0.0002402168141505,0.755591833479649,0.766463953027658,0.022951545853196982,5.513347224684098e-06,0.766 +/- 0.023
1467,Kepler-750 c,Kepler-750,1.62,1537.0,0.05009,6160.0,F,0.0001593653111178,0.7578761291588565,0.7664560079411858,0.024467200416871688,3.899223006616322e-06,0.766 +/- 0.024
1468,Kepler-1522 b,Kepler-1522,1.73,1374.0,0.0288,5706.0,G,0.0004197275035598,0.7632107731472275,0.7661998675249481,0.019901130942256148,8.353052008409863e-06,0.766 +/- 0.020
1469,Kepler-553 c,Kepler-553,11.57887706,251.0,0.898,5191.0,K,0.020391604313837,0.9822873493506163,0.7660673431599427,0.272001810550735,0.0055465532933978426,0.766 +/- 0.272
1470,Kepler-1428 b,Kepler-1428,1.64,1049.0,0.11051,6184.0,F,0.000327892534673,0.7454192933234118,0.7659130204336659,0.04123335760957611,1.3520110139682142e-05,0.766 +/- 0.041
1471,Kepler-140 b,Kepler-140,1.61,1301.0,0.045,6077.0,F,0.0013069521218071,0.7463284980268706,0.7658702965407662,0.02263873224600952,2.9587739143944953e-05,0.766 +/- 0.023
1472,KELT-6 c,KELT-6,13.0,221.2664453676104,2.39,6272.0,F,0.0270185177808505,0.9875158358613194,0.7658207178410056,0.2960299694434341,0.007998290993072055,0.766 +/- 0.296
1473,Kepler-1373 b,Kepler-1373,1.16,1887.0,0.02598,6299.0,F,6.66845663959318e-05,0.7638312542482314,0.7657978990459525,0.020663999255869456,1.377969830383512e-06,0.766 +/- 0.021
1474,K2-154 b,K2-154,1.99,715.0,0.0405,4097.0,K,0.0866430733009141,0.753018117175212,0.7657387096150097,0.057689581313403404,0.004998402622436255,0.766 +/- 0.058
1475,Kepler-1067 c,Kepler-1067,1.74682428,973.0,0.06069,5594.0,G,0.0006704511364034,0.7464384141826654,0.7655852394613365,0.02951597920453683,1.9789021799740842e-05,0.766 +/- 0.030
1476,Kepler-1743 b,Kepler-1743,1.59887007,1144.0,0.084,5855.0,G,0.0019228329008465,0.7535169929223556,0.7654309207335624,0.034116958629659765,6.560121052992872e-05,0.765 +/- 0.034
1477,Kepler-1569 b,Kepler-1569,1.68,1222.0,0.06669,6319.0,F,0.0001928126797607,0.7598532584705383,0.765362466334468,0.019070066510841987,3.676950627170226e-06,0.765 +/- 0.019
1478,Kepler-1320 b,Kepler-1320,1.7,1389.0,0.0163,4817.0,K,0.0007484427508549,0.7571893228868006,0.7653084309246803,0.026956014947246858,2.0175033979203243e-05,0.765 +/- 0.027
1479,HD 27969 b,HD 27969,12.9,261.0,1.552,5966.0,G,0.1520872660200452,0.6866692946370768,0.7650592288577084,0.16678294251328263,0.02536556174562352,0.765 +/- 0.167
1480,Kepler-514 b,Kepler-514,1.72,1248.0,0.06559,6106.0,F,0.0038666330570198,0.7427105729163912,0.7650008205307977,0.030672981817664615,0.00011860116545354927,0.765 +/- 0.031
1481,Kepler-414 b,Kepler-414,1.71,1024.0,0.0543,5536.0,G,0.0056249601478482,0.7555873472167941,0.7649327066439265,0.03493545331185363,0.00019651053262618808,0.765 +/- 0.035
1482,Kepler-225 c,Kepler-225,1.84,412.0,0.111,3682.0,M,0.0022110264406972,0.7407649775999209,0.7643204029444244,0.07163819803235638,0.0001583939500134421,0.764 +/- 0.072
1483,GJ 806 c,GJ 806,2.28,490.0,0.0523,3600.0,M,0.265957753477801,0.7238503003052942,0.764160057090649,0.06899146315129688,0.018348814548865406,0.764 +/- 0.069
1484,HIP 113103 c,HIP 113103,2.4,585.0,0.10479,4930.0,K,0.2862712115497797,0.7227296294576746,0.764052045324999,0.11031267785257055,0.031579343938155924,0.764 +/- 0.110
1485,Kepler-1571 b,Kepler-1571,1.52,1476.0,0.04287,6297.0,F,0.0005304922454969,0.7599208828022275,0.763988546282847,0.0362782904289618,1.924535175244864e-05,0.764 +/- 0.036
1486,Kepler-394 d,Kepler-394,1.50066814,1165.0,0.05904,6398.0,F,0.0001416187658055,0.7496004202573676,0.763762332622491,0.028160124686038214,3.988002102965725e-06,0.764 +/- 0.028
1487,Kepler-1756 b,Kepler-1756,1.47199944,1093.0,0.0319,4915.0,K,0.0081603158233605,0.7480029756489733,0.7636854369644823,0.03184302267964463,0.0002598491218363313,0.764 +/- 0.032
1488,Kepler-111 b,Kepler-111,1.58,1356.0,0.046,5952.0,G,0.0007558589624101,0.7506117188433368,0.7636019225357998,0.022497500360789572,1.7004937279527254e-05,0.764 +/- 0.022
1489,Kepler-1804 b,Kepler-1804,1.59615726,913.0,0.1017,5109.0,K,0.0043786339870331,0.7487751119185974,0.7635416061572848,0.07012282083300188,0.00030704216656601477,0.764 +/- 0.070
1490,Kepler-100 b,Kepler-100,1.34,1155.0,0.07309,5837.0,G,0.0155110801904203,0.7451092830867253,0.7633520234359612,0.07621941594183959,0.0011822454727408733,0.763 +/- 0.076
1491,Kepler-406 c,Kepler-406,0.85,1050.0,0.05531,5538.0,G,0.0081625372506982,0.7248284295280101,0.7630844267005881,0.04623138761030736,0.000377365423520601,0.763 +/- 0.046
1492,Kepler-1905 b,Kepler-1905,1.4460734,1212.0,0.0451,5788.0,G,0.0001119061761837,0.7505571571409423,0.7630696988352669,0.02327419582239534,2.6045262582349076e-06,0.763 +/- 0.023
1493,Kepler-1832 b,Kepler-1832,1.22719556,1022.0,0.037,5242.0,G,0.002512889093153,0.7271996726070514,0.7627859919710415,0.04618672511122535,0.00011606211778045397,0.763 +/- 0.046
1494,Kepler-848 b,Kepler-848,1.7,1086.0,0.07586,5695.0,G,0.0003696320163809,0.7528142390322655,0.7627744210717206,0.03823038830171605,1.4131175514988076e-05,0.763 +/- 0.038
1495,Kepler-1003 b,Kepler-1003,1.78,1157.0,0.04333,6109.0,F,0.0002962391864317,0.764991776798857,0.7627100394319997,0.021600781805305565,6.398998028292388e-06,0.763 +/- 0.022
1496,Kepler-194 b,Kepler-194,1.51,1648.0,0.032,6089.0,F,0.0001616380790013,0.7554631912754629,0.7626155600210225,0.018144118801056992,2.9327805081742225e-06,0.763 +/- 0.018
1497,Gl 686 b,Gl 686,2.46,379.0,0.091,3656.0,M,0.2764996830465205,0.7512349964781025,0.7625266397002509,0.053409602794317355,0.014767738244269305,0.763 +/- 0.053
1498,HD 153950 b,HD 153950,13.2,270.1095249521645,1.28,6124.0,F,0.1847924816478458,0.706138897456028,0.7623856029279611,0.15826718870900858,0.029246586564965617,0.762 +/- 0.158
1499,Kepler-342 e,Kepler-342,0.88,1897.0,0.02909,6366.0,F,0.0002255443131326,0.75275425422471,0.7623004703029789,0.01798042171535447,4.055381865624109e-06,0.762 +/- 0.018
1500,Kepler-1589 b,Kepler-1589,1.09,2102.0,0.0205,6166.0,F,5.635266577617183e-05,0.762409089950159,0.7618670430202918,0.03540577313721259,1.9952097001483036e-06,0.762 +/- 0.035
1501,Kepler-207 c,Kepler-207,1.5,1556.0,0.044,5920.0,G,0.0003046151761944,0.7537834546213072,0.7618159316921627,0.019322317861798614,5.885871259955987e-06,0.762 +/- 0.019
1502,TOI-199 c,TOI-199,11.4,233.64021449844125,0.807,5255.0,G,0.1078867941063102,0.9747698132476044,0.7616012833119324,0.2556483519282394,0.0275810811080995,0.762 +/- 0.256
1503,Kepler-337 b,Kepler-337,1.54,1458.0,0.045,5684.0,G,0.0007330688195144,0.7554387155725208,0.7614965923886385,0.020612626536262273,1.511047380202898e-05,0.761 +/- 0.021
1504,HD 9174 b,HD 9174,13.7,214.3148461212464,2.2,5577.0,G,0.1328060076910074,0.9844776058064522,0.7610927931621161,0.2775761528787497,0.03686378069405548,0.761 +/- 0.278
1505,Kepler-1876 b,Kepler-1876,0.853,1299.0,0.0758,6104.0,F,0.0230797876724072,0.7377341107391138,0.7610478380634995,0.05041351921142074,0.001163533319218412,0.761 +/- 0.050
1506,Kepler-150 f,Kepler-150,3.64,208.3375360041306,1.24,5528.0,G,4.047229854882749e-05,0.982808447697671,0.7603544573162481,0.26094153289345545,1.0560903623052617e-05,0.760 +/- 0.261
1507,Kepler-33 b,Kepler-33,1.74,1336.0,0.0677,5904.0,G,0.0001481425618554,0.7697953284207637,0.7602027258862242,0.05761497867176587,8.535230541679626e-06,0.760 +/- 0.058
1508,Kepler-1087 b,Kepler-1087,0.61,2161.0,0.01554,5589.0,G,0.0081144370414954,0.7464377153267167,0.7601804746918808,0.019863452170241127,0.00016118073206217677,0.760 +/- 0.020
1509,HD 1605 c,HD 1605,13.0,213.92273984443997,3.584,4915.0,K,0.1234375641332979,0.9931852783814944,0.7600171564328015,0.24820683897747878,0.030638047604605683,0.760 +/- 0.248
1510,Kepler-1531 b,Kepler-1531,1.11,2537.0,0.02204,6260.0,F,0.0005196217599177,0.7514007733856757,0.7600083436220237,0.01699136259947007,8.829081737336424e-06,0.760 +/- 0.017
1511,Kepler-360 b,Kepler-360,1.65,1116.0,0.044,6053.0,F,0.0002449566981449,0.7516742281639727,0.759893186712499,0.01997224634533528,4.892335519289877e-06,0.760 +/- 0.020
1512,Kepler-60 b,Kepler-60,1.71,1102.0,0.07255,5905.0,G,0.0002564807938009,0.7577602988334322,0.759771457464157,0.03307059972261773,8.48197366832882e-06,0.760 +/- 0.033
1513,Kepler-407 b,Kepler-407,1.19,1983.0,0.01531,5487.0,G,0.0106410902080314,0.7495062996944112,0.7597556267593152,0.02132462221428392,0.00022691722863438547,0.760 +/- 0.021
1514,LHS 1903 c,LHS 1903,2.046,559.0,0.05387,3664.0,M,0.244796699297928,0.7294743883839834,0.7596491293343467,0.07345415225085056,0.017981334020735686,0.760 +/- 0.073
1515,Kepler-619 c,Kepler-619,1.69,1767.0,0.02216,5980.0,G,0.0002144651652626,0.7485663256520164,0.7590381261480853,0.02319490168793541,4.974498423752827e-06,0.759 +/- 0.023
1516,Kepler-188 b,Kepler-188,1.68,1463.0,0.032,6021.0,F,0.0001879629012638,0.7602188380705425,0.7586717314935931,0.024360979026348827,4.578960295419107e-06,0.759 +/- 0.024
1517,Kepler-1865 b,Kepler-1865,1.57686072,1203.0,0.0344,5420.0,G,0.0001945639345718,0.7405333866581949,0.7584388316000776,0.029377980772341643,5.715895528841478e-06,0.758 +/- 0.029
1518,Kepler-105 c,Kepler-105,1.44,997.0,0.07229,5933.0,G,0.0036477104990608,0.776747056317652,0.7581140485305421,0.05041435068251391,0.000183896956287939,0.758 +/- 0.050
1519,Kepler-1244 b,Kepler-1244,1.35,1839.0,0.0502,6680.0,F,0.0002518240548248,0.7520280995831369,0.7578060055714144,0.054244026486337735,1.3659950699813418e-05,0.758 +/- 0.054
1520,WASP-84 c,WASP-84,1.95,1329.0,0.02359,5280.0,G,0.1186104200226522,0.7377503000016334,0.7577299874266827,0.0863845823625796,0.01024611159750696,0.758 +/- 0.086
1521,Kepler-207 b,Kepler-207,1.57,1930.0,0.029,5920.0,G,0.0002844599703974,0.7413762060402174,0.7576539010364158,0.01906928244455081,5.424447519676583e-06,0.758 +/- 0.019
1522,Kepler-394 b,Kepler-394,1.6,1035.0,0.083,6402.0,F,0.0001692203450813,0.7407385949048013,0.7576104029543627,0.04234917655929081,7.1663422712720916e-06,0.758 +/- 0.042
1523,Gl 49 b,Gl 49,2.24,398.79117461213866,0.0905,3805.0,K,0.2718510958470309,0.7361005499601322,0.7568794459928502,0.0586983001074563,0.015957197208569886,0.757 +/- 0.059
1524,Kepler-1547 b,Kepler-1547,0.9,3186.0,0.01556,6078.0,F,0.0004368353645998,0.7437488067798539,0.7568102545804382,0.017279222521141592,7.548175470023963e-06,0.757 +/- 0.017
1525,Kepler-273 b,Kepler-273,1.5,1209.0,0.037,5626.0,G,0.0004938986313987,0.7378601308330979,0.756786618418619,0.032695533427279315,1.6148279212583703e-05,0.757 +/- 0.033
1526,Kepler-904 b,Kepler-904,1.77,1332.0,0.0417,6160.0,F,0.0001867358679964,0.7546949806538317,0.7566849231289552,0.01570747960496672,2.9331498380692107e-06,0.757 +/- 0.016
1527,Kepler-68 d,Kepler-68,13.9,238.50136935918596,1.469,5847.0,G,0.0709604354583662,0.974985933648272,0.7566249176048734,0.294704927606031,0.020912389994650244,0.757 +/- 0.295
1528,HD 38801 b,HD 38801,12.5,263.24798168180223,1.623,5338.0,G,0.120233234190749,0.4714886338717323,0.7562618159214552,0.23008132167920725,0.02766342143237318,0.756 +/- 0.230
1529,GJ 422 b,GJ 422,3.33,267.71138681477674,0.111,3323.0,M,0.2643176169871529,0.9455013339507612,0.7562006059849503,0.16137752555689341,0.04265492299048143,0.756 +/- 0.161
1530,Kepler-1859 b,Kepler-1859,1.58313575,1455.0,0.0394,5887.0,G,0.0001034657431257,0.7523770666318759,0.755878096502544,0.022541155449467977,2.3322373994911263e-06,0.756 +/- 0.023
1531,Kepler-1972 b,Kepler-1972,0.802,1084.0,0.08006,5818.0,G,0.0173053787428648,0.7179883653671937,0.7558256881624251,0.0654864507507295,0.001133267832767337,0.756 +/- 0.065
1532,Kepler-1323 b,Kepler-1323,1.52,2291.0,0.01911,6169.0,F,0.0032349313215579,0.7488509891095803,0.7555351997246582,0.015723370708524115,5.0864024385470686e-05,0.756 +/- 0.016
1533,Kepler-1873 b,Kepler-1873,1.62573811,1787.0,0.0128,5151.0,K,0.0002271019504151,0.7305103886126191,0.7553568219751793,0.0385624665806419,8.757611373280888e-06,0.755 +/- 0.039
1534,Kepler-394 c,Kepler-394,1.66,901.0,0.11,6402.0,F,0.0001957683638144,0.7430739047928381,0.7552828126793643,0.06036038168237983,1.181665316117218e-05,0.755 +/- 0.060
1535,Kepler-990 c,Kepler-990,1.53,2386.0,0.01232,5948.0,G,0.0002545538423845,0.7446668301421245,0.7551716790929172,0.017199515837087915,4.378202843483789e-06,0.755 +/- 0.017
1536,Kepler-213 b,Kepler-213,1.62,1326.0,0.036,5696.0,G,0.0007958466996034,0.7468090969521848,0.7548789047847199,0.01697097754398218,1.3506296467421632e-05,0.755 +/- 0.017
1537,HD 40307 f,HD 40307,2.13,398.0,0.247,4956.0,K,0.2635964867699531,0.7482809823888843,0.7547768642882228,0.07515296034569552,0.01981005631748694,0.755 +/- 0.075
1538,Kepler-197 c,Kepler-197,1.23,930.0,0.09,6004.0,F,0.0120824987712915,0.7310728071434884,0.7543444897465957,0.09359016033786126,0.0011308029972871832,0.754 +/- 0.094
1539,Kepler-101 c,Kepler-101,1.25,1413.0,0.0684,5667.0,G,0.000147099169668,0.7397867933150645,0.7541339651937707,0.03883431370301171,5.712495300339657e-06,0.754 +/- 0.039
1540,AU Mic c,AU Mic,2.79,424.7,0.119,3540.0,M,0.7725067257864296,0.8379619509475061,0.7535987980851305,0.10600218855583297,0.08188740360746227,0.754 +/- 0.106
1541,GJ 536 b,GJ 536,2.41,451.0,0.0668,3641.0,M,0.2703427165523132,0.754178944052588,0.7535128428258483,0.04354280835681259,0.01177148109749748,0.754 +/- 0.044
1542,Kepler-231 b,Kepler-231,1.73,488.0,0.074,3767.0,K,0.013488015710577,0.8027340777649677,0.7532499207879482,0.0826602798317746,0.001114923153011667,0.753 +/- 0.083
1543,Kepler-1368 b,Kepler-1368,1.65,2085.0,0.0153,5906.0,G,0.0001018798938823,0.7438622225319497,0.7531042273930908,0.04192985160842794,4.2718088323672245e-06,0.753 +/- 0.042
1544,Kepler-1072 b,Kepler-1072,1.58,1849.0,0.02742,6199.0,F,0.000219111607476,0.7471071995684692,0.7529427104583928,0.015549549861992789,3.407086865789454e-06,0.753 +/- 0.016
1545,Kepler-1932 b,Kepler-1932,1.51482218,1891.0,0.0123,5278.0,G,0.0003806815620185,0.7386311973731188,0.7527434818569188,0.03181421278309067,1.2111084216655886e-05,0.753 +/- 0.032
1546,Kepler-1115 b,Kepler-1115,1.7,1381.0,0.2134,8480.0,A,0.0005065180894415,0.7146347767142102,0.752652245468195,0.12468350495589435,6.31544507151294e-05,0.753 +/- 0.125
1547,Kepler-1340 b,Kepler-1340,1.55,2174.0,0.01523,6331.0,F,9.738800678304291e-05,0.7402147910260315,0.752510577710623,0.023871527337158655,2.3248004662328015e-06,0.753 +/- 0.024
1548,Kepler-54 d,Kepler-54,1.53,328.0,0.126,4252.0,K,0.0205158719504815,0.8993714877079323,0.7524241701924462,0.1291527255929692,0.002649680780321031,0.752 +/- 0.129
1549,Kepler-1859 c,Kepler-1859,1.66,1327.0,0.0473,5887.0,G,0.0001057071671264,0.752271099399987,0.7522119458804465,0.017940620453791224,1.896452164660219e-06,0.752 +/- 0.018
1550,Kepler-323 b,Kepler-323,1.381,1838.0,0.02778,6004.0,F,0.0036415488409716,0.7452144728035,0.7521891085568967,0.0326823807010862,0.00011901448556223305,0.752 +/- 0.033
1551,Kepler-107 b,Kepler-107,1.536,1592.0,0.04544,5854.0,G,0.002149669333243,0.7497931514179399,0.7504083668177959,0.04197003195499546,9.02216906088825e-05,0.750 +/- 0.042
1552,K2-157 b,K2-157,0.935,2432.0,0.00962,5334.0,G,0.0154662727057839,0.7193790727182161,0.7503082919485495,0.030164471031000943,0.000466531934991179,0.750 +/- 0.030
1553,Kepler-1135 b,Kepler-1135,1.85,451.0,0.3436,5656.0,G,0.0006502067858594,0.7442454918490827,0.7494769024101663,0.03867454406524969,2.5146450991243736e-05,0.749 +/- 0.039
1554,Kepler-20 b,Kepler-20,1.773,1187.0,0.04565,5495.0,G,0.0195918984106147,0.776511455711963,0.7489247222825539,0.06680973312823288,0.001308929504288618,0.749 +/- 0.067
1555,K2-5 b,K2-5,1.91,565.0,0.0532,3930.0,K,0.0421225884077666,0.7282657966699384,0.7487468151203779,0.0579691677731112,0.002441811394447531,0.749 +/- 0.058
1556,Kepler-1900 b,Kepler-1900,1.62314676,1356.0,0.042,6173.0,F,8.186515782246239e-05,0.7419842939157836,0.7487126953146955,0.01985721033388552,1.6256136578973692e-06,0.749 +/- 0.020
1557,Kepler-138 b,Kepler-138,0.64,452.0,0.0753,3841.0,K,0.1550061901745262,0.6851327652927458,0.748702149141127,0.1153552708516297,0.01788078105126169,0.749 +/- 0.115
1558,GJ 676 A e,GJ 676 A,2.47,321.5616797513576,0.181,3734.0,K,0.2555736112125773,0.734311539979396,0.7478844669721757,0.07873656148276413,0.02012298735261115,0.748 +/- 0.079
1559,Kepler-1938 b,Kepler-1938,1.82828927,527.0,0.0938,4522.0,K,0.0049769787099734,0.7375800448733828,0.7478054258162316,0.050905102502984335,0.0002533536113863667,0.748 +/- 0.051
1560,Kepler-1893 b,Kepler-1893,1.70557445,1194.0,0.0504,5633.0,G,0.0001571021816324,0.7307281247080472,0.7475024549845709,0.02705462483005757,4.250340584048144e-06,0.748 +/- 0.027
1561,Kepler-1814 c,Kepler-1814,1.76,1711.0,0.0133,4922.0,K,0.0004626000786919,0.7384386781435742,0.7473498332810444,0.026576055222861366,1.229408523741595e-05,0.747 +/- 0.027
1562,Kepler-1106 b,Kepler-1106,1.65,2199.0,0.0239,6104.0,F,0.0001650344143434,0.74065610144086,0.7472383644697821,0.013046917762773978,2.153190431965906e-06,0.747 +/- 0.013
1563,Kepler-1336 c,Kepler-1336,1.71,1260.0,0.06272,5512.0,G,0.0001837151427782,0.7326446544610906,0.7466409386366961,0.025022521609663964,4.59701613019001e-06,0.747 +/- 0.025
1564,Kepler-1816 b,Kepler-1816,1.9679397,310.0,0.35647,5051.0,K,0.0048133272525349,0.7226477268769707,0.7462004515762489,0.09579390438190608,0.0004610874105881509,0.746 +/- 0.096
1565,61 Vir b,61 Vir,2.11,1077.3636562177492,0.050201,5577.0,G,0.275544537089946,0.7165853409767193,0.7455707874792887,0.07922339501496552,0.021829573706092606,0.746 +/- 0.079
1566,K2-38 b,K2-38,1.54,1266.0,0.04994,5731.0,G,0.0477532851464377,0.7559717605152572,0.7454527646720919,0.0741229101430906,0.0035396124639467848,0.745 +/- 0.074
1567,HD 136352 d,HD 136352,2.562,431.0,0.425,5664.0,G,0.7592085134420502,0.7772465341765069,0.7450241733515878,0.07978739525346283,0.06057526974179481,0.745 +/- 0.080
1568,Kepler-1162 c,Kepler-1162,1.81,401.0,0.2832,5225.0,G,0.0003536640616105,0.723735683030767,0.7448952617346853,0.08961383100684793,3.1693191450358804e-05,0.745 +/- 0.090
1569,Kepler-501 c,Kepler-501,1.68119739,1304.0,0.0467,5794.0,G,0.0001556990050527,0.7375919417687834,0.7448260889298886,0.028830332507223104,4.488854086713152e-06,0.745 +/- 0.029
1570,Kepler-1454 b,Kepler-1454,1.88,492.0,0.2447,5448.0,G,0.0005221605345734,0.7408937782733536,0.7446556961418974,0.041831914557212684,2.1842974867422968e-05,0.745 +/- 0.042
1571,Kepler-1856 b,Kepler-1856,1.73447868,1344.0,0.0215,4948.0,K,0.0002498267969422,0.7303171679003765,0.7445913043671764,0.019464142058184045,4.86266426562408e-06,0.745 +/- 0.019
1572,Kepler-202 c,Kepler-202,1.85,505.0,0.113,4668.0,K,0.0190399523193348,0.7417433690523798,0.7439808814453618,0.039286608007388375,0.0007480151432490714,0.744 +/- 0.039
1573,Kepler-406 b,Kepler-406,1.43,1302.0,0.03599,5538.0,G,0.0086832693873854,0.7492138344004969,0.7433757646183639,0.03530132160272703,0.00030653088520720653,0.743 +/- 0.035
1574,Kepler-331 b,Kepler-331,1.82,540.0,0.065,4347.0,K,0.0018990449224625,0.7209194601917583,0.7432992403987518,0.061059381300190695,0.00011595450802682885,0.743 +/- 0.061
1575,K2-133 d,K2-133,2.003,734.0,0.07487,3655.0,M,0.151203997531235,0.6861063481345135,0.7432218405524719,0.08934770466268177,0.013509730115237649,0.743 +/- 0.089
1576,Kepler-256 b,Kepler-256,1.59,1681.0,0.027,5551.0,G,0.000135541942566,0.7357056746079698,0.7431538876939489,0.01938379911849215,2.6273177868295444e-06,0.743 +/- 0.019
1577,EPIC 201595106 b,EPIC 201595106,1.565,2038.0,0.0177,5679.0,G,0.0307778243838023,0.7520952732451761,0.7430407235617167,0.0771943685997437,0.002375874720181414,0.743 +/- 0.077
1578,Kepler-730 c,Kepler-730,1.56926,1607.0,0.03997,5620.0,G,6.697887402293089e-05,0.7334757462959021,0.742771098061819,0.04236426172310298,2.8375105490261877e-06,0.743 +/- 0.042
1579,TOI-1224 b,TOI-1224,2.104,541.0,0.0355,3326.0,M,0.2320174739450264,0.6979821804645059,0.7426028157228977,0.09400010505178623,0.021809666924682555,0.743 +/- 0.094
1580,Kepler-1708 b,Kepler-1708,9.96,224.11892630606704,1.64,6157.0,F,1.7329201606106562e-08,0.9908261528982668,0.7421878827176753,0.2916691430129363,5.0543933815515e-09,0.742 +/- 0.292
1581,HD 22496 b,HD 22496,2.22,573.0,0.051,4385.0,K,0.2618643115228418,0.7297460546870627,0.7421377335617977,0.06835250309706808,0.017899081164376645,0.742 +/- 0.068
1582,Kepler-1375 b,Kepler-1375,1.74,1543.0,0.0471,6704.0,F,0.0001887757743816,0.7392520577654015,0.7415800257364024,0.061790611729677966,1.1664570578782734e-05,0.742 +/- 0.062
1583,K2-111 b,K2-111,1.837,1293.0,0.0565,5775.0,G,0.0427245993886767,0.6942595965458573,0.741239986800544,0.11259861136457862,0.004810730562272921,0.741 +/- 0.113
1584,Kepler-137 c,Kepler-137,1.88,568.0,0.13,5187.0,K,0.0165264982045295,0.7448191889553943,0.7410185243608625,0.04277239711238267,0.0007068779440812151,0.741 +/- 0.043
1585,Kepler-1704 b,Kepler-1704,11.94877343,253.8,2.027,5746.0,G,0.0165706236384087,0.9823282796213688,0.7408852819543327,0.2708547643688785,0.004488232361026557,0.741 +/- 0.271
1586,Kepler-37 e,Kepler-37,0.37,401.0,0.25,5288.0,G,0.161450874743104,0.6800424578435924,0.740658394432155,0.104903483074544,0.016936759105983534,0.741 +/- 0.105
1587,Kepler-1596 b,Kepler-1596,1.9,471.0,0.3237,5706.0,G,0.0003818716204308,0.7372713641612707,0.7405976638253077,0.037941207370193956,1.4488670339556977e-05,0.741 +/- 0.038
1588,EPIC 220674823 b,EPIC 220674823,1.606,2324.0,0.0132,5578.0,G,0.0276006933839082,0.7371375822648675,0.7404398668004406,0.04745406567262153,0.0013097651164498702,0.740 +/- 0.047
1589,TOI-712 d,TOI-712,2.474,313.6,0.3405,4622.0,K,0.2257981406689672,0.7172664042403144,0.7403912204528154,0.07371691415544494,0.016645142152153337,0.740 +/- 0.074
1590,KOI-1599.01,KOI-1599,1.9,660.0,0.14728,5833.0,G,0.0004128627967525,0.7336720472483914,0.739393107692935,0.05670185943738732,2.3410088268386864e-05,0.739 +/- 0.057
1591,GJ 876 c,GJ 876,14.0,221.03900325775484,0.12959,3293.74,M,0.2862972980714249,0.9734127180057452,0.7391075109098512,0.208809430675998,0.059781575814370734,0.739 +/- 0.209
1592,Kepler-2001 c,Kepler-2001,1.82,597.0,0.1084,5081.0,K,0.0004988457939663,0.734647231047096,0.7389542825141361,0.03881983702510864,1.9365112422432686e-05,0.739 +/- 0.039
1593,HD 44219 b,HD 44219,14.1,259.6720984190152,1.26,5752.0,G,0.1767491462782667,0.7036900372412599,0.7387692201105239,0.26876780562599306,0.047504480191477405,0.739 +/- 0.269
1594,Kepler-236 c,Kepler-236,2.0,329.0,0.132,3750.0,K,0.0181828283191058,0.7358748591744491,0.7386615373001402,0.05831697276045536,0.001060367503793329,0.739 +/- 0.058
1595,Kepler-323 c,Kepler-323,1.57,1431.0,0.0458,6004.0,F,0.003847726213317,0.7453904359867086,0.7385220413222913,0.05158926802550053,0.00019850137890755495,0.739 +/- 0.052
1596,TOI-544 b,TOI-544,2.018,999.0,0.0225,4169.0,K,0.2308738822289343,0.6916680850400022,0.7383394492956242,0.10605478021523145,0.024485278837226856,0.738 +/- 0.106
1597,K2-101 b,K2-101,2.0,618.0,0.1124,4927.0,K,0.0498784622680513,0.7317359100942888,0.7383088974513308,0.0683125387895134,0.003407324388447535,0.738 +/- 0.068
1598,HD 48948 d,HD 48948,3.24,349.0,0.4894,4593.0,K,0.2533417770851778,0.9852142719476072,0.7382849720969753,0.1617495063982054,0.04097790739357169,0.738 +/- 0.162
1599,HD 48948 b,HD 48948,2.06,957.0,0.0652,4593.0,K,0.2533417770851778,0.7013478141946645,0.7374087805539862,0.07733380855845681,0.01959188448896438,0.737 +/- 0.077
1600,Kepler-864 c,Kepler-864,1.62,1532.0,0.0382,6213.0,F,9.437885234693803e-05,0.7215067784250652,0.7362268244491407,0.02485480390516561,2.345767867877724e-06,0.736 +/- 0.025
1601,Kepler-1251 b,Kepler-1251,1.84,487.0,0.2478,5545.0,G,0.0004269969492313,0.74310602500194,0.7360124021587064,0.048646910983744435,2.0772082579585494e-05,0.736 +/- 0.049
1602,Kepler-114 b,Kepler-114,1.26,586.0,0.053,4605.0,K,0.0232309943521276,0.7303281723946103,0.735937772554182,0.08474026037483849,0.0019686005101656953,0.736 +/- 0.085
1603,GJ 3341 b,GJ 3341,2.46,345.4015497634142,0.089,3526.0,M,0.2368891889578181,0.7163371050042092,0.735908541910478,0.06040976174936103,0.014310419465941157,0.736 +/- 0.060
1604,Kepler-507 b,Kepler-507,1.3,1407.0,0.04781,6113.0,F,0.0066165376415939,0.739400713538789,0.7358998116900647,0.05138216857340721,0.00033997205247267195,0.736 +/- 0.051
1605,Kepler-399 d,Kepler-399,1.89,486.0,0.261,5502.0,G,0.0013262851962458,0.7365943096872801,0.7358499561468544,0.059666805737331574,7.913520115669683e-05,0.736 +/- 0.060
1606,Kepler-62 c,Kepler-62,0.54,578.0,0.0929,4925.0,K,0.014960322588725,0.6722708502377773,0.7355380114494634,0.08039365325476466,0.0012027149867773809,0.736 +/- 0.080
1607,Kepler-331 c,Kepler-331,1.84,425.0,0.105,4347.0,K,0.0019987957749633,0.7274592205340377,0.7349836593062198,0.06114968377709166,0.00012222572957399264,0.735 +/- 0.061
1608,K2-81 b,K2-81,1.97,676.162511522667,0.059,4674.13,K,0.0264747506493991,0.7401530241598566,0.7346042853837056,0.0416499019850251,0.0011026707696254522,0.735 +/- 0.042
1609,TOI-1201 b,TOI-1201,2.415,703.0,0.0287,3476.0,M,0.2424669254419744,0.7265680109132059,0.7344539615550046,0.05981721315182983,0.014503695761431413,0.734 +/- 0.060
1610,K2-35 c,K2-35,1.93,766.0,0.055,4402.71,K,0.0258094527437335,0.7335668692183223,0.7340658359461758,0.040813014775422554,0.0010533615761755654,0.734 +/- 0.041
1611,Kepler-1509 b,Kepler-1509,1.85,667.0,0.1707,5780.0,G,0.0002425610121375,0.7322877703139211,0.7340427525475977,0.0278563648881691,6.756868061745813e-06,0.734 +/- 0.028
1612,Kepler-753 b,Kepler-753,1.91,641.0,0.054,4346.0,K,0.0203645603906006,0.7410870881042938,0.7339703577956205,0.03309760513516151,0.0006740181785592491,0.734 +/- 0.033
1613,HD 15906 b,HD 15906,2.24,668.0,0.09,4757.0,K,0.2412666092562781,0.7254531688280853,0.7339539859640486,0.06754341004915347,0.01629596952016568,0.734 +/- 0.068
1614,HD 103891 b,HD 103891,13.2,220.6678638379885,3.27,6072.0,F,0.1721849990479256,0.9929973883133104,0.7336789397864111,0.24544687654607622,0.04226227020440245,0.734 +/- 0.245
1615,Kepler-62 b,Kepler-62,1.31,750.0,0.0553,4925.0,K,0.0156534849762347,0.7257406451584749,0.7333900369530013,0.06202806328473238,0.0009709553567324934,0.733 +/- 0.062
1616,K2-19 d,K2-19,1.044,1258.0,0.03478,5350.0,G,0.0171185345295781,0.6892511207455672,0.7330236010954082,0.10186471545207482,0.0017437746488119907,0.733 +/- 0.102
1617,Kepler-196 b,Kepler-196,1.9,536.0,0.138,5128.0,K,0.0042488219083339,0.7341368240987519,0.7329601726287114,0.03252800440112455,0.0001382056977338795,0.733 +/- 0.033
1618,Kepler-1463 b,Kepler-1463,1.86,619.0,0.1694,5679.0,G,0.0002336430970789,0.7352486578100076,0.7322685754858769,0.034989026833721404,8.174944593207408e-06,0.732 +/- 0.035
1619,Kepler-299 e,Kepler-299,1.87,534.0,0.22,5617.0,G,0.0003056677470499,0.732746667087284,0.7321084602588152,0.028176888606350103,8.612766059179033e-06,0.732 +/- 0.028
1620,HD 5278 b,HD 5278,2.45,943.0,0.1202,6203.0,F,0.2902718522043476,0.7393089338456824,0.7320125737776628,0.08323668775711135,0.024161267526611654,0.732 +/- 0.083
1621,Kepler-1460 b,Kepler-1460,1.96,391.0,0.1614,4422.0,K,0.0017865544199663,0.7432371393227644,0.7319682079329721,0.03579667253297864,6.395270353387924e-05,0.732 +/- 0.036
1622,GJ 3998 c,GJ 3998,2.5,387.35691660987374,0.09,3726.0,K,0.2502157322257616,0.7248747936249673,0.7319522970851615,0.07035190276159012,0.01760315286296685,0.732 +/- 0.070
1623,K2-3 b,K2-3,2.078,501.3,0.0747,3844.0,K,0.2264160645503409,0.7197198174927227,0.7319136253096218,0.05826480747665481,0.01319208841064746,0.732 +/- 0.058
1624,Kepler-23 b,Kepler-23,1.638,1157.0,0.07212,5828.0,G,0.0004058713570598,0.7362094348397054,0.7319063441752086,0.06261048990053207,2.5411804502107854e-05,0.732 +/- 0.063
1625,K2-146 b,K2-146,2.05,534.0,0.0248,3385.0,M,0.1421560155747238,0.6924195194937836,0.7314898421873034,0.08303986255034637,0.011804615994029962,0.731 +/- 0.083
1626,Kepler-1644 b,Kepler-1644,1.88,606.0,0.142,5499.0,G,0.0012319805479465,0.7337197869250967,0.7314082685694353,0.03923429180242157,4.83358843130402e-05,0.731 +/- 0.039
1627,Kepler-1479 b,Kepler-1479,1.83,746.0,0.11341,5796.0,G,0.0006934787973705,0.7310149887970123,0.7313297570441106,0.03009562795565194,2.0870679880795507e-05,0.731 +/- 0.030
1628,Kepler-1954 b,Kepler-1954,1.80235934,949.0,0.0625,5840.0,G,0.0001278221478415,0.7166857055482396,0.7311894982796661,0.040890515037496945,5.226713458438014e-06,0.731 +/- 0.041
1629,Kepler-1413 b,Kepler-1413,1.82,661.0,0.1066,5196.0,K,0.0002844393450959,0.7347625079306673,0.7308847761690277,0.07189309834908056,2.0449225811327604e-05,0.731 +/- 0.072
1630,Kepler-148 b,Kepler-148,1.8,1284.0,0.028,5272.0,G,0.0004525925578493,0.7285124603051493,0.7306415738081368,0.03877865351482805,1.7550929984227776e-05,0.731 +/- 0.039
1631,Kepler-1093 c,Kepler-1093,1.96,508.0,0.41037,6166.0,F,0.0006517408516836,0.7307479388533433,0.7300697537038476,0.04598960744841881,2.997330592702691e-05,0.730 +/- 0.046
1632,Kepler-1125 b,Kepler-1125,1.84,778.0,0.1348,5683.0,G,0.0003599103891265,0.7276216725197425,0.730068255135644,0.0333166226594221,1.1990998625733376e-05,0.730 +/- 0.033
1633,Kepler-1232 b,Kepler-1232,1.93,523.0,0.16545,5471.0,G,0.0009391618018781,0.7367555285987273,0.7296238253673983,0.030406731320518004,2.855684057620095e-05,0.730 +/- 0.030
1634,Kepler-454 c,Kepler-454,12.9,228.2849464570479,1.287,5687.0,G,0.0298174107022527,0.9848698253696202,0.7295646247311005,0.2997502046865078,0.008937774961221915,0.730 +/- 0.300
1635,Kepler-973 b,Kepler-973,1.96,402.0,0.2489,5213.0,G,0.0130930665912715,0.7388364158432928,0.729321363216554,0.06375591557029231,0.0008347604481493206,0.729 +/- 0.064
1636,Kepler-1384 b,Kepler-1384,1.94,608.0,0.1126,4919.0,K,0.001019336448406,0.7330070650996595,0.7293165815512672,0.02681466785641607,2.733316829794569e-05,0.729 +/- 0.027
1637,Kepler-878 b,Kepler-878,1.93,501.0,0.165,5044.0,K,0.0007504081176976,0.7382275800366559,0.7292569795522762,0.04710017165552003,3.5344351155252634e-05,0.729 +/- 0.047
1638,Kepler-1221 b,Kepler-1221,1.88,632.0,0.0906,5194.0,K,0.0003723290941417,0.7331705392160108,0.7288290949551692,0.024461143919379296,9.107595557172246e-06,0.729 +/- 0.024
1639,DMPP-1 d,DMPP-1,2.02,1632.0,0.04467,6196.0,F,0.1605161362109138,0.6719639334908326,0.7287003497400732,0.11290513262997653,0.0181230956481446,0.729 +/- 0.113
1640,TOI-5800 b,TOI-5800,2.46,1108.0,0.0344,4850.0,K,0.2486443233538234,0.7006140097686087,0.7286279573735127,0.0814060567289511,0.020241153892273007,0.729 +/- 0.081
1641,Kepler-100 d,Kepler-100,1.61,670.0,0.21747,5825.0,G,0.016098846155439,0.7076084417133315,0.7284877974399613,0.1349133769929854,0.0021719497005208152,0.728 +/- 0.135
1642,Kepler-1923 b,Kepler-1923,1.95958179,553.0,0.2846,5881.0,G,0.000399155794249,0.7321724320300284,0.7281170975018828,0.04117713902992783,1.643609363439234e-05,0.728 +/- 0.041
1643,Kepler-1306 b,Kepler-1306,1.91,678.0,0.123,5727.0,G,0.0002448979145756,0.7311087389569022,0.7278517082126496,0.01423264434162772,3.485544918160842e-06,0.728 +/- 0.014
1644,GJ 143 b,GJ 143,2.61,422.0,0.1915,4640.0,K,0.7553198190540739,0.8860210963041906,0.7277136481383034,0.1213381074169638,0.09164907733854487,0.728 +/- 0.121
1645,Kepler-113 b,Kepler-113,1.82,775.0,0.05123,4725.0,K,0.0238013725472063,0.7290073086886656,0.727704038493764,0.07616582096480645,0.0018128510801471744,0.728 +/- 0.076
1646,Kepler-1305 b,Kepler-1305,1.88,733.0,0.1109,5701.0,G,0.0002270574861917,0.7298111485132359,0.7272298639614544,0.03795109204059308,8.6170795569669e-06,0.727 +/- 0.038
1647,Kepler-356 c,Kepler-356,1.81,913.0,0.115,6133.0,F,0.0008282887048957,0.7242548071801298,0.7271441917394196,0.02784995818204541,2.3067805794005798e-05,0.727 +/- 0.028
1648,HD 108236 f,HD 108236,2.017,557.5855490076589,0.1758,5660.0,G,0.1987709148680566,0.7047456845093061,0.726664522367484,0.08475836845086183,0.01684749843970163,0.727 +/- 0.085
1649,Kepler-191 c,Kepler-191,1.86,596.0,0.128,5282.0,G,0.0013701947532421,0.7145414425207306,0.7266315167849925,0.05757497781657178,7.888893252229695e-05,0.727 +/- 0.058
1650,Kepler-1488 b,Kepler-1488,1.86,650.0,0.24153,5820.0,G,0.0009632303456723,0.7284928138273927,0.7262484861629647,0.050036299930394816,4.8196482478117074e-05,0.726 +/- 0.050
1651,Kepler-54 c,Kepler-54,1.23,395.0,0.0809,3705.0,K,0.0206584112212257,0.7425810114558142,0.7259943502378619,0.11020545010753405,0.0022766695071417104,0.726 +/- 0.110
1652,Kepler-948 b,Kepler-948,1.85,841.0,0.0749,5679.0,G,0.0002655536573102,0.7246977815839845,0.7253433353778701,0.023929771899504126,6.354638446512173e-06,0.725 +/- 0.024
1653,Kepler-1370 b,Kepler-1370,1.84,770.0,0.15763,6202.0,F,0.0003664565903402,0.7215588153626908,0.7253066549203986,0.025336614213650372,9.284769255499362e-06,0.725 +/- 0.025
1654,Kepler-1917 b,Kepler-1917,1.88971288,675.0,0.103,5530.0,G,0.0002662831840824,0.7249255494362231,0.7252034150384126,0.026722852160449652,7.115846161047776e-06,0.725 +/- 0.027
1655,Kepler-330 c,Kepler-330,1.95,573.0,0.116,5117.0,K,0.0008654338229694,0.7275466430320822,0.7250449207162394,0.026479762410131277,2.2916482013921323e-05,0.725 +/- 0.026
1656,Kepler-601 b,Kepler-601,1.9,833.0,0.05494,5160.0,K,0.0054996465058883,0.7267144875950453,0.7250044154777714,0.02995478822520304,0.0001647407463973619,0.725 +/- 0.030
1657,Kepler-1987 e,Kepler-1987,1.92,643.0,0.0765,4769.0,K,0.0013636939339081,0.7314264853684229,0.7245986988191376,0.029740928232031394,4.055752341881737e-05,0.725 +/- 0.030
1658,Kepler-110 b,Kepler-110,1.83,1008.0,0.107,5960.0,G,0.0016489629038033,0.7184858487457033,0.7244456692258808,0.03546422448997833,5.847919059612677e-05,0.724 +/- 0.035
1659,Kepler-1457 b,Kepler-1457,1.99,478.0,0.26391,5866.0,G,0.0008110301726493,0.734713716523141,0.7244028852995767,0.029031547005575288,2.3545460580207995e-05,0.724 +/- 0.029
1660,Kepler-298 c,Kepler-298,1.93,416.0,0.136,4465.0,K,0.0023954992538382,0.7292847350294182,0.7243872470243885,0.030566065511794065,7.322098712627222e-05,0.724 +/- 0.031
1661,Kepler-171 d,Kepler-171,1.89,497.0,0.223,5642.0,G,0.0006106461418745,0.7262007074559675,0.724289857492196,0.05323727259178707,3.250913511209584e-05,0.724 +/- 0.053
1662,Kepler-771 b,Kepler-771,1.82,890.0,0.0843,5906.0,G,0.0002744074252827,0.7231253126054824,0.7242697888838869,0.020823618738888845,5.714155603207073e-06,0.724 +/- 0.021
1663,K2-414 c,K2-414,1.9287,697.5583602557118,0.0552,4343.0,K,0.0222740533615581,0.7199239865178805,0.724071840589717,0.05996519537266291,0.0013356679615669506,0.724 +/- 0.060
1664,Kepler-299 d,Kepler-299,1.86,729.0,0.118,5617.0,G,0.0002256646809596,0.723348122698968,0.7238988629665287,0.017491719098576067,3.94726320981511e-06,0.724 +/- 0.017
1665,Kepler-1348 b,Kepler-1348,1.94,636.0,0.1834,5911.0,G,0.000336883393378,0.7295290511911486,0.7237818510518861,0.026159764125100418,8.812790108431897e-06,0.724 +/- 0.026
1666,Kepler-801 b,Kepler-801,2.0,419.0,0.0795,4435.0,K,0.0046157536513615,0.7354115960526727,0.7236191398612549,0.032787612923512816,0.00015133954407113177,0.724 +/- 0.033
1667,Kepler-274 c,Kepler-274,1.84,678.0,0.204,6023.0,F,0.0003082419085441,0.6999545442214599,0.7236088536400981,0.04300292092018009,1.3255302417407317e-05,0.724 +/- 0.043
1668,HD 176986 d,HD 176986,2.49,363.0,0.28149,4931.0,K,0.2272247179347319,0.711257884158371,0.7235828615886375,0.06518639594191793,0.014811960431084053,0.724 +/- 0.065
1669,GJ 96 b,GJ 96,4.67,235.812656184738,0.291,3785.0,K,0.266258455603935,0.768671313260925,0.723483266271805,0.12575452425864161,0.033483205414313495,0.723 +/- 0.126
1670,Kepler-1262 b,Kepler-1262,1.82,949.0,0.083,5771.0,G,0.0002170413441288,0.7229835364272265,0.7231697619649379,0.01994727440422571,4.3293832483991565e-06,0.723 +/- 0.020
1671,K2-21 c,K2-21,2.49,420.0,0.107,4222.06,K,0.1437639668253881,0.6877133134835312,0.7228587566715224,0.10926793682023975,0.01570879204410355,0.723 +/- 0.109
1672,TOI-262 b,TOI-262,2.07,584.0,0.163,5310.0,G,0.2494472280843122,0.7015841620949387,0.7228488808545838,0.08366804959093901,0.020870763049680507,0.723 +/- 0.084
1673,Kepler-1280 b,Kepler-1280,1.87,757.0,0.33982,6227.0,F,0.0004579840473382,0.7207060761811224,0.7226913403911744,0.044555086604386555,2.0405518892580974e-05,0.723 +/- 0.045
1674,K2-9 b,K2-9,2.25,314.0,0.091,3390.0,M,0.1382510006306984,0.7053132991700357,0.722691221234786,0.08380040440407188,0.011585489762120123,0.723 +/- 0.084
1675,Kepler-804 b,Kepler-804,1.94,779.0,0.11287,5817.0,G,0.0011244210317169,0.7258284914957283,0.7226200111631446,0.03280585772296843,3.688759638721799e-05,0.723 +/- 0.033
1676,Kepler-523 b,Kepler-523,1.96,884.0,0.06159,5515.0,G,0.0260668618248755,0.7256755247209895,0.722430816237567,0.0379054256228934,0.0009880754921250577,0.722 +/- 0.038
1677,Kepler-158 c,Kepler-158,1.9,418.0,0.158,4623.0,K,0.0142716430661114,0.7106991186036984,0.7224030338700532,0.04264117165667585,0.0006085595818048639,0.722 +/- 0.043
1678,Kepler-1711 b,Kepler-1711,1.923,669.0,0.1463,5706.0,G,0.0018410507905289,0.7278147977555325,0.7222601128175696,0.03170501525994352,5.837054340804986e-05,0.722 +/- 0.032
1679,Kepler-371 b,Kepler-371,1.89,554.0,0.2,5666.0,G,0.0006157482268218,0.7036300015821806,0.7222414338525817,0.038704075028582814,2.3831965569627776e-05,0.722 +/- 0.039
1680,Kepler-1133 b,Kepler-1133,1.97,703.0,0.0983,5569.0,G,0.0004925413281659,0.7258070347068357,0.7221925506796274,0.015073085807618871,7.4241177032431765e-06,0.722 +/- 0.015
1681,Kepler-1392 b,Kepler-1392,1.96,714.0,0.1189,5479.0,G,0.0003178020714182,0.7250933646867164,0.7220359946284743,0.02020728829088104,6.421918076586733e-06,0.722 +/- 0.020
1682,Kepler-887 b,Kepler-887,1.84,785.0,0.15431,6194.0,F,0.0004954518545878,0.7218763776971915,0.7215685317825382,0.028344715629896444,1.4043441926595994e-05,0.722 +/- 0.028
1683,Kepler-224 e,Kepler-224,1.97,517.0,0.124,5018.0,K,0.0006247979825881,0.7242205603673987,0.7214839321952834,0.03021948491549354,1.8881073210051883e-05,0.721 +/- 0.030
1684,Kepler-1647 b,Kepler-1647,11.8739,222.19529473739868,2.7205,6210.0,F,1.6274880518140464e-06,0.9899310674547984,0.7213713524867974,0.29419286422622565,4.787953714571343e-07,0.721 +/- 0.294
1685,Kepler-1472 b,Kepler-1472,1.9,613.0,0.2322,6159.0,F,0.0002279825451842,0.7285745949217951,0.7211756692896742,0.04127382636822306,9.40971198491824e-06,0.721 +/- 0.041
1686,Kepler-106 b,Kepler-106,0.82,1021.0,0.06491,5858.0,G,0.0037177195777233,0.6946243528614913,0.7211634088562336,0.04544664825011178,0.00016895789394134493,0.721 +/- 0.045
1687,Kepler-1556 b,Kepler-1556,1.96,797.0,0.0829,5608.0,G,0.0002996379375103,0.7231380659347405,0.7207835753341929,0.013257877127181445,3.972562958153629e-06,0.721 +/- 0.013
1688,LHS 1903 d,LHS 1903,2.5,442.0,0.08604,3664.0,M,0.2712402208123309,0.7321731889567598,0.7205841028036063,0.07285514270719111,0.019761244995212396,0.721 +/- 0.073
1689,Kepler-370 c,Kepler-370,1.91,647.0,0.14,5852.0,G,0.0003062500463623,0.7288163213834316,0.7205070961945254,0.03511462879176483,1.0753856695472934e-05,0.721 +/- 0.035
1690,HD 136352 c,HD 136352,2.916,677.0,0.1721,5664.0,G,0.759260058013983,0.7496861168401073,0.7200673254110374,0.08815565629148814,0.06693306871013603,0.720 +/- 0.088
1691,HD 1461 c,HD 1461,2.23,816.6913611938011,0.1117,5765.0,G,0.2372818024489798,0.6983116838129054,0.7199678545418419,0.08150536794918437,0.019339740616249775,0.720 +/- 0.082
1692,Kepler-1471 c,Kepler-1471,1.88,841.0,0.0981,5533.0,G,0.0002132940430311,0.7213318281540027,0.7199200160411936,0.02816930491653591,6.008344935023787e-06,0.720 +/- 0.028
1693,Kepler-48 b,Kepler-48,1.88,932.0,0.05394,5194.0,K,0.0155168423364442,0.7182899246815682,0.7198415020306039,0.03297127648298086,0.0005116100988177244,0.720 +/- 0.033
1694,TOI-654.01,TOI-654,2.378,794.0,0.01944,3521.0,M,0.1829757126440954,0.7038817154882197,0.7198178526120741,0.07975934011952414,0.01459402209839272,0.720 +/- 0.080
1695,Kepler-968 b,Kepler-968,2.0,745.0,0.0389,4598.0,K,0.0176009905406422,0.719567771636208,0.7196644510865158,0.03871353388297581,0.0006813965436690886,0.720 +/- 0.039
1696,Kepler-357 b,Kepler-357,1.84,793.0,0.063,5036.0,K,0.0006800062868441,0.7157177544706764,0.719552970262669,0.028850806792030448,1.9618729999105165e-05,0.720 +/- 0.029
1697,Kepler-946 b,Kepler-946,1.93,857.0,0.1002,5665.0,G,0.0003464297994065,0.7198996771134716,0.7195174810288316,0.018700669378224045,6.478469141465433e-06,0.720 +/- 0.019
1698,TOI-1470 b,TOI-1470,2.18,734.0,0.0285,3709.0,K,0.1942237388548383,0.6895364857162796,0.7194807761604877,0.08417511417370757,0.016348805393350378,0.719 +/- 0.084
1699,Kepler-962 b,Kepler-962,1.97,689.0,0.09874,5478.0,G,0.005858069512771,0.7200404180295598,0.7194744399134743,0.019238434945107442,0.00011270008922536213,0.719 +/- 0.019
1700,Kepler-1292 b,Kepler-1292,1.82,1195.0,0.0443,5556.0,G,0.0001697535743574,0.7149637738219059,0.7193944645018076,0.032269201437017205,5.477812285592619e-06,0.719 +/- 0.032
1701,K2-47 b,K2-47,1.89,460.7430328866947,0.1779,5054.0,K,0.0114740244523381,0.7220790172950354,0.7192472056643688,0.04604323036155488,0.0005283011510331167,0.719 +/- 0.046
1702,Kepler-341 d,Kepler-341,1.85,622.0,0.182,6012.0,F,0.0004142304808713,0.7138851088126165,0.7189868769676228,0.029744187401249567,1.2320949050345672e-05,0.719 +/- 0.030
1703,Kepler-646 b,Kepler-646,1.99,632.0,0.11251,5634.0,G,0.0040763348123421,0.7317278035077031,0.7188925275558885,0.03135881850833083,0.00012782904355942672,0.719 +/- 0.031
1704,Kepler-772 b,Kepler-772,1.82,866.0,0.11153,5714.0,G,0.0005507367628117,0.712982065200924,0.7188909321264251,0.03540756249038369,1.9500246345006886e-05,0.719 +/- 0.035
1705,Kepler-42 d,Kepler-42,0.57,450.0,0.0154,3068.0,M,0.2022156468096425,0.6763215590757042,0.7187436605246537,0.0979390839567589,0.019804815210259882,0.719 +/- 0.098
1706,TOI-904 b,TOI-904,2.426,429.43,0.056,3770.2,K,0.2324779584317042,0.7007660320856146,0.7186406299894892,0.05791670487457086,0.013464357308331764,0.719 +/- 0.058
1707,Kepler-1534 b,Kepler-1534,1.89,955.0,0.0599,5442.0,G,0.0002469978097436,0.7199579116729757,0.7182826153616672,0.01678368793143696,4.145534158485022e-06,0.718 +/- 0.017
1708,Kepler-825 c,Kepler-825,1.84,981.0,0.0759,5976.0,G,0.0004353038368112,0.7171509914413052,0.7182088633296776,0.017593980958922405,7.658727416202118e-06,0.718 +/- 0.018
1709,Kepler-354 b,Kepler-354,1.84,741.0,0.054,4648.0,K,0.0016515873163395,0.7027961984900819,0.7181835930183481,0.03911112930303928,6.459544508461383e-05,0.718 +/- 0.039
1710,Kepler-1032 b,Kepler-1032,1.87,802.0,0.0361,4647.0,K,0.0008088606652461,0.7112589220015979,0.7180375597932063,0.038825938128476685,3.140477414340357e-05,0.718 +/- 0.039
1711,K2-187 e,K2-187,1.9,698.0,0.1106,5438.0,G,0.0139269483809275,0.7178108672867686,0.718006966699391,0.0643690644480365,0.0008964646378963998,0.718 +/- 0.064
1712,Kepler-329 c,Kepler-329,1.93,402.0,0.113,4257.0,K,0.0049668970679266,0.7207525356436272,0.7178615295199527,0.04557149045327614,0.00022634890231342227,0.718 +/- 0.046
1713,Kepler-1093 b,Kepler-1093,1.95,776.0,0.17543,6166.0,F,0.0004880405630797,0.7179285775747969,0.7177490787073566,0.030875366532342876,1.5068431267736743e-05,0.718 +/- 0.031
1714,TOI-1749 b,TOI-1749,1.39,831.0,0.0291,3985.0,K,0.1128947799814301,0.6905346282926914,0.7177050731786656,0.10392105285084689,0.01173214439703493,0.718 +/- 0.104
1715,TOI-2134 b,TOI-2134,2.69,666.0,0.078,4580.0,K,0.7000738323011156,0.7466685311962028,0.7174035215455389,0.0846559547079377,0.059265418639495616,0.717 +/- 0.085
1716,Kepler-1283 b,Kepler-1283,1.91,764.0,0.1062,6175.0,F,0.0001795931684057,0.7188227647032482,0.7172448698689002,0.031008261645639065,5.568871955693265e-06,0.717 +/- 0.031
1717,Kepler-327 c,Kepler-327,1.03,537.0,0.047,3799.0,K,0.0272385772915719,0.690586267352447,0.7171392312249092,0.08336096130808118,0.0022706339876899036,0.717 +/- 0.083
1718,Kepler-1144 b,Kepler-1144,1.99,811.0,0.1291,5753.0,G,0.000376662085098,0.7196536647509895,0.7169152084931644,0.01850534627667614,6.9702623140333454e-06,0.717 +/- 0.019
1719,Kepler-298 b,Kepler-298,1.96,540.0,0.08,4465.0,K,0.0025144603712695,0.7195861294062196,0.7168349038833153,0.03007585156308029,7.562453688754924e-05,0.717 +/- 0.030
1720,GJ 436 b,GJ 436,4.17,686.0,0.0291,3586.11,M,0.7745293811566667,0.8066151820326705,0.7164421849139693,0.10317063243601672,0.07990868609420995,0.716 +/- 0.103
1721,Kepler-1181 c,Kepler-1181,1.83,1124.0,0.0928,6688.0,F,0.0002414537290293,0.7127128335543536,0.7164366601653331,0.030040537389216804,7.253399774670509e-06,0.716 +/- 0.030
1722,Kepler-242 c,Kepler-242,2.0,613.0,0.109,5020.0,K,0.0012708064757936,0.7218941921599864,0.7162686820630193,0.02991629022579768,3.801781535066447e-05,0.716 +/- 0.030
1723,Kepler-333 b,Kepler-333,1.32,480.0,0.087,4259.0,K,0.01250324395393,0.6993452396969149,0.71617496735321,0.07904290773940525,0.0009882927582937654,0.716 +/- 0.079
1724,Kepler-174 b,Kepler-174,1.96,553.0,0.1,4880.0,K,0.0078939639561331,0.7101763098979359,0.7161260932716084,0.04274641711978614,0.00033743867599742266,0.716 +/- 0.043
1725,Kepler-1683 b,Kepler-1683,1.87477762,669.0,0.1182,5429.0,G,0.0005635823044777,0.7013901247896743,0.7159065248064592,0.028513618009686714,1.6069770546896087e-05,0.716 +/- 0.029
1726,Kepler-341 e,Kepler-341,1.99,539.0,0.242,6012.0,F,0.0004533802304516,0.7131224824399485,0.7156582004902633,0.027274367521013955,1.236565903209894e-05,0.716 +/- 0.027
1727,Kepler-1892 b,Kepler-1892,1.83707938,822.0,0.0633,5383.0,G,0.0002694126046882,0.702829539675253,0.7156191776539697,0.040434180818487625,1.0893477972742407e-05,0.716 +/- 0.040
1728,Kepler-1315 c,Kepler-1315,1.84398883,777.0,0.0635,4818.0,K,0.0027991879120588,0.6927361216387101,0.71555956717945,0.07165138317407804,0.00020056568566317255,0.716 +/- 0.072
1729,Kepler-653 b,Kepler-653,1.95,819.0,0.11945,5665.0,G,0.0013939657804089,0.7083395564662551,0.7154346979754087,0.0484458604459915,6.753187166417721e-05,0.715 +/- 0.048
1730,Kepler-261 c,Kepler-261,2.0,505.0,0.156,5098.0,K,0.0143054162055803,0.7191419323463365,0.7153056149375999,0.031210760943036285,0.000446482925383004,0.715 +/- 0.031
1731,Kepler-1986 b,Kepler-1986,1.89,579.0,0.1307,5549.0,G,0.0003223055423092,0.7090200299579653,0.715075884433214,0.04096115107352141,1.3202006010360388e-05,0.715 +/- 0.041
1732,Kepler-792 b,Kepler-792,1.96,852.0,0.0988,5971.0,G,0.0002416432349397,0.7160424467027033,0.7149109064082576,0.02250062009191228,5.437122627158893e-06,0.715 +/- 0.023
1733,Kepler-342 c,Kepler-342,1.96,754.0,0.185,6175.0,F,0.0005276573117878,0.7176047887703153,0.7148233671943595,0.031019278618431408,1.6367549169398298e-05,0.715 +/- 0.031
1734,Kepler-579 b,Kepler-579,2.0,730.0,0.0854,5636.0,G,0.0019736129504027,0.7222359562206215,0.7148113512287745,0.036395093074127347,7.182982702220935e-05,0.715 +/- 0.036
1735,Kepler-135 b,Kepler-135,1.81,1209.0,0.067,6090.0,F,0.0013678304140178,0.7095979450032557,0.7145092821887553,0.03532457203754187,4.8318023995112504e-05,0.715 +/- 0.035
1736,K2-13 b,K2-13,1.89,511.0,0.2114,5698.0,G,0.0129007803541702,0.7017192830920412,0.7143771007625285,0.048839654485441836,0.0006300696550902486,0.714 +/- 0.049
1737,K2-285 e,K2-285,1.95,500.9,0.18041,4975.0,K,0.0695888394691572,0.8565312493386579,0.7142391438735634,0.12587454193174277,0.008759463291741744,0.714 +/- 0.126
1738,Kepler-641 b,Kepler-641,1.85,926.0,0.0895,5713.0,G,0.0005013142821824,0.7133480445399295,0.7142212704573722,0.01883537631395192,9.442443156464187e-06,0.714 +/- 0.019
1739,Kepler-524 b,Kepler-524,1.91,974.0,0.07955,6014.0,F,0.0005782374748709,0.7132060686980121,0.7140294748362092,0.02113786938724269,1.2222708218630111e-05,0.714 +/- 0.021
1740,Kepler-1600 c,Kepler-1600,1.94206512,786.0,0.06961,5119.0,K,0.0002403795910287,0.7169913903200005,0.7139691253000339,0.050517796013066184,1.214344714529214e-05,0.714 +/- 0.051
1741,Kepler-1344 b,Kepler-1344,1.84,1219.0,0.05501,5981.0,G,0.0004000037699683,0.7118892660506276,0.7139448450922827,0.015609718374520527,6.243946197951655e-06,0.714 +/- 0.016
1742,KOI-55 c,KOI-55,0.867,6321.145826843392,0.0076,27730.0,B,1.3516657944892597e-06,0.705146401076373,0.7137067897727291,0.10153491523524495,1.37241271869847e-07,0.714 +/- 0.102
1743,Kepler-1180 b,Kepler-1180,1.99,765.0,0.1246,6077.0,F,0.000249209371148,0.7175572250119414,0.713537629878089,0.025205022506654316,6.281327808654509e-06,0.714 +/- 0.025
1744,Kepler-1127 b,Kepler-1127,1.96,994.0,0.0556,5664.0,G,0.0002871323077696,0.7157036238489113,0.7135215137269002,0.03239587391045073,9.301902038120694e-06,0.714 +/- 0.032
1745,Kepler-1606 b,Kepler-1606,2.07,324.0,0.6421,5422.0,G,0.0007406962081463,0.6987814061146227,0.7134354132978051,0.09282969077534123,6.875859996068882e-05,0.713 +/- 0.093
1746,HD 39194 d,HD 39194,2.12,460.3690212615921,0.1949,5205.0,G,0.2303618825136961,0.6871205514060427,0.7131574075947131,0.07652758445690638,0.017629038419718825,0.713 +/- 0.077
1747,HD 134606 f,HD 134606,2.24,626.5912657924097,0.1784,5576.0,G,0.2294932172634423,0.7033344417545003,0.7128907683772799,0.0653945639760861,0.015007608878412005,0.713 +/- 0.065
1748,K2-86 b,K2-86,1.96,759.635376593527,0.077,5482.0,G,0.0261160914832606,0.7083986597171785,0.7128093252553377,0.04856711059951963,0.0012683831034946901,0.713 +/- 0.049
1749,HD 6061 b,HD 6061,2.42763557,1075.31,0.06,5934.0,G,0.224191507857879,0.7107292576638248,0.7127762418251979,0.07302015729536733,0.016370499168067907,0.713 +/- 0.073
1750,Kepler-1078 b,Kepler-1078,1.9,1122.0,0.0388,5612.0,G,0.0001889741297747,0.7141841302279005,0.7127551834019865,0.030868624172638214,5.833371390366575e-06,0.713 +/- 0.031
1751,Kepler-347 b,Kepler-347,1.97,908.0,0.11,6088.0,F,0.0004342127061675,0.6936678754884061,0.7125786100466814,0.03427093935144601,1.488087731869364e-05,0.713 +/- 0.034
1752,Kepler-49 d,Kepler-49,1.6,717.0,0.031,4252.0,K,0.0141396022124107,0.7429873482513538,0.7123233534857724,0.0840787599370633,0.0011888402200228485,0.712 +/- 0.084
1753,Kepler-710 b,Kepler-710,1.88,1174.0,0.0524,5611.0,G,0.0003256195155523,0.7132711156360202,0.7120843433596883,0.021009807011384486,6.841203180894332e-06,0.712 +/- 0.021
1754,KOI-55 b,KOI-55,0.759,7114.214909696282,0.006,27730.0,B,1.3516657944892597e-06,0.6996617843558851,0.7119542325664395,0.10084906467072115,1.3631423112164902e-07,0.712 +/- 0.101
1755,Wolf 503 b,Wolf 503,2.043,790.0,0.05706,4716.0,K,0.226622525094633,0.677678899338618,0.7118981508398691,0.06808501586378009,0.015429598216157988,0.712 +/- 0.068
1756,Kepler-1119 b,Kepler-1119,1.92,938.0,0.0812,6083.0,F,0.0002450145166904,0.713686798675324,0.711770386205009,0.020593095679836998,5.045607385154426e-06,0.712 +/- 0.021
1757,Kepler-42 b,Kepler-42,0.78,519.0,0.0116,3068.0,M,0.203169504620723,0.632641494026266,0.7115500979776477,0.10391928265064783,0.021113229176673014,0.712 +/- 0.104
1758,HD 1461 b,HD 1461,2.42,1084.0265506573517,0.0634,5765.0,G,0.2372818024489798,0.6961526444977625,0.7115130190655455,0.09287130925861502,0.022036671656680797,0.712 +/- 0.093
1759,TOI-2093 c,TOI-2093,2.3,329.0,0.257,4426.0,K,0.1514834944868171,0.7079743375913984,0.711000053395873,0.08983432021224955,0.013608416750599267,0.711 +/- 0.090
1760,Kepler-62 d,Kepler-62,1.95,510.0,0.12,4925.0,K,0.0168183030998614,0.7185167012278441,0.7109350773767846,0.08389776221447935,0.0014110179943232128,0.711 +/- 0.084
1761,Kepler-1017 b,Kepler-1017,1.99,831.0,0.07196,5473.0,G,0.0018259909862757,0.7148214490709466,0.7107036823092583,0.03485248069074486,6.3640315590648e-05,0.711 +/- 0.035
1762,Kepler-529 b,Kepler-529,1.86,1662.0,0.0309,6087.0,F,0.0004746723546084,0.7046174277017534,0.7105995419275435,0.023850272790808896,1.1321065143665914e-05,0.711 +/- 0.024
1763,TOI-128.01,TOI-128,2.21898,1344.51,0.05381019,6086.0,F,0.2159711292724024,0.6911596229224521,0.710440279437766,0.10822448162503574,0.023373363511479332,0.710 +/- 0.108
1764,K2-28 b,K2-28,2.32,568.0,0.0214,3214.0,M,0.1740974916106176,0.6938490189294638,0.7103773786441878,0.07218660267804972,0.012567506454140747,0.710 +/- 0.072
1765,Kepler-107 c,Kepler-107,1.597,1378.0,0.06064,5854.0,G,0.0022882047646188,0.7215234800080769,0.7103759318512964,0.06413903015882685,0.0001467632344074565,0.710 +/- 0.064
1766,K2-49 b,K2-49,1.93,702.7295466658085,0.0309,4175.0,K,0.0049528721952501,0.7120556859966385,0.7103205790122842,0.06274163041445721,0.0003107512767644231,0.710 +/- 0.063
1767,HD 108236 c,HD 108236,2.071,932.0,0.062,5660.0,G,0.1981856733014166,0.6947111807023049,0.7100575509653368,0.0610480218234005,0.012098843308790201,0.710 +/- 0.061
1768,HD 40307 g,HD 40307,2.56,255.0,0.6,4956.0,K,0.2635964867699531,0.9921109895103724,0.7100001358723345,0.16835689233965997,0.044378285344241604,0.710 +/- 0.168
1769,KOI-94 b,KOI-94,1.71,1486.0,0.05119,6182.0,F,0.0032589429768008,0.7276805657355664,0.7099916358147138,0.08383838259222874,0.0002732245081352823,0.710 +/- 0.084
1770,TOI-1184 b,TOI-1184,2.39,715.47,0.056027,4534.0,K,0.1984212022828921,0.7057060689655879,0.7096762416288558,0.055619163979839854,0.01103602138684915,0.710 +/- 0.056
1771,WASP-41 c,WASP-41,13.1,241.0,1.07,5545.0,G,0.0585612066414155,0.9909445139243764,0.7096541410156895,0.30839005404216835,0.018059693680920714,0.710 +/- 0.308
1772,Kepler-634 b,Kepler-634,1.89,1309.0,0.05765,6075.0,F,0.0004923036380318,0.7093489083164671,0.7094888769186906,0.020537111834247796,1.0110494870666121e-05,0.709 +/- 0.021
1773,Kepler-181 c,Kepler-181,1.99,937.0,0.049,5333.0,G,0.0013432495378345,0.7140025048637243,0.7094325715409942,0.03202719923463266,4.302052057005377e-05,0.709 +/- 0.032
1774,Kepler-1121 b,Kepler-1121,1.91,1008.0,0.11818,6231.0,F,0.0031580942690666,0.7123648187556083,0.7091857746185183,0.051894963383092706,0.00016388918645356612,0.709 +/- 0.052
1775,TOI-2274 b,TOI-2274,2.45,771.46,0.05,3943.0,K,0.1983896189462642,0.6898421144589872,0.7091555762700265,0.05797706897414314,0.011502048621401533,0.709 +/- 0.058
1776,Kepler-529 c,Kepler-529,2.0,891.0,0.1075,6087.0,F,0.000532585166076,0.7155764585768442,0.708994475197938,0.03539581972813097,1.8851288528302788e-05,0.709 +/- 0.035
1777,KOI-3503 c,KOI-3503,1.21,686.0,0.18688,6001.0,F,0.0001733822603623,0.7200364358408449,0.7089715411395732,0.09935620499406919,1.7226603402891757e-05,0.709 +/- 0.099
1778,Kepler-1225 b,Kepler-1225,1.82,1453.0,0.0771,6140.0,F,0.0001741835811799,0.7065256392769954,0.7089239518058803,0.02548128260958642,4.438421057994871e-06,0.709 +/- 0.025
1779,Kepler-1382 b,Kepler-1382,1.88,959.0,0.14023,6161.0,F,0.0008696739098218,0.7055154882573776,0.7087662930571924,0.05067777570393295,4.407313933751159e-05,0.709 +/- 0.051
1780,Kepler-118 b,Kepler-118,1.96,784.0,0.073,5274.0,G,0.0012843934526161,0.695687666521728,0.7085204060594087,0.05612323476931516,7.208431527734465e-05,0.709 +/- 0.056
1781,Kepler-1852 b,Kepler-1852,1.88610592,760.0,0.0762,5237.0,G,0.0004445858578554,0.7068599878768957,0.70846312888602,0.024521515250875252,1.0901918893724648e-05,0.708 +/- 0.025
1782,Kepler-683 b,Kepler-683,1.97,1332.0,0.0355,5703.0,G,0.0002954667327737,0.70930871018833,0.7084209890298574,0.014347860838103023,4.239315564126021e-06,0.708 +/- 0.014
1783,Kepler-50 b,Kepler-50,1.71,1196.0,0.077,6225.0,F,0.0271905924094542,0.8702116815679718,0.7083538768880536,0.12823139174598533,0.0034866875070621367,0.708 +/- 0.128
1784,Kepler-810 b,Kepler-810,1.93,1105.0,0.055,5803.0,G,0.0001793076538595,0.7127045352035775,0.7082237401114609,0.03298605946991676,5.9146529336207165e-06,0.708 +/- 0.033
1785,Kepler-243 c,Kepler-243,1.99,559.0,0.142,5228.0,G,0.0005858926212535,0.7115090637423359,0.7080103391247267,0.03700260022141203,2.1679550436918434e-05,0.708 +/- 0.037
1786,HD 20781 c,HD 20781,2.17,667.9968501742236,0.1004,5256.0,G,0.2093625576483098,0.7105457255958701,0.707926258020185,0.048936799732458555,0.010245533555110646,0.708 +/- 0.049
1787,Kepler-824 b,Kepler-824,1.87,1231.0,0.055,6035.0,F,0.0001858397569833,0.7087411846272406,0.7077843325989768,0.026127290854800256,4.855489383088076e-06,0.708 +/- 0.026
1788,HD 154088 b,HD 154088,2.46,631.1197668954451,0.134,5374.0,G,0.2499074063498918,0.694710286308182,0.7074687176779465,0.09813514269623258,0.02452469898299201,0.707 +/- 0.098
1789,Kepler-1025 b,Kepler-1025,1.98,1654.0,0.21607,6089.0,F,0.0008521443090943,0.6998494272276782,0.7074277150202714,0.02228692914594606,1.8991679838905824e-05,0.707 +/- 0.022
1790,Kepler-1250 b,Kepler-1250,1.92,1431.0,0.0393,5717.0,G,0.0001851088660809,0.7089049396492583,0.707371954593631,0.023278938168671187,4.3091378479701065e-06,0.707 +/- 0.023
1791,HD 28471 c,HD 28471,2.26,1066.0,0.065,5766.0,G,0.1938970745379017,0.6916964169876504,0.7073600946575955,0.07100452253261512,0.013767569198034594,0.707 +/- 0.071
1792,Kepler-917 b,Kepler-917,1.91,991.0,0.0378,5418.0,G,0.0002887250336918,0.7047224238127121,0.7072878074121279,0.05771938043262226,1.666503006007868e-05,0.707 +/- 0.058
1793,TOI-411 c,HD 22946,2.328,931.0,0.1017,6169.0,F,0.2194062362175267,0.6987225140885118,0.707158318636627,0.08155826602844275,0.017894392181728395,0.707 +/- 0.082
1794,Kepler-1751 b,Kepler-1751,1.82417378,984.0,0.0712,6052.0,F,0.0001840485433782,0.7038877740814993,0.7071340318237807,0.02237620913250186,4.1183086971629434e-06,0.707 +/- 0.022
1795,Kepler-1857 b,Kepler-1857,1.96065412,946.0,0.08308,6074.0,F,0.0003166243680558,0.6893911168103289,0.7070485065219909,0.04492442760827149,1.4224168501737497e-05,0.707 +/- 0.045
1796,HD 28471 d,HD 28471,2.06,945.0,0.1,5766.0,G,0.1938970745379017,0.6968973427424034,0.7070396798369121,0.05170741247998108,0.01002591601179292,0.707 +/- 0.052
1797,Kepler-324 b,Kepler-324,1.14,935.0,0.05,5194.0,K,0.002264977245735,0.7827275112159903,0.7070306122565645,0.10996405985526785,0.00024906609342082326,0.707 +/- 0.110
1798,Kepler-131 c,Kepler-131,0.84,615.0,0.17391,5685.0,G,0.031327745024564,0.699293664665937,0.7070209353874598,0.07970589169919734,0.0024970058521079667,0.707 +/- 0.080
1799,Kepler-1884 b,Kepler-1884,1.81406781,864.0,0.0845,5984.0,G,0.0001302231119778,0.7024175671353781,0.7069955491588924,0.03723199310070523,4.848466006709814e-06,0.707 +/- 0.037
1800,Kepler-1343 b,Kepler-1343,1.93,1294.0,0.0449,5759.0,G,0.0001876782974006,0.7071605490334707,0.7066849028831211,0.025510963847566716,4.787854259959581e-06,0.707 +/- 0.026
1801,Kepler-106 d,Kepler-106,0.95,649.0,0.16063,5858.0,G,0.0039713997173999,0.7060607896925584,0.7065492271017382,0.06746793914492463,0.0002679421544537074,0.707 +/- 0.067
1802,K2-230 b,K2-230,1.96,1529.0,0.0409,5945.0,G,0.0020577735607622,0.6922046899972853,0.7064606935237208,0.032257167046590825,6.637794549356429e-05,0.706 +/- 0.032
1803,Kepler-872 b,Kepler-872,1.99,1230.0,0.0362,5902.0,G,0.0003107089318146,0.7101910067900339,0.7064079686205162,0.020890574576566442,6.4908881116781995e-06,0.706 +/- 0.021
1804,Kepler-1336 b,Kepler-1336,1.98,793.0,0.15845,5512.0,G,0.0005272644225367,0.6971798398170654,0.7063964531325675,0.053816123646973385,2.8375327357885067e-05,0.706 +/- 0.054
1805,KOI-1599.02,KOI-1599,1.9,755.0,0.112293,5833.0,G,0.0003930565614088,0.7347623817203751,0.7063651239875232,0.07138104315027144,2.8056787370418868e-05,0.706 +/- 0.071
1806,Kepler-1111 b,Kepler-1111,2.0,938.0,0.0872,6077.0,F,0.0003304051347345,0.7122590115087256,0.7063547035612457,0.04077011507532842,1.3470655364604956e-05,0.706 +/- 0.041
1807,Kepler-453 b,Kepler-453,6.204,250.27685640782144,0.7903,5527.0,G,0.0035798556367028,0.968835167729217,0.7061264334161254,0.3102936348089208,0.0011108064176037153,0.706 +/- 0.310
1808,HD 63433 c,HD 63433,2.692,678.92,0.146,5553.0,G,0.7400683653716302,0.7594638074947885,0.7060310087738472,0.1394524734562783,0.10320436407781852,0.706 +/- 0.139
1809,K2-229 c,K2-229,2.03,750.0,0.0769,5315.0,G,0.1189146158585664,0.6907058644444798,0.7059968281128961,0.07147447188162635,0.008499359367497503,0.706 +/- 0.071
1810,Kepler-134 b,Kepler-134,2.0,1105.0,0.06,5983.0,G,0.0119362825673281,0.71121645972352,0.705963735057482,0.04764192784568214,0.000568667512818319,0.706 +/- 0.048
1811,K2-325 b,K2-325,2.2,423.0,0.0419,3287.0,M,0.1036734128692647,0.677613486746721,0.7059263012276904,0.10415386437387443,0.010797986583162084,0.706 +/- 0.104
1812,Kepler-578 b,Kepler-578,2.0,1774.0,0.0266,5334.0,G,0.0017846572412148,0.7018563171889284,0.7059070688074833,0.04790217181837008,8.548895780556968e-05,0.706 +/- 0.048
1813,Kepler-52 d,Kepler-52,1.95,332.0,0.182,4263.0,K,0.0135465761287247,0.7085914070427688,0.7057298466971959,0.07183538265861726,0.0009731234799210289,0.706 +/- 0.072
1814,Kepler-217 c,Kepler-217,1.85,1208.0,0.089,6171.0,F,0.0002286643889208,0.7068275165582996,0.7054826863151196,0.07267674628090096,1.661858377707424e-05,0.705 +/- 0.073
1815,Kepler-136 c,Kepler-136,1.99,847.0,0.133,6165.0,F,0.0062839763100698,0.7158756187636509,0.7053373561068111,0.044221090134270044,0.0002778842828092143,0.705 +/- 0.044
1816,Kepler-291 c,Kepler-291,1.88,1035.0,0.065,6002.0,F,0.0001893175154507,0.7042439663722522,0.7052647581503609,0.01958105065084999,3.7070358591332323e-06,0.705 +/- 0.020
1817,TOI-2081 b,TOI-2081,2.04,488.0,0.0752,3800.0,K,0.1739848919346454,0.6847246184655489,0.7052090141873703,0.06588262765827012,0.011462581853494606,0.705 +/- 0.066
1818,TOI-4184 b,TOI-4184,2.43,412.0,0.0336,3238.0,M,0.1610744921519338,0.683100202030448,0.7046349307655533,0.0686976639338161,0.011065441330163649,0.705 +/- 0.069
1819,K2-61 b,K2-61,1.92,1325.0,0.0392,5748.0,G,0.0062525486348705,0.6980108998791136,0.7045047669552542,0.04512520325745932,0.00028214752802568113,0.705 +/- 0.045
1820,WASP-47 e,WASP-47,1.83,1992.0,0.01673,5565.0,G,0.0230515231192514,0.7022937749212707,0.704479536203061,0.0767240996967746,0.0017686073579639492,0.704 +/- 0.077
1821,TOI-178 f,TOI-178,2.417,521.0,0.1039,4316.0,K,0.1867417092597392,0.695758612546085,0.7044635432746753,0.09118345402565677,0.01702775406095799,0.704 +/- 0.091
1822,TOI-880.02,TOI-880,2.19,1085.0,0.0349,5050.0,K,0.2001557878397834,0.6876500383828092,0.7043617603312156,0.09590357048944591,0.01919565470796325,0.704 +/- 0.096
1823,Kepler-52 c,Kepler-52,1.84,433.0,0.10379,4075.0,K,0.0134128390474305,0.7001205534145106,0.7043228288823162,0.07854793847079314,0.0010535508562162226,0.704 +/- 0.079
1824,Kepler-326 d,Kepler-326,1.21,781.0,0.066,5105.0,K,0.0027219051644562,0.7058979305247853,0.7041127649809491,0.06801251703528417,0.0001851236213660053,0.704 +/- 0.068
1825,Kepler-1827 b,Kepler-1827,1.85644292,1329.0,0.04647,5423.0,G,0.0006289753379829,0.6918651423613625,0.7038331017085834,0.02407662296282572,1.5143602065530157e-05,0.704 +/- 0.024
1826,Kepler-638 b,Kepler-638,1.83,1111.0,0.06695,5382.0,G,0.0010127093671404,0.695442875526843,0.7035732538251074,0.045624986194159306,4.6204850894476555e-05,0.704 +/- 0.046
1827,TOI-663 c,TOI-663,2.26,553.0,0.0437,3681.0,M,0.1748158495675709,0.6842124376696738,0.7033603471048328,0.11546923106325692,0.020185851727237407,0.703 +/- 0.115
1828,Kepler-996 b,Kepler-996,1.98,1272.0,0.0474,6014.0,F,0.0002576959831842,0.7074510345418369,0.7031950441073155,0.021521363241225205,5.545968859911831e-06,0.703 +/- 0.022
1829,Kepler-338 e,Kepler-338,1.56,1143.0,0.08979,5999.0,G,0.0018490417238153,0.7442752752721767,0.7030492001355149,0.1072732682674453,0.00019835274887653817,0.703 +/- 0.107
1830,KOI-3503 b,KOI-3503,1.19,785.0,0.14247,6001.0,F,0.0001439857088632,0.7162666827503971,0.7029364570959209,0.08799238145142126,1.2669645417843982e-05,0.703 +/- 0.088
1831,Kepler-265 b,Kepler-265,1.86,1022.0,0.069,5835.0,G,0.0001671225514239,0.6993624687265382,0.7025722567431053,0.01952923466022651,3.2637755237731147e-06,0.703 +/- 0.020
1832,Kepler-179 c,Kepler-179,2.0,810.0,0.064,5302.0,G,0.0013837325153295,0.7081528817197842,0.7025060921796727,0.052396978051904096,7.250340223542586e-05,0.703 +/- 0.052
1833,TOI-5624 c,TOI-5624,2.474,857.0,0.07374,5327.0,G,0.3287247917317114,0.7638275397854616,0.7024450830419058,0.09365937298035953,0.030788157876691362,0.702 +/- 0.094
1834,HD 45364 b,HD 45364,9.03,275.95517350552086,0.6793,5466.0,G,0.2127765331117788,0.6622090146689099,0.7023494786672655,0.16951037026775584,0.036067828912067036,0.702 +/- 0.170
1835,HIP 116454 b,HIP 116454,2.469,753.2,0.0792,5048.0,K,0.2035960981992707,0.7032687301273552,0.7022634159103063,0.053679575589675114,0.010928952143050669,0.702 +/- 0.054
1836,GJ 1137 c,HD 93083,2.11,702.9430877847823,0.0835,5033.8,K,0.2255684080674834,0.701035471559791,0.7022035728789295,0.07290312340946578,0.016444641490620478,0.702 +/- 0.073
1837,TOI-4600 c,TOI-4600,9.42,191.0,1.152,5170.0,K,0.1100538462184764,0.9710452525447688,0.7021184259913427,0.24431836584020494,0.026888175862527373,0.702 +/- 0.244
1838,Kepler-142 b,Kepler-142,1.99,1597.0,0.032,5790.0,G,0.0017942615463803,0.6967494002334733,0.7017843353571313,0.027412576480700817,4.918533186653049e-05,0.702 +/- 0.027
1839,Kepler-273 c,Kepler-273,1.98,865.0,0.073,5626.0,G,0.0005570259348725,0.6928330429191838,0.7016507256024127,0.031203975161059997,1.7381423435827714e-05,0.702 +/- 0.031
1840,Kepler-1691 b,Kepler-1691,1.83470985,1283.0,0.0495,6000.0,F,0.000146370676622,0.6956287833735006,0.7015994425687184,0.016810439576920775,2.460555415187141e-06,0.702 +/- 0.017
1841,TOI-4342 b,TOI-4342,2.329,639.0,0.0519,3866.0,K,0.1832810640636692,0.7004255303333201,0.701471198797149,0.09652998275673998,0.017692117953702943,0.701 +/- 0.097
1842,HD 110067 b,HD 110067,2.2,800.0,0.0793,5266.0,G,0.2174997007479289,0.6899546238667426,0.7014270655645037,0.05514013650971398,0.011992963190062739,0.701 +/- 0.055
1843,TOI-1752 c,TOI-1752,2.29,291.0,0.1614,3762.0,K,0.1142799993091221,0.6809743853812579,0.7013797061626674,0.06626722354087695,0.007573018260468858,0.701 +/- 0.066
1844,TOI-712 b,TOI-712,2.049,650.0,0.07928,4622.0,K,0.1891209900846444,0.6806171042720789,0.7011875169196515,0.057674658270374136,0.01090748847488668,0.701 +/- 0.058
1845,Kepler-1549 b,Kepler-1549,2.57,286.0,0.6687,5324.0,G,0.000990489957251,0.7057021562231348,0.70116295928932,0.1562303939251854,0.00015474463620026378,0.701 +/- 0.156
1846,Kepler-1217 b,Kepler-1217,1.99,1542.0,0.0326,5905.0,G,0.0001907926969203,0.7025717023530624,0.7011624300071234,0.019372496460405265,3.696130845759686e-06,0.701 +/- 0.019
1847,Kepler-1061 b,Kepler-1061,1.98,1332.0,0.0388,6067.0,F,0.0017589934660873,0.7002936806801413,0.7008216804184944,0.02398036698731188,4.218130884505719e-05,0.701 +/- 0.024
1848,K2-125 b,K2-125,2.18,293.8163275364422,0.121,3654.47,M,0.0866799391496249,0.6827025046721621,0.7006493264279452,0.08984071466817839,0.0077873876805965156,0.701 +/- 0.090
1849,HD 8673 b,HD 8673,12.3,200.41669019924103,2.97,6389.05,F,0.2054419422707032,0.6115930709343257,0.7006150208035564,0.1897995229393377,0.03899278263471042,0.701 +/- 0.190
1850,Kepler-349 c,Kepler-349,1.96,763.0,0.105,5956.0,G,0.0004568211026499,0.7037300944760273,0.7004290565540818,0.0428399748467662,1.9570204546993717e-05,0.700 +/- 0.043
1851,AU Mic b,AU Mic,4.79,554.8,0.07,3540.0,M,0.7730857196081409,0.7147754345817346,0.7004244558813766,0.09950950652299134,0.07692937845817775,0.700 +/- 0.100
1852,Kepler-625 b,Kepler-625,1.99,852.0,0.08137,5789.0,G,0.0011393695030579,0.7066238022620066,0.7002570978310001,0.040945171997686436,4.665168027162423e-05,0.700 +/- 0.041
1853,Kepler-1839 b,Kepler-1839,1.9493759,1049.0,0.0583,5926.0,G,0.0001476544793298,0.6978277315271694,0.7000543102614595,0.04198499675469925,6.19927283547846e-06,0.700 +/- 0.042
1854,Kepler-1238 b,Kepler-1238,1.93,1389.0,0.0541,6386.0,F,0.0001281512782586,0.6995059970751237,0.7000272025704354,0.04524851224550198,5.798654683560994e-06,0.700 +/- 0.045
1855,Kepler-350 b,Kepler-350,1.85,1037.0,0.104,6186.0,F,0.0002970452206039,0.7304231999301873,0.6999086027555822,0.07963060075652788,2.365388936854391e-05,0.700 +/- 0.080
1856,TOI-1238 c,TOI-1238,2.11,695.0,0.037,4089.0,K,0.1603866864018472,0.6851302517209752,0.6997195343265649,0.08292710042629539,0.013300402850286728,0.700 +/- 0.083
1857,TOI-178 e,TOI-178,2.301,600.0,0.0783,4316.0,K,0.1850241159110498,0.6881796660354904,0.6996733379249024,0.11465624196582978,0.02121416980341106,0.700 +/- 0.115
1858,TOI-1470 c,TOI-1470,2.47,373.0,0.106,3709.0,K,0.2073211840507076,0.688031938831011,0.6995966950489563,0.07893499415293348,0.01636489645082185,0.700 +/- 0.079
1859,K2-286 b,K2-286,2.1,347.0,0.1768,3926.0,K,0.1551566261393713,0.6915059767330093,0.6994517296213397,0.05111216824752959,0.007930391579954593,0.699 +/- 0.051
1860,Kepler-1669 c,Kepler-1669,1.90120972,958.0,0.0228,4224.0,K,0.0017531382577925,0.6926781557050662,0.6994370790910287,0.04933196417922654,8.648575373465124e-05,0.699 +/- 0.049
1861,K2-146 c,K2-146,2.19,474.29274738255714,0.0327,3385.0,M,0.1357453188562858,0.6937864924884609,0.698643093486836,0.09262194836105131,0.012572995913361348,0.699 +/- 0.093
1862,Kepler-526 b,Kepler-526,1.99,1099.0,0.06518,5894.0,G,0.0012264614112279,0.6948840906112601,0.697865943960391,0.029123289726361933,3.5718591017392855e-05,0.698 +/- 0.029
1863,HD 110067 c,HD 110067,2.388,699.0,0.1039,5266.0,G,0.2174997007479289,0.6890339076253706,0.697836211800214,0.06139582993634499,0.013353574638325769,0.698 +/- 0.061
1864,Kepler-339 c,Kepler-339,1.15,914.0,0.069,5631.0,G,0.0008634764085461,0.709926057489344,0.6976701094268362,0.06929966953190732,5.983862976084292e-05,0.698 +/- 0.069
1865,Kepler-1636 b,Kepler-1636,3.23,248.0,1.12191,5797.0,G,0.0008496908031682,0.6548592667237223,0.6976610751700286,0.19581081596365146,0.00016637864948517561,0.698 +/- 0.196
1866,Kepler-1745 b,Kepler-1745,1.92872921,1449.0,0.0408,5611.0,G,0.0001959513344291,0.696471152153142,0.6975322664352835,0.0299039927426918,5.859727282688581e-06,0.698 +/- 0.030
1867,K2-321 b,K2-321,2.05124347,830.0,0.02839,3750.0,K,0.1442022807935339,0.6775945671847097,0.6970995868999814,0.07428957502540452,0.010712726157845685,0.697 +/- 0.074
1868,K2-233 d,K2-233,2.363,525.0,0.1516,4796.0,K,0.1527374561664149,0.6859690262523885,0.6970679225788591,0.09083483120950103,0.01387388105024486,0.697 +/- 0.091
1869,GJ 2030 b,GJ 2030,2.03,1964.1140151468448,0.034,5485.0,G,0.2070570739146488,0.6818405690582284,0.6970318709424791,0.1114774471321218,0.0230821940106521,0.697 +/- 0.111
1870,Kepler-85 d,Kepler-85,1.2,626.0,0.13,5436.0,G,0.0003481146584248,0.8423544847256056,0.6967784513595112,0.13746646054039688,4.78540899558865e-05,0.697 +/- 0.137
1871,Kepler-211 c,Kepler-211,1.29,841.0,0.062,5123.0,K,0.0142629836573751,0.694546534449676,0.6958511366966198,0.07327182239162565,0.0010450748053178476,0.696 +/- 0.073
1872,KIC 3526061 b,KIC 3526061,12.1,227.42027010161237,5.14,4829.0,K,0.0054275751816313,0.9785707889020666,0.6957880262443813,0.31027806822694226,0.001684057542513055,0.696 +/- 0.310
1873,Kepler-339 d,Kepler-339,1.17,796.0,0.091,5631.0,G,0.0008638284436102,0.6896783470541746,0.6954037478862303,0.07247626016319063,6.26070550154569e-05,0.695 +/- 0.072
1874,Kepler-18 b,Kepler-18,2.0,1165.0,0.0447,5345.0,G,0.0044523553806236,0.7026965010652635,0.6951323595666172,0.06615413093818201,0.00029454170083309284,0.695 +/- 0.066
1875,Kepler-9 d,Kepler-9,1.64,2026.0,0.0273,5777.0,G,0.0008923849360661,0.7070113344739808,0.6950597456733848,0.07888991437511737,7.040017119589923e-05,0.695 +/- 0.079
1876,HD 216520 c,HD 216520,3.03,270.03503876706566,0.528,5103.0,K,0.2467220685785384,0.7475306997670059,0.6945791704179052,0.1290017825813158,0.0318275866487811,0.695 +/- 0.129
1877,HD 147379 b,HD 147379,4.94,253.05415823839328,0.3193,4090.0,K,0.2693844320070113,0.9775768297748492,0.6944868440198612,0.14816975983029948,0.0399146265925005,0.694 +/- 0.148
1878,TOI-5624 b,TOI-5624,2.314,1136.0,0.04201,5327.0,G,0.12507903816852,0.6849201054428737,0.6944064883823453,0.06624198915597121,0.008285484289998412,0.694 +/- 0.066
1879,Kepler-60 c,Kepler-60,1.9,1023.0,0.08422,5905.0,G,0.0003106069840111,0.6971043748233571,0.6941626037636143,0.08697769624258493,2.701587990614289e-05,0.694 +/- 0.087
1880,Kepler-1831 b,Kepler-1831,1.97019818,1051.0,0.0655,6063.0,F,0.0002681372602785,0.6966794640257472,0.694130870831947,0.032086757081895116,8.603655135161112e-06,0.694 +/- 0.032
1881,TOI-4342 c,TOI-4342,2.349,514.0,0.0804,3866.0,K,0.1878542153704051,0.693667012247559,0.6932188302069582,0.08718925538217435,0.01637886915854823,0.693 +/- 0.087
1882,Kepler-1552 b,Kepler-1552,2.47,268.0,0.6011,5202.0,G,0.0015891000127237,0.650193100289149,0.6930101788066343,0.10208568444891543,0.00016222436245667913,0.693 +/- 0.102
1883,TOI-663 b,TOI-663,2.27,674.0,0.0295,3681.0,M,0.1726875784774768,0.6846940289331457,0.6927228795752585,0.07409590805514549,0.01279544293713284,0.693 +/- 0.074
1884,HD 110113 c,HD 110113,2.11384817,990.0,0.068,5732.0,G,0.1160942906937429,0.685112672643121,0.6924676631991882,0.088722391118234,0.010300163065524212,0.692 +/- 0.089
1885,bet Pic c,bet Pic,12.5,1250.0,2.68,8038.68,A,0.2462483241769379,0.9251578405653784,0.6923635818333028,0.16589425408545364,0.04085118205912609,0.692 +/- 0.166
1886,Kepler-122 f,Kepler-122,1.75,543.0,0.28575,5917.0,G,0.0005878882621047,0.705865595378039,0.6921762229197751,0.10092947731878536,5.933525501607646e-05,0.692 +/- 0.101
1887,Kepler-1928 b,Kepler-1928,1.992,621.0,0.194,5720.0,G,0.0130864149388292,0.6919978880337624,0.6920894100204503,0.06426762803616716,0.0008410328476156162,0.692 +/- 0.064
1888,Kepler-37 d,Kepler-37,2.03,499.0,0.2109,5357.0,G,0.2077779027877128,0.6843489740026548,0.6919052336675375,0.11376324360776396,0.02363748817114887,0.692 +/- 0.114
1889,Kepler-107 d,Kepler-107,0.86,1173.0,0.08377,5854.0,G,0.0018671222441564,0.6807081389248325,0.6918462346737129,0.051894306036464576,9.689301314574276e-05,0.692 +/- 0.052
1890,HD 189733 b,HD 189733,12.66617,1209.0,0.03126,5052.0,K,0.7546731445527537,0.7106982426087244,0.6917776659100802,0.07447844806043155,0.05620688459917482,0.692 +/- 0.074
1891,HIP 97166 b,HIP 97166,2.4801338,701.66,0.091,5216.0,G,0.1951772460639012,0.6885833882462832,0.6917000039878246,0.07752155842040057,0.015130444283075613,0.692 +/- 0.078
1892,TOI-2134 c,TOI-2134,7.27,306.0,0.371,4580.0,K,0.7413765376190264,0.9107322100290404,0.6909421315703557,0.11869068273748226,0.08799448741555295,0.691 +/- 0.119
1893,TOI-1260 b,TOI-1260,2.41,871.0,0.0367,4227.0,K,0.161527318495268,0.6901622079751447,0.6909262225382566,0.07011232027237872,0.011325055087078753,0.691 +/- 0.070
1894,TOI-1777.01,TOI-1777,2.246,580.0,0.119466,5859.0,G,0.1609004035867181,0.6872080802592202,0.690234174708813,0.05756896282562798,0.009262869352712312,0.690 +/- 0.058
1895,K2-117 b,K2-117,2.03,868.0,0.0189,3778.0,K,0.1135912096554736,0.681024337472758,0.689253537649534,0.048239698135970024,0.00547960566467973,0.689 +/- 0.048
1896,HIP 107772 b,HIP 107772,3.64,256.95740040523424,0.243,4006.0,K,0.2368313950468563,0.7171599942744934,0.6890064577042354,0.10412522809117819,0.02466012302840584,0.689 +/- 0.104
1897,TOI-1062 b,TOI-1062,2.265,1077.0,0.052,5328.0,G,0.1453429553171657,0.6833872483461466,0.6888164378068334,0.06608021215289057,0.009604293322286406,0.689 +/- 0.066
1898,KOI-1843.03,Kepler-974,0.61,1654.0,0.005,3584.0,M,0.078533181320826,0.6726654677815704,0.68859911402678,0.10856605154564844,0.00852603741132055,0.689 +/- 0.109
1899,Kepler-326 c,Kepler-326,1.4,889.0,0.051,5105.0,K,0.0028876598596564,0.6882162328498193,0.6883440776081348,0.058960288901954865,0.0001702572595759198,0.688 +/- 0.059
1900,HIP 71135 b,HIP 71135,4.55,260.783152417293,0.335,4146.0,K,0.2171246200521945,0.7379473979423791,0.6880620855729833,0.13242181175546602,0.02875203556402878,0.688 +/- 0.132
1901,HD 35843 b,HD 35843,2.29,797.8774164027407,0.088,5666.0,G,0.1495687980580607,0.6813193160777656,0.687985397235401,0.055185595123275186,0.008254043132707046,0.688 +/- 0.055
1902,HD 88986 b,HD 88986,2.49,460.0,0.58,5861.0,G,0.2151013849005376,0.7143641900596857,0.686808908071044,0.1694837399069227,0.036456187172101584,0.687 +/- 0.169
1903,TOI-2133 b,TOI-2133,2.37,798.0,0.041,4250.0,K,0.160080102151647,0.682912612374275,0.6867491132488235,0.02878299628335016,0.00460758498526917,0.687 +/- 0.029
1904,K2-117 c,K2-117,2.06,537.0,0.0492,3778.0,K,0.1146628679273895,0.6838903187679009,0.6860480451618947,0.031050075898967012,0.0035602907519386743,0.686 +/- 0.031
1905,Kepler-226 b,Kepler-226,1.55,1018.0,0.047,5571.0,G,0.0002574010953043,0.7046523148211176,0.6857120106894778,0.07095988268576246,1.8265151525979893e-05,0.686 +/- 0.071
1906,TOI-1742 b,TOI-1742,2.36507598,694.09,0.154,5815.0,G,0.2100969791894172,0.702346810580661,0.6856355057162724,0.10908184422113512,0.022917765955271074,0.686 +/- 0.109
1907,DMPP-6 b,DMPP-6,2.28,1100.9641360437774,0.0779,6182.09,F,0.1737260224538193,0.6776694718614593,0.6852889773062575,0.06254259848257081,0.010865276868303301,0.685 +/- 0.063
1908,Kepler-60 d,Kepler-60,1.99,929.0,0.10203,5905.0,G,0.0002028339827306,0.698541060112645,0.6851591997115809,0.0665664188201259,1.3501931845399304e-05,0.685 +/- 0.067
1909,K2-62 b,K2-62,2.02,666.0,0.0636,4455.0,K,0.1036343652782595,0.6746756261975535,0.684439331698814,0.049215392054013804,0.005100405917438417,0.684 +/- 0.049
1910,K2-277 b,K2-277,2.18575124,1049.0,0.0664,5680.0,G,0.1085519477745542,0.6682587671084024,0.6843366891953864,0.09981524757289754,0.010835139541637371,0.684 +/- 0.100
1911,Kepler-102 e,Kepler-102,2.17,590.0,0.1162,4909.0,K,0.1189026046291162,0.6735664629253348,0.6841619426052373,0.03989881033736778,0.0047440724707161356,0.684 +/- 0.040
1912,Kepler-1628 b,Kepler-1628,6.43,240.0,0.2952,3724.0,K,0.0174203958652603,0.9807811735554895,0.6838864793103486,0.2735254331041589,0.004764921323891222,0.684 +/- 0.274
1913,TOI-1669 c,TOI-1669,2.2963977,1285.16,0.0376,5497.0,G,0.1135134625719315,0.6752305484018849,0.683566946069143,0.07573181819630274,0.008596580910330331,0.684 +/- 0.076
1914,HD 191939 g,HD 191939,3.74,278.0,0.812,5348.0,G,0.175509553032166,0.9731836339035852,0.6835402890053649,0.21402171179608645,0.037562854976510185,0.684 +/- 0.214
1915,TOI-1443 b,TOI-1443,2.30381001,520.66,0.147,5224.0,G,0.1632983047597501,0.6857412643657916,0.6835131679894723,0.07038803539139259,0.011494246854783702,0.684 +/- 0.070
1916,TOI-763 b,TOI-763,2.28,1038.0,0.06,5450.0,G,0.1459256341561874,0.6904338694081973,0.683480590370856,0.0636116435002967,0.009282569417498112,0.683 +/- 0.064
1917,Kepler-732 b,Kepler-732,2.18,407.0,0.0691,3631.0,M,0.0557337434404398,0.674326700722734,0.6830096764590174,0.06030646370577091,0.0033611049759776305,0.683 +/- 0.060
1918,K2-17 b,K2-17,2.23,487.0,0.119,4320.0,K,0.0912390233711118,0.674636809124513,0.6819579412689265,0.05016224387976703,0.0045767541416934735,0.682 +/- 0.050
1919,HD 110113 b,HD 110113,2.05,1371.0,0.035,5732.0,G,0.1244054933603989,0.6748262504641686,0.6818239526213417,0.07194245091072318,0.008950036099104797,0.682 +/- 0.072
1920,TOI-1630.01,TOI-1630,2.417,584.0,0.101151,5504.0,G,0.2002038739889583,0.6942140241253707,0.681643211781616,0.0741555231824673,0.01484622301880796,0.682 +/- 0.074
1921,TOI-2345 c,TOI-2345,2.451,544.0,0.1257,4687.0,K,0.1605233348805344,0.6856741699309067,0.6813186439644441,0.06429646842036826,0.01032108353187848,0.681 +/- 0.064
1922,Kepler-568 b,Kepler-568,2.26,429.0,0.0794,3768.0,K,0.0854281044879214,0.6793339836582032,0.681176168922535,0.03742114768460373,0.0031968177144582654,0.681 +/- 0.037
1923,K2-323 b,K2-323,2.1,318.0,0.1275,3710.0,K,0.0977194498225664,0.6796635063313565,0.6809127414986968,0.05307166912592439,0.0051861343081506155,0.681 +/- 0.053
1924,GJ 876 e,GJ 876,3.92,137.6215580064297,0.3343,3293.74,M,0.2862972980714249,0.5460030479579018,0.6805705674009123,0.1769432876767779,0.050658385173736366,0.681 +/- 0.177
1925,Kepler-267 b,Kepler-267,1.98,615.0,0.037,4258.0,K,0.0222528847626733,0.6935961319420462,0.680560306787337,0.12077940712212779,0.0026876902283927123,0.681 +/- 0.121
1926,K2-222 b,K2-222,2.275,803.0,0.1186,5942.0,G,0.1373359568187027,0.6827070704745851,0.680499041526156,0.06707783893463301,0.009212199191418654,0.680 +/- 0.067
1927,K2-152 b,K2-152,2.29,337.0,0.1716,4044.0,K,0.113190019666889,0.6797087073911113,0.6802674977588907,0.036187711294428555,0.0040960877531160695,0.680 +/- 0.036
1928,TOI-1408 c,TOI-1408,2.22,1864.0,0.03587,6117.0,F,0.079840246210613,0.6479699392422548,0.680082594445058,0.13897305195579476,0.011095642684790966,0.680 +/- 0.139
1929,TOI-1244 b,TOI-1244,2.467,714.86,0.060694,4599.0,K,0.120052997539897,0.681681228418062,0.679913536933485,0.029153037644461862,0.0034999095566111043,0.680 +/- 0.029
1930,TOI-1782.01,TOI-1782,2.368,697.84,0.05024,4336.0,K,0.1284416819990964,0.6763355429516918,0.6796034954870604,0.020969642224784812,0.002693376118270635,0.680 +/- 0.021
1931,TOI-2141 c,TOI-2141,2.35,1095.0,0.0585,5635.0,G,0.1379598188017388,0.6656765811144996,0.6795600574182299,0.09177417827961988,0.01266114900613483,0.680 +/- 0.092
1932,TOI-757 b,TOI-757,2.5,641.0,0.122,5278.0,G,0.2338027322126907,0.6973076609229064,0.6795582829637359,0.08783965727050949,0.02053715186647146,0.680 +/- 0.088
1933,TOI-283 b,TOI-283,2.34,661.0,0.123,5213.0,G,0.1582795323654598,0.6826688501900112,0.6792662084316891,0.06076580401291945,0.00961798304297607,0.679 +/- 0.061
1934,HAT-P-11 b,HAT-P-11,4.36,838.0,0.05258,4653.0,K,0.707174685671155,0.6962401106563214,0.6790705734930635,0.07039351128415407,0.04978050921566056,0.679 +/- 0.070
1935,GJ 1148 b,GJ 1148,11.9,213.06222858987024,0.166,3287.0,M,0.2687118120522601,0.983760670914661,0.678706267818949,0.19939488462271865,0.05357976076092206,0.679 +/- 0.199
1936,Kepler-437 b,Kepler-437,2.14,308.0,0.288,4551.0,K,0.0154981779669044,0.6647875331715735,0.6783852298113088,0.09766241102499074,0.001513589426742273,0.678 +/- 0.098
1937,Kepler-450 d,Kepler-450,0.837,1199.0,0.0827,6197.21,F,0.0034621466380038,0.6786382750716378,0.678135819150715,0.0788370600099516,0.00027294546226355775,0.678 +/- 0.079
1938,K2-154 c,K2-154,2.07,552.0,0.0677,4097.0,K,0.087085142320462,0.6704987999508956,0.6777736621195125,0.03725992566128246,0.003244785929062617,0.678 +/- 0.037
1939,TOI-1301.01,TOI-1301,2.477,737.36,0.059866,4820.0,K,0.1413085324985598,0.6783782445696933,0.6776649865788801,0.033654180084551864,0.0047556228001902805,0.678 +/- 0.034
1940,GJ 876 d,GJ 876,2.51,551.6372408792272,0.02080665,3293.74,M,0.2862972980714249,0.5532685722847063,0.6776088482637033,0.14693568814005056,0.04206729050476199,0.678 +/- 0.147
1941,HD 80606 b,HD 80606,11.56766808,405.0,0.4603,5565.0,G,0.6579241809552593,0.6803387520270852,0.6769003159059288,0.0741590300784759,0.04879101912481769,0.677 +/- 0.074
1942,Kepler-538 b,Kepler-538,2.215,417.0,0.3554,5534.0,G,0.0770785352979701,0.6799563941467258,0.6765109973153068,0.09425065612481381,0.007264702524973303,0.677 +/- 0.094
1943,TOI-2084 b,TOI-2084,2.47,527.0,0.05006,3551.0,M,0.0999887659113748,0.666435120520447,0.6761556801033961,0.05774193683590897,0.005773545005555092,0.676 +/- 0.058
1944,TOI-1749 c,TOI-1749,2.12,673.0,0.0443,3985.0,K,0.1168436615303256,0.6759781374388577,0.676098740983662,0.07974959941535706,0.009318235201267034,0.676 +/- 0.080
1945,TOI-5789 c,TOI-5789,2.86,718.0,0.1009,5185.0,K,0.6906734159248361,0.7016098482721337,0.6759683792032767,0.11333013921581331,0.078274114379423,0.676 +/- 0.113
1946,Kepler-203 d,Kepler-203,1.44,855.0,0.1,5821.0,G,0.0005388977632697,0.6863658109114681,0.6759467230215044,0.08354382672378519,4.502158135643923e-05,0.676 +/- 0.084
1947,HD 224018 c,HD 224018,2.42,641.0,0.217,5784.0,G,0.1044786218267914,0.682609612208735,0.6756783287329481,0.09840687152100239,0.010281414314800457,0.676 +/- 0.098
1948,Kepler-1090 b,Kepler-1090,2.25,297.0,0.63323,5321.0,G,0.0008593003141679,0.6624603671847479,0.6754770644905584,0.07237235863465798,6.218959051183353e-05,0.675 +/- 0.072
1949,EPIC 229004835 b,EPIC 229004835,2.332,804.0,0.1237,5868.0,G,0.0992524156518646,0.6766785698534942,0.6750519505392577,0.06740699443446006,0.006690307029451954,0.675 +/- 0.067
1950,K2-71 b,K2-71,2.15,487.76940684435175,0.0559,4006.0,K,0.0685472103585952,0.6689312246935588,0.674903218641359,0.04335428373733507,0.0029718152072893303,0.675 +/- 0.043
1951,Kepler-942 b,Kepler-942,2.13,379.0,0.22737,4861.0,K,0.0387543479306579,0.6709238247322002,0.6744946632219412,0.04356954865214001,0.0016885094476467607,0.674 +/- 0.044
1952,Kepler-47 c,Kepler-47,4.65,244.97409667380836,0.9638,5636.0,G,1.0605129017202836e-05,0.968967739031193,0.6744488078560603,0.291370362833809,3.0900202896417468e-06,0.674 +/- 0.291
1953,Kepler-326 b,Kepler-326,1.52,1127.0,0.032,5105.0,K,0.0027926978783371,0.6713003039968365,0.6742019970066481,0.0729572725500495,0.00020374762025978478,0.674 +/- 0.073
1954,EPIC 249893012 b,EPIC 249893012,1.95,1616.0,0.047,5430.0,G,0.0120712002950068,0.6979789365372829,0.6735409960459597,0.10591525502067047,0.0012785242576512377,0.674 +/- 0.106
1955,K2-275 c,K2-275,2.21,653.0,0.0881,4841.0,K,0.0978738078813703,0.6716313807424373,0.67335870555099,0.02560790818385624,0.0025063434858305163,0.673 +/- 0.026
1956,HD 106315 b,HD 106315,2.44,1153.0,0.0907,6327.0,F,0.1338055776217175,0.6807322219133629,0.672361481964288,0.07346405349874775,0.009829900112832699,0.672 +/- 0.073
1957,Kepler-1554 b,Kepler-1554,2.9,288.0,0.59527,5297.0,G,0.0008319750002365,0.7257948896998377,0.6722288318994228,0.17547970508656727,0.00014599472768089776,0.672 +/- 0.175
1958,Kepler-712 c,Kepler-712,4.85,236.0,0.66479,5148.0,K,0.0024281462150774,0.975966971206976,0.6722105423815328,0.31829540169208054,0.0007728677748951659,0.672 +/- 0.318
1959,Kepler-184 c,Kepler-184,1.97,630.0,0.141,5788.0,G,0.0014030334875697,0.7341297872393182,0.6721417711137866,0.11375873214080316,0.00015960731069701838,0.672 +/- 0.114
1960,WASP-80 b,WASP-80,11.197791,825.0,0.0344,4143.0,K,0.6927150220229029,0.6914616693882756,0.6718183961142087,0.07260048194573065,0.050291444449910176,0.672 +/- 0.073
1961,Kepler-439 b,Kepler-439,2.24,291.0,0.563,5431.0,G,0.0012155605603051,0.6547900093662292,0.6715723335699562,0.07734089292053035,9.401253913297662e-05,0.672 +/- 0.077
1962,Kepler-1040 b,Kepler-1040,2.08,300.0,0.67249,5694.0,G,0.0043398209574324,0.6658921512758312,0.670614560981132,0.06283047468391441,0.0002726730107986776,0.671 +/- 0.063
1963,K2-80 b,K2-80,2.01,609.2228515260019,0.135,5441.0,G,0.0449853815087664,0.6610957325185554,0.6702356323203259,0.05278805150159959,0.002374690635903867,0.670 +/- 0.053
1964,Kepler-363 c,Kepler-363,1.69,1054.0,0.079,5593.0,G,0.0005498084058172,0.6781673127100607,0.670166259225736,0.06866677541512398,3.775357032359701e-05,0.670 +/- 0.069
1965,Kepler-415 b,Kepler-415,1.21,694.0,0.0426,4362.0,K,0.0018381029906386,0.6586438877891169,0.669807607954419,0.07398787054390736,0.0001359973261177377,0.670 +/- 0.074
1966,Kepler-1712 b,Kepler-1712,2.28372556,391.0,0.0903,3732.0,K,0.0654441735401795,0.6685910759773179,0.6697657644771162,0.03732176148071975,0.0024424918351694104,0.670 +/- 0.037
1967,TOI-5788 c,TOI-5788,2.272,667.0,0.1197,5615.0,G,0.1355460299966481,0.6832057048861261,0.6696978389712376,0.08331585116706698,0.01129313286148753,0.670 +/- 0.083
1968,Kepler-1362 b,Kepler-1362,2.6,248.0,0.4626,4857.0,K,0.0011265595514318,0.6867017508949936,0.6694196082926069,0.16372580514159654,0.0001844468695981273,0.669 +/- 0.164
1969,TOI-1798.01,TOI-1798,2.448,734.31,0.074984,5165.0,K,0.1130344182899478,0.6762413655870471,0.6692783374454729,0.0339687440250736,0.003839637220914334,0.669 +/- 0.034
1970,Kepler-1455 b,Kepler-1455,2.16,298.0,0.2149,4075.0,K,0.0093681459895857,0.6669700399785158,0.668651719273316,0.057134056564259336,0.0005352401828712286,0.669 +/- 0.057
1971,K2-251 b,K2-251,2.35,437.0,0.0694,3717.0,K,0.073172947559849,0.6681523515833651,0.6684574058498565,0.03797045623907404,0.002778410203205306,0.668 +/- 0.038
1972,HD 95089 c,HD 95089,13.1,267.9186713955409,3.33,4918.0,K,0.0762648747122892,0.6707400201712603,0.6678896633754823,0.19793856878148144,0.01509576014884952,0.668 +/- 0.198
1973,TOI-1437 b,TOI-1437,2.24,794.23,0.14,6008.0,F,0.1394246273383921,0.6751227462396465,0.6677389908312923,0.1008036537022629,0.014054511851786331,0.668 +/- 0.101
1974,Kepler-272 c,Kepler-272,1.79,947.0,0.061,5297.0,G,0.0005201015619147,0.6690270280919183,0.6677323781767005,0.0674131641835047,3.50616919854529e-05,0.668 +/- 0.067
1975,K2-275 b,K2-275,2.34,1166.0,0.0277,4841.0,K,0.0958205619587058,0.6632748613114497,0.6670565058233208,0.05133543346824088,0.004918990083320595,0.667 +/- 0.051
1976,HD 95338 b,HD 95338,4.27174254,443.0,0.262,5097.0,K,0.7081183154877482,0.7342499121988708,0.6669526947651612,0.09932484741402285,0.07033374363689548,0.667 +/- 0.099
1977,Kepler-1521 b,Kepler-1521,2.5,391.0,0.23476,5042.0,K,0.0427593062849259,0.6677417020606078,0.6666458050115966,0.049560943883060725,0.0021191915792658183,0.667 +/- 0.050
1978,Kepler-176 b,Kepler-176,1.43,841.0,0.058,5232.0,G,0.0019037636848614,0.6669798896000088,0.6663632187667009,0.08449562075883178,0.000160859694330485,0.666 +/- 0.084
1979,Kepler-1097 b,Kepler-1097,3.26,267.0,0.5791,5211.0,G,0.00169580367727,0.6922055585375272,0.6663323508942657,0.25094223743664157,0.00042554876902741823,0.666 +/- 0.251
1980,TOI-1659.01,TOI-1659,2.255,1031.14,0.065757,5977.0,G,0.1027839807051292,0.6676860183337622,0.6657435315662749,0.04996517545311116,0.005135619629700973,0.666 +/- 0.050
1981,K2-324 b,K2-324,2.43,707.0,0.0331,3752.0,K,0.0796520869590173,0.6642773487782323,0.665642350935309,0.043940870364751916,0.0034999820273481255,0.666 +/- 0.044
1982,BD-06 1339 c,BD-06 1339,8.38,239.5632381662442,0.435,4324.0,K,0.244958173278074,0.9886254870583148,0.6646473619035305,0.18149777706355466,0.04445936392351947,0.665 +/- 0.181
1983,Kepler-68 b,Kepler-68,2.357,1275.0,0.06135,5847.0,G,0.0850841683390696,0.66632871367959,0.6640210228060259,0.10044074269067652,0.008545917059194694,0.664 +/- 0.100
1984,TOI-4311 c,TOI-4311,2.47,671.0,0.1116,5063.0,K,0.0926407921189199,0.6783597440469862,0.663397267207827,0.07615340798206496,0.007054912038013776,0.663 +/- 0.076
1985,Kepler-934 b,Kepler-934,2.09,384.0,0.2658,5001.0,K,0.0014342852768916,0.6628694128053915,0.6627884788831709,0.03514371593667431,5.040611434323264e-05,0.663 +/- 0.035
1986,K2-4 b,K2-4,2.1,563.0,0.078,4014.73,K,0.0324905852512027,0.6646339595827879,0.6627161130691717,0.05737684793701404,0.0018642073693428483,0.663 +/- 0.057
1987,Kepler-48 d,Kepler-48,2.04,448.0,0.23302,5194.0,K,0.0164936165914618,0.6695515499243404,0.6627008789549476,0.08125837498787072,0.001340244481895169,0.663 +/- 0.081
1988,Kepler-1716 b,Kepler-1716,2.4247685,408.0,0.18836,4894.0,K,0.0473423745838423,0.6597408743959762,0.6625136109936969,0.03660251814046161,0.0017328501245176165,0.663 +/- 0.037
1989,TOI-1246 c,TOI-1246,2.45109846,862.49,0.061,5213.0,G,0.0639309284208593,0.668467916362931,0.6622983103054242,0.055215579320028414,0.0035299832492250156,0.662 +/- 0.055
1990,HD 10647 b,HD 10647,13.8,202.63490266848945,2.015,6218.0,F,0.2522512146932458,0.5128211434341747,0.6620864751628629,0.18950617446774723,0.047803162701359404,0.662 +/- 0.190
1991,Kepler-26 e,Kepler-26,2.41,276.0,0.22,4486.0,K,0.0118535576036218,0.6519850147126485,0.66177252594743,0.07054763347563273,0.0008362404372026102,0.662 +/- 0.071
1992,HD 73344 b,HD 73344,2.884,911.0,0.131,6252.6,F,0.5834092914785957,0.6819929877838452,0.6612186857500548,0.09473388994663852,0.05526863161277964,0.661 +/- 0.095
1993,TOI-1823 b,TOI-1823,7.5406241,423.63,0.212,4927.0,K,0.6499308707193894,0.6891624654638646,0.66103612547567,0.0650451503900812,0.0422748512290991,0.661 +/- 0.065
1994,K2-69 b,K2-69,2.32,524.6699506041537,0.0591,4127.0,K,0.0521901190187991,0.6598408884898657,0.6606814060304589,0.031040765292224083,0.001620021235035783,0.661 +/- 0.031
1995,KELT-24 b,KELT-24,12.71098411,1391.0,0.0665,6426.0,F,0.6169487984892587,0.683960305388095,0.6603042372809022,0.054286258084732364,0.033491841699853434,0.660 +/- 0.054
1996,Kepler-954 b,Kepler-954,2.32,545.0,0.1202,4990.0,K,0.0390669537683791,0.6649223127159691,0.6600931023509731,0.02110696830726913,0.000824584955050726,0.660 +/- 0.021
1997,Kepler-267 d,Kepler-267,2.27,301.0,0.154,4258.0,K,0.0228364035382699,0.6637739987097869,0.6598674799128451,0.04506366831096815,0.0010290921144640141,0.660 +/- 0.045
1998,TOI-1130 c,TOI-1130,13.0,650.0,0.0731,4360.0,K,0.6546054397161267,0.6870797525895512,0.659827541751997,0.07135080155212792,0.046706622824128796,0.660 +/- 0.071
1999,K2-167 b,K2-167,2.36509493,1220.0,0.0932,6310.0,F,0.1773823071912109,0.6701362128390904,0.6593136853657933,0.07914115269009296,0.014038240257940596,0.659 +/- 0.079
2000,HD 332231 b,HD 332231,9.07303305,798.3,0.145,6128.0,F,0.6356215134390323,0.6787019584759529,0.6591060659321654,0.05444082631469122,0.034603760415015526,0.659 +/- 0.054
2001,TIC 393818343 b,TIC 393818343,12.18416202,805.5,0.1291,5756.0,G,0.6212421762163307,0.6744093566060327,0.6588754447229841,0.06192515711916194,0.03847051937124637,0.659 +/- 0.062
2002,Kepler-235 e,Kepler-235,2.22,306.0,0.213,4255.0,K,0.0055179509156972,0.6210481967876637,0.6586213157346053,0.09551037529046565,0.0005270215627926081,0.659 +/- 0.096
2003,TOI-4641 b,TOI-4641,8.18255591,950.11,0.173,6560.0,F,0.6274347343224445,0.6885065008159978,0.6585556837224559,0.07670872137192923,0.04812971621421083,0.659 +/- 0.077
2004,Kepler-622 b,Kepler-622,2.13,446.0,0.0978,4201.0,K,0.018904296276229,0.6634506679329956,0.6585301036288015,0.04098245220192488,0.0007747444185515815,0.659 +/- 0.041
2005,Kepler-155 b,Kepler-155,2.09,614.0,0.056,4508.0,K,0.017619093154597,0.6526615855653696,0.6583045147462411,0.07108210671765047,0.0012524022598832888,0.658 +/- 0.071
2006,HD 209458 b,HD 209458,15.58051,1459.0,0.04707,6091.0,F,0.6903716609711804,0.68039617557546,0.6576737484538976,0.0590332601379827,0.04075488985400289,0.658 +/- 0.059
2007,HIP 5158 b,HIP 5158,13.6,200.90794219039563,0.89,4962.0,K,0.17906636201637,0.4128092387821389,0.6576689131219501,0.22968980422952845,0.041129717635633896,0.658 +/- 0.230
2008,K2-264 b,K2-264,2.231,496.0,0.05023,3660.0,M,0.0468866259898958,0.6416919409129332,0.6575303602763234,0.06782281405377408,0.0031799829161215537,0.658 +/- 0.068
2009,GJ 3293 b,GJ 3293,5.19,256.60465211036086,0.14339,3466.0,M,0.2451522569983183,0.7355655460636656,0.6574934966203804,0.16145216520947406,0.03958036269836793,0.657 +/- 0.161
2010,Kepler-482 b,Kepler-482,2.36,352.0,0.25787,4871.0,K,0.0156333429160609,0.6618285938365359,0.657432801835906,0.04412984933113405,0.0006898970674277193,0.657 +/- 0.044
2011,Kepler-272 b,Kepler-272,1.43,1200.0,0.038,5297.0,G,0.0002993217515473,0.6516951512455313,0.657385755871211,0.07921717877123816,2.3711424702442594e-05,0.657 +/- 0.079
2012,Kepler-1690 b,Kepler-1690,2.81109223,267.0,0.7097,5404.0,G,0.0014823306132376,0.7281713197967494,0.657312889466778,0.22724297267668137,0.0003368492150417603,0.657 +/- 0.227
2013,TOI-4465 b,TOI-4465,14.01122587,427.0,0.416,5545.0,G,0.5941080905244456,0.6859841136424667,0.6571941837899915,0.07742410436142942,0.04599828680273423,0.657 +/- 0.077
2014,Kepler-1461 b,Kepler-1461,2.03,451.0,0.1715,4919.0,K,0.0008243344760503,0.656586494466289,0.6571838293061281,0.022958285220556544,1.8925306018300824e-05,0.657 +/- 0.023
2015,Kepler-691 b,Kepler-691,2.09,460.0,0.0649,3715.0,K,0.0198199383939221,0.665656600484138,0.6570780628501434,0.0505318297574009,0.0010015377527238453,0.657 +/- 0.051
2016,TOI-1231 b,TOI-1231,3.65,329.6,0.1288,3553.0,M,0.4413008397934589,0.6415846871833639,0.6569804857007658,0.11442748478520362,0.0504969451311636,0.657 +/- 0.114
2017,HD 149026 b,HD 149026,8.29466,1626.0,0.04364,6179.0,F,0.6415142748798326,0.6727033090305571,0.6568759707251245,0.0580104900217971,0.037214557441756925,0.657 +/- 0.058
2018,Kepler-131 b,Kepler-131,2.41,718.0,0.12789,5685.0,G,0.0349047980979462,0.6696768480724737,0.6568446839755608,0.06616810783537483,0.0023095844445168903,0.657 +/- 0.066
2019,GJ 3293 d,GJ 3293,2.67,220.64305515964784,0.19394,3466.0,M,0.2451522569983183,0.9902930625304874,0.6567196114338312,0.151846726209239,0.03722556764800063,0.657 +/- 0.152
2020,HD 80869 b,HD 80869,12.8,203.2,2.905,5837.0,G,0.1277188641667752,0.3773500754847029,0.6564176136937367,0.2699407161580098,0.03447652166006687,0.656 +/- 0.270
2021,Kepler-1341 b,Kepler-1341,2.99,241.0,0.47267,4662.0,K,0.0044333458663126,0.7326640982147234,0.6563294124243496,0.19964663758484938,0.0008851025954600018,0.656 +/- 0.200
2022,WASP-8 b,WASP-8,12.66617,1059.0,0.0801,5600.0,G,0.626608549096443,0.6766210826074118,0.6561467087440949,0.05015161193094372,0.031425428786896505,0.656 +/- 0.050
2023,K2-159 b,K2-159,2.26,684.0,0.1013,5425.0,G,0.0610488924504363,0.65980724022808,0.6560870785069138,0.05193964225831403,0.0031708576341419495,0.656 +/- 0.052
2024,K2-37 d,K2-37,2.31,646.0,0.1102,5352.0,G,0.056466238515876,0.6688091681155489,0.6560697050391042,0.054996103619948215,0.003105423104447827,0.656 +/- 0.055
2025,Kepler-1020 b,Kepler-1020,2.28,325.0,0.37594,5227.0,G,0.0065754912668757,0.6612467304695717,0.6554362478562309,0.03525945294077509,0.00023184822488688133,0.655 +/- 0.035
2026,TOI-431 d,TOI-431,3.29,633.0,0.098,4850.0,K,0.6025172120883192,0.6886647622256536,0.6554170829857482,0.10222318518263498,0.06159122854702921,0.655 +/- 0.102
2027,HD 118203 b,HD 118203,12.778238,1361.0,0.0713,5742.0,G,0.6206093366779236,0.671888014370499,0.6554099123290633,0.058304593129616646,0.03618437486744761,0.655 +/- 0.058
2028,HD 17156 b,HD 17156,12.26262489,888.0,0.1632,6046.0,F,0.639342449529219,0.6749873428825383,0.6553895322563704,0.05761527549301582,0.03683589136400552,0.655 +/- 0.058
2029,Kepler-1026 b,Kepler-1026,2.21,425.0,0.1977,4948.0,K,0.0104101331250884,0.6626346530858758,0.655286741367977,0.022205835010373397,0.00023116569861173582,0.655 +/- 0.022
2030,Kepler-1610 c,Kepler-1610,2.09,433.0,0.2323,5295.0,G,0.0004738838823666,0.6592167157897201,0.6551539999814117,0.015892789482622603,7.531336781660267e-06,0.655 +/- 0.016
2031,WASP-69 b,WASP-69,11.21,971.0,0.0453,4792.0,K,0.6881246406276322,0.6722789353907037,0.6548174509870939,0.07156172878132311,0.04924338890034005,0.655 +/- 0.072
2032,Kepler-125 b,Kepler-125,2.37,590.0,0.041,3810.0,K,0.0517671299395734,0.6535596135411428,0.6545823601291673,0.04768384338061746,0.002468455716302691,0.655 +/- 0.048
2033,HD 8326 b,HD 8326,9.58,262.7285906666812,0.533,4914.0,K,0.2207256383086097,0.7119436889046726,0.6544971567065031,0.21388271038994916,0.04720939777399703,0.654 +/- 0.214
2034,Kepler-1404 b,Kepler-1404,2.01,596.0,0.1143,5261.0,G,0.0003628217024625,0.6546353084856671,0.6542331289133305,0.04279046623218668,1.5525309807526087e-05,0.654 +/- 0.043
2035,TOI-4495 b,TOI-4495,2.483,1735.0,0.03957,6210.0,F,0.0958577448956369,0.6493934019211104,0.6542298616135237,0.08975473721013251,0.008603686702663812,0.654 +/- 0.090
2036,Kepler-1122 b,Kepler-1122,2.04,526.0,0.2315,5544.0,G,0.0004869014604898,0.6576569156902451,0.6542188418335882,0.014550134704727453,7.084481838055122e-06,0.654 +/- 0.015
2037,TOI-2180 b,TOI-2180,11.32107051,348.0,0.828,5695.0,G,0.5950800850267975,0.675448136960059,0.653886663728929,0.10519860966579386,0.0626015975846215,0.654 +/- 0.105
2038,Kepler-833 b,Kepler-833,2.02,382.0,0.1139,4339.0,K,0.0036765590764761,0.6605020739254188,0.6538799873616816,0.03444631217831027,0.00012664390169029585,0.654 +/- 0.034
2039,TOI-1269 b,TOI-1269,2.40144286,1004.9,0.0496,5499.0,G,0.0618118181229894,0.660678805923551,0.6537868277240824,0.04944146359335725,0.0030560667553670004,0.654 +/- 0.049
2040,K2-5 c,K2-5,2.26,456.0,0.0818,3930.0,K,0.0422057620398076,0.6387408369698941,0.6537097426521808,0.039974764856907506,0.0016871654131479018,0.654 +/- 0.040
2041,Kepler-58 e,Kepler-58,1.61,1212.0,0.0533,6100.0,F,0.0001794114879715,0.667449473180912,0.6536537792613043,0.09379763793453796,1.682837379004747e-05,0.654 +/- 0.094
2042,K2-38 c,K2-38,2.29,916.0,0.09514,5731.0,G,0.0507398133532802,0.6536537254427667,0.6535064712310292,0.06744414616436091,0.003422103388151021,0.654 +/- 0.067
2043,Kepler-1132 b,Kepler-1132,2.35,384.0,0.2881,5298.0,G,0.0007097689781432,0.6557232502575584,0.653148189379131,0.02245315737437951,1.59365545657018e-05,0.653 +/- 0.022
2044,TOI-1117 b,TOI-1117,2.46,1538.0,0.033,5635.0,G,0.0657552861596722,0.662795998533619,0.6530838901868222,0.07142563455621986,0.004696613039380408,0.653 +/- 0.071
2045,Kepler-50 c,Kepler-50,2.17,1125.0,0.087,6225.0,F,0.0276784848095669,0.6516947000484921,0.65296869340035,0.0725481320143539,0.002008022369921748,0.653 +/- 0.073
2046,Kepler-834 b,Kepler-834,2.02,378.0,0.0862,4554.0,K,0.0010643886496625,0.6559947199112897,0.6524365825474877,0.019268973888325918,2.05096770973772e-05,0.652 +/- 0.019
2047,Kepler-988 b,Kepler-988,2.07,368.0,0.1085,4005.0,K,0.0154673286063872,0.6560472152586564,0.6524245879244607,0.03051097597704661,0.00047192329153856566,0.652 +/- 0.031
2048,Kepler-1261 b,Kepler-1261,2.26,396.0,0.239,5006.0,K,0.0008203299017232,0.656950489722956,0.6524016142460878,0.017680822867866413,1.4504107685582162e-05,0.652 +/- 0.018
2049,Kepler-196 c,Kepler-196,2.24,407.0,0.24,5128.0,K,0.0048846661648963,0.6536554100354736,0.6521693397026609,0.022236503231019646,0.00010861789495816891,0.652 +/- 0.022
2050,Kepler-120 b,Kepler-120,2.15,575.0,0.055,4096.0,K,0.0077661444889303,0.6651609011462188,0.652138787440377,0.07325716554487242,0.0005689257324709656,0.652 +/- 0.073
2051,Kepler-1151 b,Kepler-1151,2.22,485.0,0.3197,5470.0,G,0.0009120684362598,0.6513378362163346,0.6520881328799981,0.025283328261000507,2.3060125670453942e-05,0.652 +/- 0.025
2052,Kepler-311 d,Kepler-311,2.05,327.0,0.7326,5903.0,G,0.0009134293126478,0.6532279886615546,0.6519960546903963,0.052689466174312576,4.812810287138185e-05,0.652 +/- 0.053
2053,HD 216437 b,HD 216437,13.0,191.94797389270968,2.57,5909.0,G,0.2297244333309779,0.565805537942087,0.651543463196054,0.17489472027175446,0.040177590507008684,0.652 +/- 0.175
2054,HD 4203 b,HD 4203,13.3,271.9153120684081,1.17,5596.0,G,0.1329519087724876,0.5653533041321633,0.6514724740490094,0.19067140244406489,0.025350126903265584,0.651 +/- 0.191
2055,TOI-1898 b,TOI-1898,9.39553231,674.54,0.269,6241.0,F,0.636315906930665,0.6709382359201929,0.651339245428913,0.05788666135176978,0.03683420341723966,0.651 +/- 0.058
2056,Kepler-267 c,Kepler-267,2.13,484.0,0.06,4258.0,K,0.0225209601680482,0.659517687154421,0.6511766343072346,0.03656026464093963,0.0008233722637119024,0.651 +/- 0.037
2057,TOI-1288 c,TOI-1288,11.1,224.90088238580512,1.07,5388.0,G,0.0951193553048567,0.9804391212609644,0.6509528018194343,0.3296719178147185,0.031358180284651725,0.651 +/- 0.330
2058,K2-137 b,K2-137,0.64,1471.0,0.0058,3697.0,M,0.111610761516353,0.6029205094886245,0.6509220737252682,0.13091901949046955,0.014611971462305568,0.651 +/- 0.131
2059,Kepler-1162 b,Kepler-1162,2.21,490.0,0.19,5390.0,G,0.000475797016529,0.6532772077781558,0.6508821520454291,0.012644578400662371,6.016252678302191e-06,0.651 +/- 0.013
2060,Kepler-1503 b,Kepler-1503,2.27,321.0,0.3771,5069.0,K,0.0006943724671465,0.6566910809152563,0.6508566707750202,0.06252801401946657,4.341773136046795e-05,0.651 +/- 0.063
2061,KOI-4777.01,KOI-4777,0.51,1180.0,0.008,3515.0,M,0.0537214869910014,0.5689672625887066,0.6508507671677802,0.12924854568507987,0.006943424065626869,0.651 +/- 0.129
2062,Kepler-415 c,Kepler-415,2.01,543.0,0.0695,4362.0,K,0.0024349312127237,0.6593028718468784,0.6504386840055945,0.04031145431544304,9.815561834295777e-05,0.650 +/- 0.040
2063,Kepler-1092 b,Kepler-1092,2.07,508.0,0.2996,5862.0,G,0.0004724945042355,0.6542207590664062,0.65035096317206,0.012839451364029832,6.06657020690309e-06,0.650 +/- 0.013
2064,Kepler-1504 b,Kepler-1504,2.13,485.0,0.3704,5393.0,G,0.0006619135467581,0.6526299505080195,0.649721134371522,0.04023720647839656,2.663355205175347e-05,0.650 +/- 0.040
2065,Kepler-984 b,Kepler-984,2.12,484.0,0.23688,5610.0,G,0.0045355874362184,0.6575401423864105,0.6493716691956466,0.025222347863939377,0.00011439816408361343,0.649 +/- 0.025
2066,Kepler-519 b,Kepler-519,2.1,532.0,0.15932,5260.0,G,0.0287119596843955,0.6586236109822201,0.6492354698735722,0.053179090032638474,0.0015268758890699544,0.649 +/- 0.053
2067,Kepler-543 b,Kepler-543,2.5,521.0,0.1023,4671.0,K,0.0367864215793645,0.6600505114106082,0.6492180569608237,0.0462650941634467,0.0017019272583055462,0.649 +/- 0.046
2068,Kepler-61 b,Kepler-61,2.15,273.0,0.24861,4017.0,K,0.0125273988169276,0.6185086207571917,0.6486527234055363,0.08681966283027634,0.001087624541426057,0.649 +/- 0.087
2069,Kepler-1388 e,Kepler-1388,2.46,299.0,0.1861,4098.0,K,0.0044119212141827,0.658684649135436,0.6485098228618884,0.04027914769452264,0.00017770842620266265,0.649 +/- 0.040
2070,Kepler-725 c,Kepler-725,3.08,268.0,0.6744,5395.0,G,0.0001524516891864,0.7357605636867888,0.6484946489956186,0.21890558929578774,3.337252686048716e-05,0.648 +/- 0.219
2071,Kepler-1444 b,Kepler-1444,2.18,581.0,0.20906,5810.0,G,0.0148594877630954,0.6591056232321395,0.6479365065204394,0.037742213671950506,0.0005608299622104804,0.648 +/- 0.038
2072,HIP 65 A b,HIP 65 A,22.75427,1411.0,0.01782,4590.0,K,0.690679399409735,0.6814578657716326,0.647886331340682,0.09686864695878256,0.06690517890312558,0.648 +/- 0.097
2073,Kepler-151 c,Kepler-151,2.09,544.0,0.16,5460.0,G,0.0011271595210181,0.6534941014287767,0.6478131933346665,0.01554488625712673,1.752156654786381e-05,0.648 +/- 0.016
2074,Kepler-1155 b,Kepler-1155,2.03,609.0,0.2006,5842.0,G,0.0003806110030711,0.6506611669831313,0.6475579410318593,0.016780423166908046,6.3868136935143955e-06,0.648 +/- 0.017
2075,Kepler-1236 b,Kepler-1236,2.14,480.0,0.1803,5337.0,G,0.0003893248096876,0.6542567930111255,0.647406198950888,0.022543406324731844,8.776707377086464e-06,0.647 +/- 0.023
2076,Kepler-566 b,Kepler-566,2.15,526.0,0.1247,5132.0,K,0.0017145069360191,0.6554071501619961,0.6473678215588007,0.02144065424069385,3.676015040845694e-05,0.647 +/- 0.021
2077,Kepler-1010 b,Kepler-1010,2.32,477.0,0.193,5253.0,G,0.0017903500909124,0.6516336515429548,0.6472532513329252,0.011271241089427769,2.0179467509152584e-05,0.647 +/- 0.011
2078,Kepler-1009 b,Kepler-1009,2.17,403.0,0.0796,4027.0,K,0.0098926092538882,0.6577202843416484,0.6471759617173423,0.04371978077942122,0.00043250270791646587,0.647 +/- 0.044
2079,Kepler-1196 b,Kepler-1196,2.23,436.0,0.3179,5756.0,G,0.0005899819125978,0.6544417564300695,0.6471500023901363,0.015007647468545826,8.854240557086199e-06,0.647 +/- 0.015
2080,Kepler-479 b,Kepler-479,2.12,649.0,0.09636,5247.0,G,0.0109454315294872,0.6559475058760956,0.6470834893520186,0.016419201532954026,0.00017971524614779954,0.647 +/- 0.016
2081,HD 1397 b,HD 1397,11.500434,1228.3,0.1097,5521.0,G,0.636098453534016,0.664882056648935,0.6467189527729803,0.06336407322961853,0.040305788990976484,0.647 +/- 0.063
2082,Kepler-877 b,Kepler-877,2.12,632.0,0.1301,5261.0,G,0.0013614406923443,0.6496773913521292,0.6465767459062994,0.018500169235047957,2.518688321185041e-05,0.647 +/- 0.019
2083,Kepler-81 b,Kepler-81,2.42,635.0,0.0522,4385.0,K,0.0108111168479478,0.6612105974714353,0.6463915811307436,0.07360552592291285,0.0007957579414072616,0.646 +/- 0.074
2084,K2-274 b,K2-274,2.08,655.0,0.0964,5044.0,K,0.034875582093709,0.6433847717259463,0.6463637279491878,0.03047815011735168,0.001062943226482085,0.646 +/- 0.030
2085,TOI-238 c,TOI-238,2.18,696.0,0.0749,5059.0,K,0.1340717996394172,0.6707082772375111,0.6462628147798948,0.08736422103211056,0.011713078337870886,0.646 +/- 0.087
2086,HAT-P-17 b,HAT-P-17,11.76945,800.0,0.0892,5246.0,G,0.6243942458040842,0.6612615004778674,0.6458394111997544,0.06789406320934804,0.04239266239217569,0.646 +/- 0.068
2087,HD 145934 b,HD 145934,13.4,253.29119264345965,4.89,4823.75,K,0.0307217992117792,0.8042148719344303,0.6455332673472601,0.25640473430605965,0.007877214764300358,0.646 +/- 0.256
2088,Kepler-938 b,Kepler-938,2.22,544.0,0.2689,5533.0,G,0.0006485387851949,0.6492900815984348,0.6449469651930075,0.013180682970219125,8.548184121545018e-06,0.645 +/- 0.013
2089,Kepler-24 d,Kepler-24,1.67,1305.0,0.051,5897.0,G,0.0001659847980054,0.6664358244391677,0.6447196056736468,0.09203143458065555,1.5275819079017297e-05,0.645 +/- 0.092
2090,K2-138 c,K2-138,2.299,1012.0,0.04461,5356.3,G,0.0395645088271167,0.6370064748532669,0.643445258220017,0.08381840551187243,0.003316234044749324,0.643 +/- 0.084
2091,Kepler-1615 b,Kepler-1615,2.06,658.0,0.2788,5865.0,G,0.0003398112255364,0.6460528629209145,0.6434166008263708,0.03447021968674802,1.1713367596262789e-05,0.643 +/- 0.034
2092,Kepler-1474 b,Kepler-1474,2.16,561.0,0.2108,5870.0,G,0.0003197568191623,0.6475480716950144,0.6433892694586962,0.01515140646762859,4.844765537924018e-06,0.643 +/- 0.015
2093,Kepler-1378 b,Kepler-1378,2.2,525.0,0.0885,4407.0,K,0.0024723806336856,0.6488090136878205,0.642954742274688,0.02114634593285106,5.228181615759721e-05,0.643 +/- 0.021
2094,Kepler-152 c,Kepler-152,2.39,326.0,0.356,5088.0,K,0.005439805668316,0.6378753588604443,0.6429427496344544,0.045298648848918696,0.00024641584677540396,0.643 +/- 0.045
2095,K2-254 c,K2-254,2.19,551.0,0.0923,4629.0,K,0.0337150739741454,0.6459507264657717,0.6429232164870643,0.04375727495084559,0.0014752797618747787,0.643 +/- 0.044
2096,Kepler-662 b,Kepler-662,2.18,530.0,0.1408,4897.0,K,0.0007742125569116,0.6482055917937067,0.6426961738788258,0.035243318887282125,2.7285820029773578e-05,0.643 +/- 0.035
2097,Kepler-1337 b,Kepler-1337,2.41,437.0,0.1441,4523.0,K,0.0013712401589102,0.6463922593529293,0.6420995733000029,0.012160181015817229,1.6674528548506015e-05,0.642 +/- 0.012
2098,Kepler-1798 b,Kepler-1798,2.30911251,408.0,0.1082,3967.0,K,0.0064837574867414,0.6575094289102549,0.6420751167514647,0.0463903876393026,0.000300784023169164,0.642 +/- 0.046
2099,WASP-33 b,WASP-33,17.855937,2781.7,0.0239,7430.0,F,0.5929117286901816,0.6576691816480229,0.6420738032281635,0.042436448352761905,0.02516106795230767,0.642 +/- 0.042
2100,K2-37 c,K2-37,2.41,839.0,0.06534,5352.0,G,0.0578424516899612,0.6432518546331429,0.6420345871480404,0.036312588996956385,0.0021004091747938666,0.642 +/- 0.036
2101,Kepler-296 c,Kepler-296,2.0,606.0,0.0521,3740.0,K,0.0576302139991598,0.6000645295930407,0.6419309819833549,0.09880351766996358,0.005694067867189768,0.642 +/- 0.099
2102,K2-84 c,K2-84,2.03,571.7513703790702,0.1768,5652.0,G,0.0205318326967987,0.6231144932405085,0.641767167756333,0.06387900776282945,0.0013115531002239197,0.642 +/- 0.064
2103,TOI-1753 b,TOI-1753,2.47852533,1005.43,0.059,5621.0,G,0.0370617704418944,0.6669892831958446,0.6416085396363802,0.07816647141848167,0.002896987819964667,0.642 +/- 0.078
2104,Kepler-10 c,Kepler-10,2.355,579.0,0.241,5708.0,G,0.0588693002768625,0.6617050182747047,0.6415736415429604,0.12201021099472412,0.007182655747891765,0.642 +/- 0.122
2105,Kepler-558 b,Kepler-558,2.37,498.0,0.1759,5242.0,G,0.0013961084737557,0.6446226345036792,0.6415442453045035,0.022084203796170026,3.083194405598077e-05,0.642 +/- 0.022
2106,Kepler-283 b,Kepler-283,2.13,488.0,0.082,4351.0,K,0.0037799169909153,0.6455866406090737,0.641543152687661,0.02921870627671095,0.00011044428430790323,0.642 +/- 0.029
2107,Kepler-1309 b,Kepler-1309,2.37,491.0,0.1679,5235.0,G,0.0005811493794104,0.6435069235478826,0.6414057627696853,0.011174213460906553,6.493887218205182e-06,0.641 +/- 0.011
2108,Kepler-436 c,Kepler-436,2.33,503.0,0.11452,4685.0,K,0.0015570581302896,0.6458341655110816,0.6413385139164411,0.01696855763535215,2.6421030625412735e-05,0.641 +/- 0.017
2109,Kepler-1268 b,Kepler-1268,2.03,627.0,0.2383,5904.0,G,0.0002535340651675,0.6522936462636197,0.6413109063038492,0.035026654117066396,8.880450007515793e-06,0.641 +/- 0.035
2110,Kepler-513 b,Kepler-513,2.2,623.0,0.1779,5849.0,G,0.0045260706600294,0.649899222490949,0.6412591113629525,0.019462612677341458,8.808916020643142e-05,0.641 +/- 0.019
2111,Kepler-349 b,Kepler-349,1.9,972.0,0.065,5956.0,G,0.0003836082462184,0.651412857334462,0.6411185044572038,0.08679736359096622,3.329618442351136e-05,0.641 +/- 0.087
2112,Kepler-377 c,Kepler-377,2.06,677.0,0.182,5949.0,G,0.0006261460302394,0.6492822320518193,0.6410652290980983,0.028155716535784876,1.7629590137427532e-05,0.641 +/- 0.028
2113,Kepler-1329 b,Kepler-1329,2.17,577.0,0.0747,4500.0,K,0.0013943742127469,0.6505274191925919,0.6410242883732571,0.025960246949686405,3.619829890318409e-05,0.641 +/- 0.026
2114,Kepler-754 b,Kepler-754,2.01,758.0,0.116,5935.0,G,0.0002666399968893,0.6408353966675112,0.6407542547445692,0.02768908517539511,7.383017585034915e-06,0.641 +/- 0.028
2115,HAT-P-22 b,HAT-P-22,12.89035,1463.0,0.0414,5302.0,G,0.6363242582640772,0.6727999730375591,0.6407239974425607,0.06712131558068817,0.042710921350590444,0.641 +/- 0.067
2116,Kepler-1052 c,Kepler-1052,2.3,302.0,0.6135,5818.0,G,0.0008972419836545,0.61950296717548,0.6406758617064808,0.0589348761075258,5.2878845145148646e-05,0.641 +/- 0.059
2117,Kepler-296 d,Kepler-296,2.09,403.0,0.118,3740.0,K,0.0580553264559737,0.6545986271909997,0.6406661424345703,0.06468879215506382,0.0037555289466048606,0.641 +/- 0.065
2118,Kepler-230 c,Kepler-230,2.04,359.0,0.38,5588.0,G,0.0008143358940599,0.6396658173597604,0.6404426765774118,0.04205128585722536,3.4243871464912044e-05,0.640 +/- 0.042
2119,Kepler-306 e,Kepler-306,2.27,390.0,0.227,4954.0,K,0.0009862859319709,0.6397600267822924,0.6404108584070852,0.0223134513048915,2.2007443115732205e-05,0.640 +/- 0.022
2120,K2-48 b,K2-48,2.24,503.5863528434599,0.1344,4899.0,K,0.0151418522597203,0.6185044940680402,0.6402414587070091,0.03548823095855123,0.0005373575501332148,0.640 +/- 0.035
2121,Kepler-786 b,Kepler-786,2.43,348.0,0.25483,4838.0,K,0.0037293700255505,0.6390369361336405,0.6402053149159952,0.0460353236047971,0.0001716827559682477,0.640 +/- 0.046
2122,Kepler-1013 b,Kepler-1013,2.15,766.0,0.137,4954.0,K,0.005441059191499,0.6409825013906801,0.6401248875902937,0.02199550170554086,0.00011967882672656502,0.640 +/- 0.022
2123,Kepler-790 b,Kepler-790,2.18,634.0,0.101,5208.0,G,0.000827104513054,0.6456481814730393,0.6401162096234285,0.0183060068638362,1.5140980893076421e-05,0.640 +/- 0.018
2124,Kepler-528 b,Kepler-528,2.08,708.0,0.14219,5807.0,G,0.0008148097870627,0.645985238494837,0.6396832876319074,0.016270260593874358,1.3257167569949404e-05,0.640 +/- 0.016
2125,Kepler-1609 b,Kepler-1609,2.22,429.0,0.4679,6132.0,F,0.0002837666805365,0.6454603469541018,0.6396152723002972,0.055729682856408266,1.5814227111514865e-05,0.640 +/- 0.056
2126,Kepler-1632 b,Kepler-1632,2.47,369.0,0.6762,6137.0,F,0.0019788176322955,0.641782558167243,0.6396090293634288,0.0848112599762103,0.00016782601665812257,0.640 +/- 0.085
2127,Kepler-1926 b,Kepler-1926,2.31495961,451.0,0.2197,5256.0,G,0.00103089826154,0.6475851329604837,0.6394321392079446,0.0332893779557112,3.431796186229068e-05,0.639 +/- 0.033
2128,Kepler-567 b,Kepler-567,2.25,611.0,0.1229,5148.0,K,0.0020772536496848,0.6445118818232906,0.6393952684111829,0.014793911876881772,3.073070743936797e-05,0.639 +/- 0.015
2129,Kepler-1101 b,Kepler-1101,2.47,393.0,0.3483,5614.0,G,0.0009396766421569,0.6490818714895765,0.6391410192233239,0.034647260642458,3.2557221540439856e-05,0.639 +/- 0.035
2130,Kepler-1621 b,Kepler-1621,2.16,469.0,0.4204,6158.0,F,0.0003115630599572,0.6427627757939545,0.6390536071040194,0.022017223085668034,6.859753396331038e-06,0.639 +/- 0.022
2131,Kepler-900 b,Kepler-900,2.08,716.0,0.0679,4836.0,K,0.002799710434192,0.6483082592415019,0.6390534324183209,0.02735933290991163,7.659820982041216e-05,0.639 +/- 0.027
2132,K2-243 c,K2-243,2.01,801.0,0.1817,6570.0,F,0.025091826768862,0.6329704543572815,0.6387003799813302,0.09442991416017739,0.0023694190479056796,0.639 +/- 0.094
2133,Kepler-1753 b,Kepler-1753,2.22678077,583.0,0.1179,5180.0,K,0.0008733607642897,0.6416987578631563,0.6384528801668282,0.02233155087780985,1.950350034241833e-05,0.638 +/- 0.022
2134,Kepler-84 f,Kepler-84,2.2,572.0,0.25,6031.0,F,0.0004133626629479,0.6439695678481054,0.6383804393858554,0.013173040554608348,5.445243122773588e-06,0.638 +/- 0.013
2135,K2-285 d,K2-285,2.48,619.9,0.1178,4975.0,K,0.0727210420455269,0.6708498268237576,0.6383738156610537,0.08612256984441881,0.006262923022724807,0.638 +/- 0.086
2136,Kepler-958 b,Kepler-958,2.06,749.0,0.08631,5421.0,G,0.0042675845513463,0.648242351497772,0.6382799204365042,0.02042874142010639,8.71813812878943e-05,0.638 +/- 0.020
2137,Kepler-166 c,Kepler-166,2.38,468.0,0.195,5413.0,G,0.0020166275739777,0.6485422566229582,0.6382564379802627,0.047321829079601786,9.543050537298473e-05,0.638 +/- 0.047
2138,Kepler-298 d,Kepler-298,2.5,277.0,0.305,4465.0,K,0.0031296754164904,0.6288164863571465,0.6382318153554463,0.08273845261441946,0.0002589445011458045,0.638 +/- 0.083
2139,Kepler-1484 b,Kepler-1484,2.11,624.0,0.1939,5730.0,G,0.0003873024809126,0.6388550231631428,0.638192145452462,0.029408903638155553,1.1390141339977234e-05,0.638 +/- 0.029
2140,Kepler-1047 b,Kepler-1047,2.09,503.0,0.29871,5754.0,G,0.0011870653663356,0.6409257784242055,0.6378088088654594,0.03196056170913325,3.7939275893543814e-05,0.638 +/- 0.032
2141,Kepler-1980 b,Kepler-1980,2.21,564.0,0.2049,5819.0,G,0.0003837623990169,0.6436410185763745,0.6377596539817129,0.027702729150097898,1.0631265797956977e-05,0.638 +/- 0.028
2142,Kepler-903 b,Kepler-903,2.01,842.0,0.09081,5682.0,G,0.0003600124756943,0.6403393083542521,0.6376817637401189,0.02762315436102576,9.944680187998683e-06,0.638 +/- 0.028
2143,Kepler-1022 b,Kepler-1022,2.36,512.0,0.0805,4445.0,K,0.0051790429450637,0.6423004690985048,0.637380154632977,0.029237912809300954,0.0001514244060633977,0.637 +/- 0.029
2144,Kepler-1060 b,Kepler-1060,2.38,484.0,0.2495,5797.0,G,0.0008152631371309,0.6444762398793032,0.637208669075791,0.024639585490959418,2.0087745764964583e-05,0.637 +/- 0.025
2145,HIP 41378 b,HIP 41378,2.419,970.67,0.1303,6371.0,F,0.1502816536041934,0.6772101653145495,0.637160876018874,0.09303348506347042,0.013981225975899363,0.637 +/- 0.093
2146,Kepler-1168 b,Kepler-1168,2.5,379.0,0.2663,5157.0,K,0.0008568942630893,0.6432680087781917,0.6370154161145174,0.04348350122226809,3.726076273639809e-05,0.637 +/- 0.043
2147,Kepler-1227 b,Kepler-1227,2.29,369.0,0.38555,5747.0,G,0.0013360410860666,0.6569266690572387,0.6369646681097996,0.04250661661439172,5.67905862265085e-05,0.637 +/- 0.043
2148,Kepler-632 b,Kepler-632,2.21,500.0,0.1885,5322.0,G,0.01086597858222,0.6509134659727331,0.6366387198828067,0.04811924561472466,0.0005228626922421818,0.637 +/- 0.048
2149,Kepler-477 b,Kepler-477,2.07,649.0,0.0911,5240.0,G,0.0090829244550455,0.6358741204431783,0.6366172792774368,0.020719948821178707,0.00018819772985517527,0.637 +/- 0.021
2150,Kepler-292 f,Kepler-292,2.35,563.0,0.141,5299.0,G,0.0005091466911555,0.6400902991513735,0.6364898313318899,0.016769958161125774,8.538368708553362e-06,0.636 +/- 0.017
2151,Kepler-126 c,Kepler-126,1.58,790.0,0.162,6239.0,F,0.0312373566762706,0.6001141384285464,0.6361142167219074,0.12919567863380213,0.00403573149451691,0.636 +/- 0.129
2152,Kepler-417 b,Kepler-417,2.31,671.0,0.1006,5177.0,K,0.0005454562810655,0.6588702182785556,0.6359191409697424,0.07170045521379843,3.910946365162193e-05,0.636 +/- 0.072
2153,Kepler-589 b,Kepler-589,2.27,656.0,0.1196,5296.0,G,0.0015105321203552,0.638308976371344,0.6357619203141264,0.011033388744839709,1.6666288095445923e-05,0.636 +/- 0.011
2154,Kepler-185 c,Kepler-185,2.02,530.0,0.139,5208.0,G,0.0034972303337061,0.5981596460907049,0.6354922575895394,0.04793899688379869,0.00016765371406946299,0.635 +/- 0.048
2155,TOI-199 b,TOI-199,9.07927437,476.27,0.4254,5255.0,G,0.5953864353760249,0.6451543764156119,0.6354830506872744,0.07544910083465374,0.044921371198270756,0.635 +/- 0.075
2156,Kepler-759 b,Kepler-759,2.27,533.0,0.2329,5860.0,G,0.0006673479272406,0.6424572648537552,0.6354485827524374,0.019317457200678616,1.2891465022431878e-05,0.635 +/- 0.019
2157,Kepler-925 b,Kepler-925,2.34,394.0,0.1805,4673.0,K,0.0013554217833549,0.6361893146920091,0.635412080661367,0.016384525200031478,2.2207942366049963e-05,0.635 +/- 0.016
2158,KELT-2 A b,KELT-2 A,15.13215,2080.0,0.05497,6327.0,F,0.5803439867067838,0.6630556029203166,0.6353767788421617,0.037960054973470596,0.0220298896389126,0.635 +/- 0.038
2159,Kepler-797 b,Kepler-797,2.17,605.0,0.181,5680.0,G,0.0007369298476994,0.6440321782262624,0.6350367106005861,0.03624241428548109,2.670811683965814e-05,0.635 +/- 0.036
2160,Kepler-1214 b,Kepler-1214,2.36,591.0,0.128,5130.0,K,0.0007881587871237,0.6374973004798847,0.6350025134827166,0.016255242074472244,1.2811711877818182e-05,0.635 +/- 0.016
2161,Kepler-1042 b,Kepler-1042,2.19,574.0,0.0756,4815.0,K,0.0010719128769119,0.6481448872368776,0.6349106972769178,0.029541535772951974,3.1665952598780764e-05,0.635 +/- 0.030
2162,Kepler-761 b,Kepler-761,2.03,767.0,0.0874,5706.0,G,0.0005221488768416,0.639552119811792,0.6349082211325858,0.019752750870161033,1.031387668138652e-05,0.635 +/- 0.020
2163,Kepler-969 b,Kepler-969,2.07,465.0,0.19726,5214.0,G,0.0075029926556913,0.6292709113368586,0.6348382660359416,0.032692781170747434,0.0002452936970182408,0.635 +/- 0.033
2164,K2-138 d,K2-138,2.39,888.0,0.05893,5356.3,G,0.0456942094845885,0.6553693338188968,0.6345380420663108,0.07248447617216493,0.0033121208385915677,0.635 +/- 0.072
2165,Kepler-52 b,Kepler-52,2.1,553.0,0.0637,4075.0,K,0.0136172515792961,0.6407320754418099,0.6341367505531819,0.08029351697570437,0.0010933770208446485,0.634 +/- 0.080
2166,TOI-2010 b,TOI-2010,11.81426566,400.2,0.5516,5929.0,G,0.6047688088101552,0.6732969316495704,0.6336003365767976,0.07389381247249932,0.0446886729474344,0.634 +/- 0.074
2167,Kepler-1086 b,Kepler-1086,2.44,433.0,0.1198,4350.0,K,0.0038330101694919,0.6359714160172937,0.6334659446999402,0.037599673619815664,0.00014411993135432977,0.633 +/- 0.038
2168,Kepler-189 c,Kepler-189,2.38,544.0,0.137,5235.0,G,0.0018947314329196,0.6550136819458175,0.6333648403950085,0.08767551922445381,0.00016612156217211933,0.633 +/- 0.088
2169,Kepler-401 c,Kepler-401,2.15,598.0,0.269,6117.0,F,0.0009446558639482,0.642612712318605,0.6333564219537795,0.026891838287794942,2.5403532730912214e-05,0.633 +/- 0.027
2170,Kepler-1242 b,Kepler-1242,2.26,639.0,0.1039,4895.0,K,0.0009800366888074,0.6386177416223153,0.6333026485723864,0.01704850890226445,1.6708164213678737e-05,0.633 +/- 0.017
2171,Kepler-1030 b,Kepler-1030,2.48,529.0,0.1338,4983.0,K,0.0008789586446131,0.6355946792745735,0.633272883820507,0.03960455768117984,3.481076833995117e-05,0.633 +/- 0.040
2172,Kepler-49 c,Kepler-49,2.444,443.0,0.07821,4095.6,K,0.0147676533707021,0.6584635183608937,0.6330547983230008,0.0778482963936782,0.001149636656641518,0.633 +/- 0.078
2173,Kepler-159 b,Kepler-159,2.38,447.0,0.082,4625.0,K,0.0085567292114485,0.639021261959884,0.632977998848957,0.04227593034358777,0.0003617436881121395,0.633 +/- 0.042
2174,KELT-23 A b,KELT-23 A,14.829507,1561.0,0.03302,5899.0,G,0.5914551554838896,0.6571230935409588,0.6328460086964756,0.05621083302446654,0.03324618698636481,0.633 +/- 0.056
2175,Kepler-263 c,Kepler-263,2.47,386.0,0.242,5265.0,G,0.0008695436269624,0.6267675057276667,0.632737833315625,0.04657834264493846,4.050190100137722e-05,0.633 +/- 0.047
2176,Kepler-98 b,Kepler-98,1.99,1592.0,0.02614,5539.0,G,0.0098971425558124,0.6907331328072919,0.6327091435366615,0.11955422967837925,0.0011832452542772573,0.633 +/- 0.120
2177,Kepler-1188 b,Kepler-1188,2.08,775.0,0.135,5913.0,G,0.0003376463497071,0.6386525845948748,0.6325736914053023,0.015329104333454033,5.175816122470043e-06,0.633 +/- 0.015
2178,Kepler-1304 b,Kepler-1304,2.29,715.0,0.1202,5259.0,G,0.0004288153589818,0.631262113796989,0.6323459500603602,0.030204258731195716,1.2952050050596858e-05,0.632 +/- 0.030
2179,WASP-84 b,WASP-84,10.72,732.0,0.0778,5280.0,G,0.5602058383976416,0.6642294806056533,0.6319738032403888,0.0645302233093968,0.03615020785102767,0.632 +/- 0.065
2180,Kepler-1014 b,Kepler-1014,2.39,614.0,0.121,5388.0,G,0.0012528008289779,0.6348611609547036,0.6319481882193035,0.01235018052129764,1.5472316395108396e-05,0.632 +/- 0.012
2181,Kepler-401 d,Kepler-401,2.27,380.0,0.66886,6184.0,F,0.0011469283516743,0.6536530806753129,0.6317165422456853,0.09164016546817527,0.00010510470392757438,0.632 +/- 0.092
2182,Kepler-1381 b,Kepler-1381,2.25,649.0,0.1728,5747.0,G,0.0003674410508884,0.6344684093182932,0.6317158350916179,0.012664048862541995,4.653291422554477e-06,0.632 +/- 0.013
2183,Kepler-85 b,Kepler-85,1.778,809.0,0.07885,5505.2,G,0.0005402892043232,0.57862221830523,0.6316740034650454,0.13299080983521822,7.185349882816804e-05,0.632 +/- 0.133
2184,Kepler-614 b,Kepler-614,2.39,641.0,0.1027,5268.0,G,0.0025507817596539,0.6336337750601103,0.6315823747053295,0.01142985498809439,2.9155065619120314e-05,0.632 +/- 0.011
2185,Kepler-1034 b,Kepler-1034,2.26,675.0,0.0965,5198.0,K,0.0011062656158993,0.6372625681441418,0.6313685775441464,0.01630427290303634,1.8036856504867764e-05,0.631 +/- 0.016
2186,Kepler-654 b,Kepler-654,2.07,831.0,0.11664,5865.0,G,0.0007384788365546,0.6378314373399174,0.6313416062158426,0.027412035689992318,2.0243208223938697e-05,0.631 +/- 0.027
2187,Kepler-1486 b,Kepler-1486,2.32,538.0,0.2846,5965.0,G,0.0003757959131017,0.636722997585207,0.6312264313001493,0.02779568603020442,1.0445505212008835e-05,0.631 +/- 0.028
2188,Kepler-57 c,Kepler-57,2.196,671.0,0.09588,5187.9,K,0.0009148112650836,0.6348003166480952,0.6311464192793848,0.07819584716130004,7.153444186591273e-05,0.631 +/- 0.078
2189,Kepler-509 b,Kepler-509,2.49,584.0,0.23702,6060.0,F,0.0146536241594674,0.6466978185133954,0.6311099837200496,0.052739757167163163,0.0007728285797891861,0.631 +/- 0.053
2190,Kepler-142 d,Kepler-142,2.16,582.0,0.242,5790.0,G,0.0020040791509292,0.6308074989985669,0.6310124492087863,0.03937578805328568,7.891219588899691e-05,0.631 +/- 0.039
2191,Kepler-345 c,Kepler-345,1.2,575.0,0.077,4504.0,K,0.0229222135291102,0.602945822955388,0.6308977945668187,0.09992886279632904,0.0022905907307386106,0.631 +/- 0.100
2192,Kepler-947 b,Kepler-947,2.28,573.0,0.1773,5508.0,G,0.0003710219130506,0.64075446528514,0.6308006036820818,0.040414151373282664,1.4994535756831868e-05,0.631 +/- 0.040
2193,Kepler-343 c,Kepler-343,2.02,746.0,0.167,5807.0,G,0.0002816360174485,0.634645086236958,0.6307239741903496,0.04318304337253156,1.216190035674563e-05,0.631 +/- 0.043
2194,Kepler-1918 b,Kepler-1918,2.29763023,497.0,0.2524,5889.0,G,0.0006273510092396,0.6426661755267511,0.6305387584226622,0.05474796292922374,3.434618979746072e-05,0.631 +/- 0.055
2195,TOI-1670 b,TOI-1670,2.06,1062.0,0.103,6170.0,F,0.0675771891138228,0.6131103699381719,0.6305079215519309,0.09659761195334715,0.006527795090915009,0.631 +/- 0.097
2196,Kepler-235 d,Kepler-235,2.05,401.0,0.122,4255.0,K,0.005286818404207,0.6205885228430668,0.6304787219613914,0.03102032335053966,0.00016399881639408523,0.630 +/- 0.031
2197,Kepler-1273 b,Kepler-1273,2.49,573.0,0.1857,5566.0,G,0.0004044381370758,0.6304906870068124,0.6304505456070469,0.02417230581612225,9.776202333099008e-06,0.630 +/- 0.024
2198,WASP-18 b,WASP-18,13.89913607,2429.0,0.02024,6432.0,F,0.5909404611318899,0.6737258736808365,0.6304487417624982,0.0800064084747882,0.04727902391759768,0.630 +/- 0.080
2199,K2-247 c,K2-247,2.19,688.0,0.0615,4667.0,K,0.0244565022100516,0.62599840265124,0.6302617916383771,0.04460746068626183,0.0010909424608583523,0.630 +/- 0.045
2200,Kepler-1247 b,Kepler-1247,2.33,676.0,0.1091,5303.0,G,0.000448520619781,0.6318773731299713,0.6301320571758176,0.011769923048313369,5.279053180404189e-06,0.630 +/- 0.012
2201,Kepler-158 b,Kepler-158,2.12,500.0,0.111,4623.0,K,0.0140969190537942,0.5912056400060407,0.6300239015209554,0.042555812173581724,0.0005999058394794513,0.630 +/- 0.043
2202,Kepler-1496 b,Kepler-1496,2.22,535.0,0.3211,6182.0,F,0.0002813368941776,0.6364217687448581,0.6298736929073636,0.041143032059536885,1.1575052856679533e-05,0.630 +/- 0.041
2203,GJ 682 c,GJ 682,2.89,173.8593775779077,0.176,3028.0,M,0.2853496797443083,0.5625399521386586,0.6298451662693791,0.12984107481434876,0.03705010911593119,0.630 +/- 0.130
2204,Kepler-1186 b,Kepler-1186,2.23,724.0,0.1281,5635.0,G,0.0003749816309752,0.6348773941349447,0.6293052355890394,0.014327506552310966,5.372551774793431e-06,0.629 +/- 0.014
2205,KOI-7913 b,KOI-7913 A,2.34,432.0,0.1456,4324.0,K,0.0217248429213953,0.6267762216426465,0.6291726319119197,0.043929795159388954,0.0009543678994067967,0.629 +/- 0.044
2206,Kepler-672 b,Kepler-672,2.5,529.0,0.2163,5627.0,G,0.0006426401240865,0.6320819459030159,0.6291680923224244,0.02688211728788751,1.7275527189595875e-05,0.629 +/- 0.027
2207,Kepler-85 e,Kepler-85,1.27,559.0,0.163,5436.0,G,0.0003385258810095,0.5895818152387452,0.6290919208932816,0.10524945123727901,3.562966320586629e-05,0.629 +/- 0.105
2208,Kepler-1422 b,Kepler-1422,2.02,833.0,0.1499,6194.0,F,0.000161299174261,0.6273215933473446,0.6290322293011725,0.03649317641590172,5.886319222045947e-06,0.629 +/- 0.036
2209,Kepler-310 d,Kepler-310,2.47,353.0,0.392,5797.0,G,0.0018553476670606,0.6475430506294886,0.628835224930024,0.09279882627349623,0.00017217408583249314,0.629 +/- 0.093
2210,Kepler-1529 b,Kepler-1529,2.1,817.0,0.0525,5048.0,K,0.0009201256324574,0.6375689836365893,0.6288177088635071,0.026421451451593154,2.431105472733964e-05,0.629 +/- 0.026
2211,Kepler-300 c,Kepler-300,2.25,516.0,0.232,5986.0,G,0.0010077009106273,0.6446180152178856,0.6288099596503107,0.028888759894534752,2.911122965261609e-05,0.629 +/- 0.029
2212,Kepler-1192 b,Kepler-1192,2.36,600.0,0.1693,5438.0,G,0.0004484256677477,0.6287289756795016,0.6287004831814033,0.014398461662330364,6.4566397854701515e-06,0.629 +/- 0.014
2213,Kepler-245 c,Kepler-245,2.18,568.0,0.124,5100.0,K,0.0006136660906369,0.6500227177578723,0.6286610901730351,0.07012954596235726,4.303612430886058e-05,0.629 +/- 0.070
2214,Kepler-1161 b,Kepler-1161,2.13,485.0,0.0784,4253.0,K,0.0021511419715446,0.6244604945536238,0.6286496721154095,0.020434089815754657,4.395662825298191e-05,0.629 +/- 0.020
2215,Kepler-594 b,Kepler-594,2.18,678.0,0.1089,5485.0,G,0.0007612063689791,0.639840300714803,0.628587415066935,0.025337172805239512,1.9286817311272366e-05,0.629 +/- 0.025
2216,HD 94834 b,HD 94834,13.7,262.00786274377015,2.74,4798.0,K,0.1124123126552335,0.5763502008040766,0.6284146152828411,0.195142506319232,0.021936420432683387,0.628 +/- 0.195
2217,Kepler-1958 b,Kepler-1958,2.05124311,806.0,0.0856,5749.0,G,0.0002071438039622,0.6380876615665689,0.6282844042569583,0.02960550857982274,6.132597665460032e-06,0.628 +/- 0.030
2218,Kepler-1021 b,Kepler-1021,2.33,634.0,0.1034,5431.0,G,0.0006818933288189,0.6356676186002066,0.6282175805554433,0.0334795282556441,2.2829466969527575e-05,0.628 +/- 0.033
2219,Kepler-967 b,Kepler-967,2.35,638.0,0.1027,5178.0,K,0.0022007631785673,0.634132640479527,0.6280825608678128,0.03612352022464966,7.949931319064014e-05,0.628 +/- 0.036
2220,Kepler-1208 b,Kepler-1208,2.32,665.0,0.0901,5001.0,K,0.0004970012072391,0.6336336224304026,0.6280572462555475,0.02719620011115652,1.3516544287560935e-05,0.628 +/- 0.027
2221,HIP 38594 b,HIP 38594,2.77,281.98507211226183,0.256,4086.3,K,0.2511113521091113,0.6789925822153008,0.6278878725324525,0.08250529787907478,0.02071801690657946,0.628 +/- 0.083
2222,Kepler-110 c,Kepler-110,2.21,743.0,0.198,5960.0,G,0.0021376068189912,0.630215191642204,0.6278764129443333,0.0395661601747843,8.457689379091698e-05,0.628 +/- 0.040
2223,K2-57 b,K2-57,2.30905002,635.8,0.0752,4413.0,K,0.0232643208794957,0.6172925122091552,0.6278484040828122,0.041219465560026154,0.0009589428732697704,0.628 +/- 0.041
2224,HD 69830 d,HD 69830,4.45,281.81816615963874,0.63,5385.0,G,0.2645926503013533,0.6446760594880521,0.6278089181783376,0.15276377723970555,0.040420172689899246,0.628 +/- 0.153
2225,K2-59 b,K2-59,2.41,518.0542409463914,0.1354,5055.0,K,0.0151392597412868,0.6176613900854498,0.6275631258578483,0.01982076439392907,0.00030007170043054127,0.628 +/- 0.020
2226,Kepler-280 c,Kepler-280,2.01,1088.0,0.056,5744.0,G,0.0004572751491953,0.6204218224823399,0.6275126505098494,0.05243366585208705,2.3976612375369613e-05,0.628 +/- 0.052
2227,Kepler-1334 b,Kepler-1334,2.29,710.0,0.1229,5614.0,G,0.0004366753872581,0.6304149679101905,0.6274251213011552,0.010285727832654225,4.491524184555702e-06,0.627 +/- 0.010
2228,Kepler-613 b,Kepler-613,2.29,713.0,0.1232,5723.0,G,0.0006193123522894,0.6306599526181198,0.6271536855337095,0.011029448725193017,6.830673834454612e-06,0.627 +/- 0.011
2229,Kepler-587 b,Kepler-587,2.23,764.0,0.0952,5549.0,G,0.000535330733577,0.6317651141092733,0.6271192164475557,0.015772305118418834,8.443399669243427e-06,0.627 +/- 0.016
2230,Kepler-163 c,Kepler-163,2.26,648.0,0.152,5776.0,G,0.0010742853500834,0.633158045592472,0.6269671741437541,0.029853623099657077,3.2071309942872974e-05,0.627 +/- 0.030
2231,Kepler-1802 c,Kepler-1802,2.322,357.0,0.1748,4245.0,K,0.0012667080382351,0.5962246954809107,0.6267499761967797,0.045469148317360736,5.759613566530482e-05,0.627 +/- 0.045
2232,Kepler-1109 b,Kepler-1109,2.19,787.0,0.2466,5893.0,G,0.0010073961037395,0.6281318614092912,0.626742195774238,0.019466815139902862,1.9610793724155256e-05,0.627 +/- 0.019
2233,Kepler-989 b,Kepler-989,2.21,805.0,0.0734,5074.0,K,0.0029593414789352,0.6346156392354692,0.6265711663063719,0.0228406105328328,6.759316615401633e-05,0.627 +/- 0.023
2234,Kepler-651 b,Kepler-651,2.37,574.0,0.14078,5522.0,G,0.0030099773915319,0.6343814129681213,0.6264917581614016,0.022326705474321754,6.720287870509999e-05,0.626 +/- 0.022
2235,Kepler-926 b,Kepler-926,2.31,524.0,0.2739,5806.0,G,0.0006567587822037,0.6456402495566944,0.62640037110932,0.03262945376083135,2.142968031593554e-05,0.626 +/- 0.033
2236,Kepler-306 d,Kepler-306,2.47,535.0,0.12,4954.0,K,0.0007563318395421,0.6136366812171639,0.6261993031628986,0.03993223246634358,3.0202018838292407e-05,0.626 +/- 0.040
2237,Kepler-1160 b,Kepler-1160,2.14,839.0,0.0755,5519.0,G,0.0002818021223217,0.6327567082451022,0.6261771549361776,0.02101083281923587,5.920897280207096e-06,0.626 +/- 0.021
2238,Kepler-986 b,Kepler-986,2.36,465.0,0.29131,5642.0,G,0.0024837732029895,0.6466873173929184,0.6261167830316686,0.05062297877948781,0.00012573599814799793,0.626 +/- 0.051
2239,HD 180617 b,HD 180617,3.53,184.58514218451316,0.343,3534.0,M,0.2827820825388594,0.9817830595849432,0.625978664933919,0.1449830177764119,0.04099859969958223,0.626 +/- 0.145
2240,WASP-77 A b,WASP-77 A,13.56,1674.0,0.023233633,5617.0,G,0.611666050959503,0.675533982867584,0.6259737338557059,0.08350784355990029,0.051078912894428175,0.626 +/- 0.084
2241,Kepler-82 d,Kepler-82,1.77,1253.0,0.034,5428.0,G,0.000291096959854,0.6252518464380401,0.6258235707385281,0.12555780913773204,3.654949652592258e-05,0.626 +/- 0.126
2242,Kepler-933 b,Kepler-933,2.46,602.0,0.1041,5346.0,G,0.0006051029268769,0.630620097182939,0.625815981879043,0.02443391773568985,1.4785035136935326e-05,0.626 +/- 0.024
2243,Kepler-813 b,Kepler-813,2.14,817.0,0.1439,5743.0,G,0.0005232576300993,0.625704151830416,0.6254931175794917,0.016179543319163697,8.466069493274557e-06,0.625 +/- 0.016
2244,Kepler-906 b,Kepler-906,2.11,537.0,0.22363,6035.0,F,0.0009021456113678,0.6267053435625415,0.625482640538519,0.020463787050471707,1.8461315679548265e-05,0.625 +/- 0.020
2245,Kepler-1255 b,Kepler-1255,2.32,694.0,0.2226,6018.0,F,0.0003536886566029,0.6242473003923479,0.6254573951295818,0.02309757690108008,8.169350944925187e-06,0.625 +/- 0.023
2246,Kepler-846 b,Kepler-846,2.48,624.0,0.1399,5579.0,G,0.0003887229118437,0.6260484194459047,0.6254438519577938,0.012988649543996133,5.048985671659522e-06,0.625 +/- 0.013
2247,Kepler-738 b,Kepler-738,2.5,530.0,0.1552,5327.0,G,0.0006108927645823,0.6324742406140074,0.6252514216631412,0.04006728729646375,2.4476815905850007e-05,0.625 +/- 0.040
2248,Kepler-499 b,Kepler-499,2.17,844.0,0.0598,5312.0,G,0.001917982648658,0.6326391748027876,0.6252016661532693,0.026791407374180815,5.138545447680679e-05,0.625 +/- 0.027
2249,Kepler-19 b,Kepler-19,2.209,851.0,0.0846,5541.0,G,0.0395290219257953,0.5942105774528531,0.6251818773106367,0.08625470387814849,0.0034095640808023122,0.625 +/- 0.086
2250,WD 1856+534 b,WD 1856+534,10.4,163.0,0.0204,4710.0,K,0.4436825257181971,0.5809076402623481,0.6251654079643877,0.21802624737404347,0.09673443610777605,0.625 +/- 0.218
2251,Kepler-1195 b,Kepler-1195,2.08,702.0,0.0726,4965.0,K,0.0005024726703816,0.6289780349978522,0.6251064244431943,0.0352170628991983,1.769561163795694e-05,0.625 +/- 0.035
2252,Kepler-496 b,Kepler-496,2.32,747.0,0.0747,5293.0,G,0.0015367632186739,0.6284184837411829,0.6250872932671037,0.01695172300748343,2.6050784411048637e-05,0.625 +/- 0.017
2253,Kepler-971 b,Kepler-971,2.13,1087.0,0.08679,5431.0,G,0.0118797840837202,0.6313952269065755,0.6250737417284524,0.03101907251443347,0.0003684998839487295,0.625 +/- 0.031
2254,Kepler-845 b,Kepler-845,2.04,1361.0,0.01668,4913.0,K,0.0045140586563961,0.6168230637827196,0.6249004283745188,0.042742853027704406,0.00019294374570877533,0.625 +/- 0.043
2255,Kepler-659 b,Kepler-659,2.5,513.0,0.1204,4870.0,K,0.0009086055222355,0.6254089395989034,0.6247265567075488,0.04476497287691166,4.067370155868431e-05,0.625 +/- 0.045
2256,Kepler-751 b,Kepler-751,2.46,679.0,0.1263,5387.0,G,0.0009546462641252,0.6229240027380467,0.6244761744487438,0.015561881122271462,1.4856091676136925e-05,0.624 +/- 0.016
2257,Kepler-1105 b,Kepler-1105,2.01,729.0,0.0471,4299.0,K,0.0132119163749022,0.6078718419566306,0.6244424566025043,0.04926236121657856,0.0006508501968236613,0.624 +/- 0.049
2258,Kepler-195 b,Kepler-195,2.03,751.0,0.077,5329.0,G,0.0012135722283147,0.621619053981426,0.624246065956087,0.02746393076474367,3.332946365645062e-05,0.624 +/- 0.027
2259,HD 224018 d,HD 224018,2.4,411.0,0.53,5784.0,G,0.1044786218267914,0.6730808343509581,0.6241456484911164,0.19077367812612667,0.019931770971445616,0.624 +/- 0.191
2260,Kepler-964 b,Kepler-964,2.12,652.0,0.1073,5427.0,G,0.0044657672765461,0.6234766008298808,0.6239900647615695,0.019133483546148668,8.544568470672396e-05,0.624 +/- 0.019
2261,Kepler-1272 b,Kepler-1272,2.37,542.0,0.2705,5926.0,G,0.0005515944394049,0.6363618443792295,0.6239894021249811,0.03186992937658026,1.7579275828348543e-05,0.624 +/- 0.032
2262,Kepler-1396 b,Kepler-1396,2.07,786.0,0.1406,6195.0,F,0.0002368254095908,0.623081065155064,0.62395091952139,0.022434815070915236,5.313134268263353e-06,0.624 +/- 0.022
2263,Kepler-80 f,Kepler-80,1.21,1054.0,0.0175,4540.0,K,0.0078911968007639,0.5739655263754224,0.6239489544773927,0.1060764281699316,0.0008370699706110258,0.624 +/- 0.106
2264,Kepler-1374 b,Kepler-1374,2.29,737.0,0.0918,5323.0,G,0.0004728592671488,0.6249478194840298,0.6237745539200493,0.011024657513848088,5.213111472564718e-06,0.624 +/- 0.011
2265,Kepler-1432 b,Kepler-1432,2.22,709.0,0.1696,6031.0,F,0.0002140629847409,0.6280487487839157,0.6235141110735627,0.023722028211994216,5.078008163167317e-06,0.624 +/- 0.024
2266,Kepler-292 d,Kepler-292,2.23,808.0,0.068,5299.0,G,0.0004197841675197,0.6285097352480276,0.6234287408395521,0.01923368435428978,8.073996175002214e-06,0.623 +/- 0.019
2267,WASP-107 b,WASP-107,10.53646,736.0,0.055,4425.0,K,0.6660392073058686,0.6692415122877445,0.6232405469545169,0.1153543377322147,0.07683051166245773,0.623 +/- 0.115
2268,Kepler-411 b,Kepler-411,2.401,1138.0,0.0375,4974.0,K,0.069326681011063,0.6146240200307734,0.6232259604064306,0.08868625065952926,0.006148323409540361,0.623 +/- 0.089
2269,Kepler-1388 c,Kepler-1388,2.26,566.0,0.0519,4098.0,K,0.0039549366105382,0.6499267283286722,0.6231849659866827,0.04427113764456185,0.00017508954306065354,0.623 +/- 0.044
2270,K2-180 b,K2-180,2.46597575,797.5,0.0756,5365.0,G,0.044325858501326,0.6095964054163024,0.623127560336798,0.06561916512803415,0.002908625828440387,0.623 +/- 0.066
2271,Kepler-365 b,Kepler-365,2.04,865.0,0.098,6012.0,F,0.0002948753201474,0.620370213238926,0.6231107231555894,0.032030723712850984,9.445069909379852e-06,0.623 +/- 0.032
2272,WASP-85 A b,WASP-85 A,13.89916,1452.0,0.039,6112.0,F,0.5785661652877646,0.6657856615192898,0.6230925917156491,0.05430895794345225,0.031421325538117655,0.623 +/- 0.054
2273,Kepler-930 b,Kepler-930,2.13,561.0,0.34593,6335.0,F,0.0005360160803877,0.6322780102113682,0.623023423009847,0.06690836424712157,3.586395914889463e-05,0.623 +/- 0.067
2274,Kepler-1176 b,Kepler-1176,2.45,595.0,0.1589,5844.0,G,0.0004887495469386,0.6261464944655377,0.6227017472821039,0.025133601425565137,1.2284036309680312e-05,0.623 +/- 0.025
2275,Kepler-1705 b,Kepler-1705,2.03,789.0,0.08,6312.0,F,0.0001497020756367,0.6058934055518174,0.6224771377053927,0.055952861013111754,8.376259431474618e-06,0.622 +/- 0.056
2276,Kepler-114 c,Kepler-114,1.6,507.0,0.06482,4660.0,K,0.0238442685752677,0.593497312134738,0.6223038741246005,0.10559653323181754,0.0025178720989966386,0.622 +/- 0.106
2277,Kepler-397 b,Kepler-397,2.46,539.0,0.144,5307.0,G,0.0003369838306689,0.6197795474374749,0.6220444233360567,0.028770614883104523,9.695232014008228e-06,0.622 +/- 0.029
2278,TOI-201 b,TOI-201,11.4,759.0,0.303,6423.0,F,0.598432897845505,0.6236162282788243,0.6220033773048042,0.04745015513701252,0.028395733841861177,0.622 +/- 0.047
2279,HD 103949 b,HD 103949,3.35,276.8339429991837,0.439,4792.0,K,0.2301624754791474,0.6670626229099855,0.621683166009079,0.13583226635787224,0.03126349067487079,0.622 +/- 0.136
2280,Kepler-649 b,Kepler-649,2.26,564.0,0.17522,5871.0,G,0.0032202294078827,0.6272774826158686,0.6216608875977816,0.021458828078789346,6.910234923801648e-05,0.622 +/- 0.021
2281,K2-220 b,K2-220,2.37,761.0,0.1104,5612.0,G,0.0339459452264195,0.6222918004488146,0.6216100938743463,0.03769528941447282,0.001279602229757725,0.622 +/- 0.038
2282,Kepler-237 c,Kepler-237,2.08,687.0,0.071,4861.0,K,0.0011545590234148,0.6216222073892596,0.6215584119915274,0.014869644191465152,1.716788187622356e-05,0.622 +/- 0.015
2283,Kepler-200 b,Kepler-200,2.13,854.0,0.08,5678.0,G,0.0008855656292741,0.6268119669078537,0.6212897913348427,0.025735432406333688,2.279041439355596e-05,0.621 +/- 0.026
2284,TOI-257 b,TOI-257,7.16253867,1027.0,0.1528,6095.0,F,0.6394767765588697,0.6819684082193049,0.6212479108076961,0.08764242541438845,0.05604529569379429,0.621 +/- 0.088
2285,Kepler-1997 b,Kepler-1997,2.28,660.0,0.1815,6215.0,F,0.000344659398702,0.6366383359396801,0.6211268619254194,0.04749213049514411,1.6368609139533285e-05,0.621 +/- 0.047
2286,K2-247 b,K2-247,2.12,979.0,0.0304,4667.0,K,0.0240995672413087,0.6115445450210159,0.6209988932558338,0.03915477611249081,0.0009436131597413599,0.621 +/- 0.039
2287,Kepler-1782 b,Kepler-1782,2.22927435,773.0,0.05825,4931.0,K,0.0150605252955464,0.6352359054443438,0.620994008816061,0.04382204598801373,0.0006599830321050784,0.621 +/- 0.044
2288,Kepler-121 c,Kepler-121,2.27,425.0,0.216,5311.0,G,0.002974360995808,0.6135939325157206,0.6208305658995814,0.03115134144718072,9.265533496759147e-05,0.621 +/- 0.031
2289,Kepler-1951 b,Kepler-1951,2.32107188,728.0,0.1435,5468.0,G,0.0002029000472462,0.623864566244638,0.6208013861146818,0.04906163748829057,9.954608564350095e-06,0.621 +/- 0.049
2290,Kepler-24 b,Kepler-24,2.348,1050.0,0.08045,6028.0,F,0.0004663242194189,0.63017411929547,0.6207703146461604,0.07126203927215488,3.323121483778662e-05,0.621 +/- 0.071
2291,K2-59 c,K2-59,2.3,633.6658112774971,0.0905,5055.0,K,0.0147731094349316,0.6139778078685408,0.6203249885270372,0.02192909788502252,0.0003239609628647648,0.620 +/- 0.022
2292,Kepler-621 b,Kepler-621,2.3,737.0,0.031,4521.0,K,0.0070586772487775,0.6311535504958763,0.6202476557271691,0.018433267872908405,0.00013011448855511978,0.620 +/- 0.018
2293,Kepler-758 d,Kepler-758,2.12,843.0,0.1527,6228.0,F,0.0003198777975822,0.6254176576799647,0.6202238805350287,0.03323802531717729,1.0632106334440076e-05,0.620 +/- 0.033
2294,Kepler-245 e,Kepler-245,1.75,998.0,0.04053,5174.0,K,0.0003723519173852,0.5766244044231486,0.6202096091741149,0.09228684134901617,3.436318232572993e-05,0.620 +/- 0.092
2295,HD 25463 b,HD 25463,2.54535814,1198.46,0.076,6353.0,F,0.3859902952985352,0.5766553419800109,0.6200094611419567,0.13572085240037135,0.052386931896188246,0.620 +/- 0.136
2296,Kepler-832 b,Kepler-832,2.06,965.0,0.075,5596.0,G,0.000296918860545,0.6266228309314275,0.6200017835950787,0.033945592274611976,1.0079086578702943e-05,0.620 +/- 0.034
2297,Kepler-1858 b,Kepler-1858,2.42168247,330.0,0.3575,4939.0,K,0.0008431823950012,0.6090900949997718,0.6198495706419996,0.057043586607792914,4.8098147975417204e-05,0.620 +/- 0.057
2298,Kepler-1286 b,Kepler-1286,2.15,888.0,0.0991,5753.0,G,0.0003504662869513,0.6259079494220556,0.619782923008009,0.019855792752552327,6.958785960461546e-06,0.620 +/- 0.020
2299,Kepler-379 c,Kepler-379,2.29,530.0,0.326,6054.0,F,0.0010065928515389,0.6208104805871042,0.6195494243153444,0.037450181526378246,3.769708501328652e-05,0.620 +/- 0.037
2300,Kepler-626 b,Kepler-626,2.29,784.0,0.10913,5813.0,G,0.0011762168308067,0.6277812423647897,0.6194102322163109,0.014424450471016337,1.6966281419147046e-05,0.619 +/- 0.014
2301,Kepler-765 b,Kepler-765,2.43,641.0,0.1754,5901.0,G,0.0005819420727638,0.6226549341933569,0.6193717653458302,0.030777488888966444,1.7910715678509958e-05,0.619 +/- 0.031
2302,Kepler-405 b,Kepler-405,2.08,785.0,0.095,5818.0,G,0.0003410881714114,0.6137810438039861,0.6191933106625105,0.03237392518446225,1.10423629425777e-05,0.619 +/- 0.032
2303,Kepler-1861 b,Kepler-1861,2.20677414,617.0,0.24082,5855.0,G,0.0005663155132562,0.6263551676013968,0.6190266251466322,0.04454487615922778,2.5226454405046948e-05,0.619 +/- 0.045
2304,Kepler-191 d,Kepler-191,2.28,857.0,0.06104,5215.0,G,0.0015358704325856,0.623815738559665,0.6188691819990105,0.020213332871595213,3.104506030149367e-05,0.619 +/- 0.020
2305,Kepler-544 b,Kepler-544,2.12,748.0,0.15482,6206.0,F,0.0007931656202235,0.6216381158902053,0.6188426732822226,0.02452404637322689,1.9451630452010385e-05,0.619 +/- 0.025
2306,Kepler-1823 b,Kepler-1823,2.0861268,718.0,0.15332,6000.0,F,0.0005443219668745,0.615704172201686,0.6185105544225723,0.03208687972832858,1.7465593484589333e-05,0.619 +/- 0.032
2307,Kepler-194 d,Kepler-194,2.4,562.0,0.275,6089.0,F,0.0005917738188766,0.6174953366738709,0.6185032728594123,0.03169394255738764,1.8755645422440878e-05,0.619 +/- 0.032
2308,TOI-2076 c,TOI-2076,3.54,581.0,0.1407,5187.0,K,0.5227601369786801,0.6383022904621652,0.6184493349390393,0.10926876861699342,0.057121356449711176,0.618 +/- 0.109
2309,Kepler-1754 b,Kepler-1754,2.43996509,672.0,0.0718,4723.0,K,0.0007614191261143,0.6250816262126905,0.6182329202228157,0.03278995430463448,2.4966898351962618e-05,0.618 +/- 0.033
2310,Kepler-184 d,Kepler-184,2.49,559.0,0.179,5788.0,G,0.0015164849455998,0.6097467052854477,0.6182060855347641,0.036768261227527875,5.5758514627426845e-05,0.618 +/- 0.037
2311,Kepler-1760 b,Kepler-1760,2.28995546,480.0,0.2084,5229.0,G,0.0084867183894992,0.6146057129055575,0.618067725833612,0.052290811127547035,0.0004437773883979828,0.618 +/- 0.052
2312,Kepler-239 b,Kepler-239,2.33,616.0,0.095,4914.0,K,0.0013216122845804,0.6195998679592567,0.6178385194190426,0.02320866641956905,3.067285864883107e-05,0.618 +/- 0.023
2313,Kepler-597 b,Kepler-597,2.37,743.0,0.10916,5683.0,G,0.0013100877691343,0.624417025528743,0.6177801414435518,0.03118806783922629,4.085910621910118e-05,0.618 +/- 0.031
2314,K2-189 c,K2-189,2.31,877.0,0.068,5442.0,G,0.0311401958381006,0.6137614629048518,0.6177316235532914,0.03275888874968229,0.0010201182111036569,0.618 +/- 0.033
2315,K2-42 b,K2-42,2.15,656.8271198460895,0.0617,4613.0,K,0.0070255366955727,0.6120012862578639,0.617632756593717,0.023773883855973302,0.00016702429342642383,0.618 +/- 0.024
2316,Kepler-556 b,Kepler-556,2.24,766.0,0.09833,5740.0,G,0.001046814889753,0.629636881372448,0.6175925161654443,0.022594292415869736,2.3652041724365723e-05,0.618 +/- 0.023
2317,Kepler-261 b,Kepler-261,2.18,672.0,0.088,5098.0,K,0.0145767523212221,0.6106374507861776,0.6175484000149977,0.02827849343378126,0.00041220859480153486,0.618 +/- 0.028
2318,Kepler-1655 b,Kepler-1655,2.213,938.0,0.1029,6148.0,F,0.0399065055467157,0.607813247072052,0.6174666425202175,0.04585853674659276,0.0018300539510421698,0.617 +/- 0.046
2319,Kepler-270 b,Kepler-270,2.01,984.0,0.107,6067.0,F,0.0003154238410591,0.6091378214950582,0.6174437314590263,0.03689285664471307,1.1636886550518136e-05,0.617 +/- 0.037
2320,Kepler-1491 c,Kepler-1491,2.44,530.0,0.3045,5626.0,G,0.0002530188297934,0.632574047589034,0.6174208725567062,0.0636295984173492,1.6099486531781673e-05,0.617 +/- 0.064
2321,Kepler-829 b,Kepler-829,2.11,857.0,0.0678,5698.0,G,0.0003618205879537,0.6335926570887385,0.617148623306976,0.022428057229564754,8.114932853460352e-06,0.617 +/- 0.022
2322,Kepler-602 b,Kepler-602,2.09,852.0,0.1224,6062.0,F,0.0004256687704888,0.6230092476209802,0.6169804032623729,0.02456454981880207,1.0456361718980351e-05,0.617 +/- 0.025
2323,Kepler-1170 b,Kepler-1170,2.41,705.0,0.088,5069.0,K,0.0006235576940733,0.6236487305334629,0.6168495716768395,0.044064873822922304,2.747699111065235e-05,0.617 +/- 0.044
2324,Kepler-224 d,Kepler-224,2.3,610.0,0.089,5018.0,K,0.0010418850619647,0.6163282985901396,0.6167295085391739,0.06763892029649657,7.047198066434073e-05,0.617 +/- 0.068
2325,Kepler-201 b,Kepler-201,2.46,683.0,0.175,6065.0,F,0.0018488139132629,0.6219071922508156,0.6166707005551391,0.03165180737262603,5.851830185042824e-05,0.617 +/- 0.032
2326,Kepler-1879 b,Kepler-1879,2.06512018,987.0,0.0957,5865.0,G,0.0008715892826456,0.6039039331089437,0.6164441877384406,0.05205252385585138,4.5368421927414485e-05,0.616 +/- 0.052
2327,Kepler-960 b,Kepler-960,2.29,1391.0,0.03807,4755.0,K,0.0185602652076034,0.6109409899916937,0.6163976727861886,0.0539355491395396,0.0010010580961475803,0.616 +/- 0.054
2328,Kepler-1312 b,Kepler-1312,2.1,978.0,0.06053,5719.0,G,0.0172421698179356,0.6192146916005307,0.6162120619106373,0.02302523377170947,0.00039700499078948047,0.616 +/- 0.023
2329,Kepler-865 b,Kepler-865,2.49,694.0,0.1057,5570.0,G,0.0018159132201231,0.6209547554094169,0.6159175345157647,0.04024194561733744,7.30758810499979e-05,0.616 +/- 0.040
2330,K2-64 b,K2-64,2.07,802.3904836041088,0.0619,5312.0,G,0.0035724386417556,0.6025991668093684,0.6158686957511577,0.04362140024421378,0.00015583477583991647,0.616 +/- 0.044
2331,Kepler-745 b,Kepler-745,2.16,931.0,0.0915,5849.0,G,0.0003435663633223,0.6210781508951952,0.6157703628108969,0.013516136025530283,4.643689700460965e-06,0.616 +/- 0.014
2332,Kepler-1103 b,Kepler-1103,2.27,736.0,0.15336,6092.0,F,0.0004742917099424,0.6207749913814132,0.6156324854516384,0.019426140694661382,9.213657487652589e-06,0.616 +/- 0.019
2333,Kepler-1307 b,Kepler-1307,2.47,768.0,0.1369,5884.0,G,0.0003702463396364,0.6139591956150512,0.6150202678261462,0.014123500781302332,5.229174467129025e-06,0.615 +/- 0.014
2334,Kepler-1742 b,Kepler-1742,2.1782413,462.0,0.2587,5776.0,G,0.0009240795427624,0.6063611504604551,0.6149741065375791,0.026315366571659147,2.431749190916373e-05,0.615 +/- 0.026
2335,Kepler-1071 b,Kepler-1071,2.38,814.0,0.0629,5215.0,G,0.0004739172227271,0.6178812454605145,0.614954859466619,0.016955304786922067,8.03541095510961e-06,0.615 +/- 0.017
2336,Kepler-183 b,Kepler-183,2.06,1088.0,0.064,5888.0,G,0.0003712041608732,0.6182029000370458,0.6148729587718378,0.014771147621260302,5.4831114578840945e-06,0.615 +/- 0.015
2337,Kepler-214 c,Kepler-214,2.13,619.0,0.194,6169.0,F,0.0004916147265507,0.61666881042031,0.6148609795207006,0.04749562860275857,2.3349550467898758e-05,0.615 +/- 0.047
2338,Kepler-363 d,Kepler-363,2.05,905.0,0.107,5593.0,G,0.0007564047616459,0.5964938218246858,0.6146136633118474,0.044063300307965715,3.332969016677852e-05,0.615 +/- 0.044
2339,Kepler-1817 b,Kepler-1817,2.27349126,463.0,0.2348,5316.0,G,0.0008606693341013,0.6007348572643222,0.6145781681650545,0.06371589930604594,5.483832062740005e-05,0.615 +/- 0.064
2340,GJ 896 A b,GJ 896 A,13.3,115.89195716216904,0.63965,3345.0,M,0.2817951179112896,0.5380189060375491,0.6141200765815746,0.16127488686520955,0.04544647576031161,0.614 +/- 0.161
2341,Kepler-1212 b,Kepler-1212,2.14,795.0,0.1082,6051.0,F,0.0002836219526721,0.6246924880413836,0.6139921504455209,0.022789898916273945,6.4637156318333924e-06,0.614 +/- 0.023
2342,Kepler-364 c,Kepler-364,2.15,568.0,0.312,6108.0,F,0.0006637242187109,0.6077358122837129,0.6139369934244283,0.031375514481356816,2.082468883579108e-05,0.614 +/- 0.031
2343,Kepler-244 c,Kepler-244,2.05,791.0,0.087,5554.0,G,0.0003177885814312,0.6182374888737917,0.6139091450679528,0.03842917613254399,1.2212353368730884e-05,0.614 +/- 0.038
2344,Kepler-1407 b,Kepler-1407,2.25,826.0,0.1502,6010.0,F,0.0003903333157147,0.6157967583959175,0.6138462699057485,0.030646833074019258,1.196247996993687e-05,0.614 +/- 0.031
2345,Kepler-1526 b,Kepler-1526,2.43,787.0,0.0418,4601.0,K,0.0017343108762133,0.618903225713702,0.6138327036639314,0.02169854687464086,3.763202584271375e-05,0.614 +/- 0.022
2346,Kepler-169 e,Kepler-169,2.2,595.0,0.105,4997.0,K,0.0061936200627411,0.6042796648027746,0.6135146604689524,0.024138000044799383,0.00014950160135191503,0.614 +/- 0.024
2347,Kepler-290 b,Kepler-290,2.25,594.0,0.11,5147.0,K,0.000844009180415,0.6026316191213973,0.613313066951273,0.020047196185121696,1.692001762182328e-05,0.613 +/- 0.020
2348,Kepler-122 d,Kepler-122,2.2,747.0,0.155,6050.0,F,0.0004625860359798,0.6078050420654434,0.6131561184433436,0.0170574029090605,7.890516395812605e-06,0.613 +/- 0.017
2349,TOI-4438 b,TOI-4438,2.52,435.0,0.0534,3422.0,M,0.2883438976857769,0.5615888014019983,0.6130094298478271,0.09858636786881317,0.028426777569977427,0.613 +/- 0.099
2350,K2-16 b,K2-16,2.02,658.0,0.0667,4742.0,K,0.0119905808438247,0.598722968094542,0.6128599911977116,0.038022031622665556,0.00045590624401803056,0.613 +/- 0.038
2351,Kepler-1159 b,Kepler-1159,2.37,677.0,0.1603,6217.0,F,0.0003046817282872,0.6126089382855721,0.6127849607961651,0.020880764809401584,6.36198751008702e-06,0.613 +/- 0.021
2352,Kepler-166 b,Kepler-166,2.27,772.0,0.072,5413.0,G,0.0016988732672522,0.6289570962474086,0.6127009748842716,0.03486020977131549,5.922307847129181e-05,0.613 +/- 0.035
2353,Kepler-770 b,Kepler-770,2.3,1171.0,0.1694,5598.0,G,0.0007173556754643,0.6052487754851708,0.6127005461422708,0.02574439955367273,1.8467891131247723e-05,0.613 +/- 0.026
2354,Kepler-136 b,Kepler-136,2.05,951.0,0.106,6165.0,F,0.006207140872822,0.6047832680467619,0.6126786476286497,0.07350574433809828,0.00045626051006821417,0.613 +/- 0.074
2355,Kepler-154 b,Kepler-154,2.26,561.0,0.198,5690.0,G,0.0006320736336562,0.6073008791281695,0.6124983415103696,0.03424532275785945,2.1645565591289583e-05,0.612 +/- 0.034
2356,Kepler-1849 b,Kepler-1849,2.38685349,355.0,0.2597,4806.0,K,0.0011624459577188,0.5927226859062715,0.6124598006991763,0.03748513464951874,4.357444324787798e-05,0.612 +/- 0.037
2357,Kepler-84 c,Kepler-84,2.36,865.0,0.1072,6039.0,F,0.000516793608543,0.6372908443653005,0.612342791681695,0.06835987590051185,3.532794694617718e-05,0.612 +/- 0.068
2358,Kepler-319 d,Kepler-319,2.29,528.0,0.191,5526.0,G,0.0030901058657055,0.6099875140270566,0.6122788772306197,0.025580463365803163,7.904633989413301e-05,0.612 +/- 0.026
2359,Kepler-1249 b,Kepler-1249,2.38,647.0,0.167,6202.0,F,0.0002663823695616,0.6151958129343056,0.6122287381565851,0.03188072349744739,8.492462668588215e-06,0.612 +/- 0.032
2360,Kepler-304 c,Kepler-304,2.17,746.0,0.054,4731.0,K,0.0047299495858691,0.6166096974241807,0.6121400441177173,0.027659172306551755,0.00013082649059685655,0.612 +/- 0.028
2361,Kepler-147 c,Kepler-147,2.43,689.0,0.216,6012.0,F,0.0005928222463334,0.6217777063795723,0.6120515204715405,0.04440599339879434,2.6324860757339392e-05,0.612 +/- 0.044
2362,Kepler-861 b,Kepler-861,2.28,966.0,0.0463,5047.0,K,0.0005381216472518,0.6161347406749959,0.6120120409165107,0.027108623230051154,1.4587736987283539e-05,0.612 +/- 0.027
2363,Kepler-1985 b,Kepler-1985,2.27,1129.0,0.0426,5370.0,G,0.0082140595220797,0.6127551665678702,0.6117419855276656,0.037321902056969496,0.00030656432497317625,0.612 +/- 0.037
2364,K2-224 c,K2-224,2.41,764.0,0.0886,5620.0,G,0.0220911252967599,0.5966651149305869,0.6117213269504331,0.0456439509720755,0.0010083262399632857,0.612 +/- 0.046
2365,Kepler-244 d,Kepler-244,2.31,622.0,0.14,5554.0,G,0.0005937956052484,0.6518682277150384,0.611721213599744,0.10987658156563314,6.524423125339033e-05,0.612 +/- 0.110
2366,Kepler-868 b,Kepler-868,2.05,1047.0,0.0575,5614.0,G,0.0002596011011957,0.6188057381514026,0.6116905041418758,0.031077117324350586,8.06765387938938e-06,0.612 +/- 0.031
2367,Kepler-328 b,Kepler-328,2.3,602.0,0.2199,6064.0,F,0.0003955289439849,0.6471112275578962,0.61166497070308,0.1071665459107257,4.238747073457864e-05,0.612 +/- 0.107
2368,Kepler-1996 b,Kepler-1996,2.26,392.0,0.1789,4580.0,K,0.0046199602911181,0.5984164827673809,0.6115237926182711,0.034344978284991216,0.00015867243587597285,0.612 +/- 0.034
2369,Kepler-1201 b,Kepler-1201,2.29,789.0,0.1183,6177.0,F,0.0003255512430235,0.6123311426448578,0.6114754180942809,0.010221596042962248,3.3276532974704487e-06,0.611 +/- 0.010
2370,Kepler-1837 b,Kepler-1837,2.06673842,1012.0,0.065,5966.0,G,0.000138341933124,0.5855012856985592,0.6114616517202597,0.04747076543161621,6.567197456685741e-06,0.611 +/- 0.047
2371,Kepler-467 b,Kepler-467,2.25,712.0,0.16848,5809.0,G,0.0046506277806252,0.6103209071318109,0.6111170279220365,0.02727969925531085,0.0001268677272038492,0.611 +/- 0.027
2372,Kepler-1768 b,Kepler-1768,2.23346338,933.0,0.1286,6050.0,F,0.0010299007066975,0.6169101587222434,0.6110173319961153,0.036683070484214146,3.7779920215526356e-05,0.611 +/- 0.037
2373,Kepler-624 b,Kepler-624,2.31,852.0,0.11638,6117.0,F,0.0009413450946172,0.6158354931235056,0.6109076842625141,0.013647579765008851,1.2847082265188042e-05,0.611 +/- 0.014
2374,Kepler-372 c,Kepler-372,2.09,755.0,0.154,6509.0,F,0.0002871033552134,0.6152715399303995,0.6108632979033749,0.0509989908623048,1.4641981389065236e-05,0.611 +/- 0.051
2375,KELT-20 b,KELT-20,19.514869,2262.0,0.0542,8720.0,A,0.5812922775119295,0.5966865222499645,0.6103990255498226,0.06413301875265366,0.03728002853444533,0.610 +/- 0.064
2376,Kepler-342 d,Kepler-342,2.49,658.0,0.242,6175.0,F,0.0009768717073748,0.6095425747767084,0.610373453120702,0.040506042714526035,3.956920710553563e-05,0.610 +/- 0.041
2377,Kepler-157 c,Kepler-157,2.24,779.0,0.11,5774.0,G,0.0008493266554995,0.6087045970698075,0.610316177158728,0.022052886571343647,1.8730104395749134e-05,0.610 +/- 0.022
2378,Kepler-260 b,Kepler-260,2.01,782.0,0.075,5250.0,G,0.0013510043627692,0.5905225798393231,0.6101803316810319,0.04272369106157652,5.7719893017793354e-05,0.610 +/- 0.043
2379,Kepler-575 b,Kepler-575,2.39,803.0,0.0788,5710.0,G,0.0006020151159293,0.6166740665318043,0.610013394490689,0.014156249071299367,8.522275925782334e-06,0.610 +/- 0.014
2380,K2-183 d,K2-183,2.3,615.0,0.1527,5482.0,G,0.0160534070772878,0.6148254322121194,0.6098911475454089,0.05597025294112794,0.0008985132546826915,0.610 +/- 0.056
2381,GJ 4274 c,GJ 4274,2.83,143.89926361652073,0.186,3228.0,M,0.2790600173553392,0.5429948427955981,0.609862352785803,0.16268960496503687,0.045400163985076465,0.610 +/- 0.163
2382,TOI-778 b,TOI-778,15.4,1561.0,0.06,6643.0,F,0.5622267106567234,0.628537354894643,0.6097368400868386,0.02983380839560525,0.016773363960624076,0.610 +/- 0.030
2383,Kepler-342 b,Kepler-342,2.25,905.0,0.128,6175.0,F,0.0006959229462501,0.606614782544912,0.6097159557568558,0.022447013053196966,1.5621391458495287e-05,0.610 +/- 0.022
2384,Kepler-1922 b,Kepler-1922,2.29064904,740.0,0.1077,5931.0,G,0.0002051942882571,0.6105505116777592,0.6096558168994671,0.04020861411207093,8.250577954530782e-06,0.610 +/- 0.040
2385,Kepler-337 c,Kepler-337,2.05,1017.0,0.093,5684.0,G,0.0010778650660788,0.6014373056509359,0.6096136041214141,0.04966491659612891,5.353207860868458e-05,0.610 +/- 0.050
2386,HAT-P-2 b,HAT-P-2,10.659759,1540.0,0.06814,6380.0,F,0.5855949699715364,0.6601821095263911,0.6095538748348164,0.08290940886872915,0.048551332796841276,0.610 +/- 0.083
2387,Kepler-583 b,Kepler-583,2.28,1017.0,0.0689,5523.0,G,0.0006252914252457,0.6119065892042315,0.6094914322496908,0.011995573274017379,7.500729109149555e-06,0.609 +/- 0.012
2388,Kepler-209 b,Kepler-209,2.26,668.0,0.122,5513.0,G,0.001824552774708,0.6081999841883372,0.6090709373265419,0.03000029471058871,5.473712095626236e-05,0.609 +/- 0.030
2389,Kepler-913 b,Kepler-913,2.06,1129.0,0.1009,4687.0,K,0.0006277168882379,0.5785170544731721,0.6090260590433213,0.09187329510185777,5.7670418913500455e-05,0.609 +/- 0.092
2390,Kepler-862 b,Kepler-862,2.21,1097.0,0.039,5333.0,G,0.0004029887531681,0.6135422605414972,0.6089674555545248,0.02943101813941082,1.1860369304468901e-05,0.609 +/- 0.029
2391,Kepler-1866 b,Kepler-1866,2.08215108,834.0,0.1016,5791.0,G,0.0002480995307583,0.5864911289850484,0.6087680904127781,0.057713961296476574,1.4318806715858525e-05,0.609 +/- 0.058
2392,Kepler-55 b,Kepler-55,2.43,400.0,0.1593,4362.0,K,0.0016386765409584,0.6068450541955509,0.6087349905288798,0.06706909307763892,0.00010990454944968231,0.609 +/- 0.067
2393,Kepler-321 c,Kepler-321,2.32,752.0,0.11,5740.0,G,0.0076818537563098,0.6071803503154245,0.6084267857792554,0.01960724701355618,0.00015062000412198063,0.608 +/- 0.020
2394,Kepler-534 b,Kepler-534,2.24,721.0,0.1272,5884.0,G,0.0026344815150217,0.6055317148014079,0.6084102285517059,0.038617745094530975,0.00010173773560336178,0.608 +/- 0.039
2395,Kepler-252 c,Kepler-252,2.15,499.0,0.08,4208.0,K,0.0086585531964088,0.5967643990792023,0.6083416998203361,0.042658080984843895,0.00036935726346398555,0.608 +/- 0.043
2396,Kepler-250 d,Kepler-250,2.18,579.0,0.127,5160.0,K,0.0006480727389889,0.5876614040192139,0.6081985182851032,0.027610977436217855,1.789392177325042e-05,0.608 +/- 0.028
2397,Kepler-982 b,Kepler-982,2.25,955.0,0.1277,6139.0,F,0.0009865574651757,0.6116181863644584,0.6081703539218896,0.027221006543336253,2.6855087214924955e-05,0.608 +/- 0.027
2398,KELT-7 b,KELT-7,17.9344,2048.0,0.04415,6768.0,F,0.5794059301214539,0.5995746842709381,0.6080766115779356,0.045728474691056446,0.026495349411406924,0.608 +/- 0.046
2399,Kepler-308 c,Kepler-308,2.16,714.0,0.123,5895.0,G,0.0003275492242363,0.5945929818310155,0.6080681726705971,0.0390866096967162,1.2802788684186432e-05,0.608 +/- 0.039
2400,Kepler-306 c,Kepler-306,2.35,716.0,0.067,4954.0,K,0.0007323028069144,0.6062866609769281,0.6078385068274764,0.019969397340803694,1.46236457250595e-05,0.608 +/- 0.020
2401,TOI-2076 d,TOI-2076,3.27,490.0,0.1982,5187.0,K,0.4742301752971298,0.6046536659059057,0.6078125256817369,0.10714415422137276,0.050810991038464315,0.608 +/- 0.107
2402,Kepler-919 b,Kepler-919,2.25,869.0,0.0981,6113.0,F,0.0003262504953768,0.6091542479066145,0.6077406220657541,0.012921075541514416,4.215507296220133e-06,0.608 +/- 0.013
2403,TOI-836.01,TOI-836,2.587,665.0,0.075,4552.0,K,0.3702056266995995,0.5759835590573293,0.6076652466041782,0.08515891607973226,0.03152630989635588,0.608 +/- 0.085
2404,Kepler-49 e,Kepler-49,1.56,371.0,0.116,4252.0,K,0.0141799073662941,0.535123920784014,0.6075814213145163,0.12436903735715889,0.0017635414289596833,0.608 +/- 0.124
2405,Kepler-1182 b,Kepler-1182,2.41,796.0,0.0981,5924.0,G,0.0002306404631139,0.6104256811808577,0.6075611329290675,0.03377563926572726,7.790029082215362e-06,0.608 +/- 0.034
2406,Kepler-1766 b,Kepler-1766,2.27904508,406.0,0.4161,5868.0,G,0.0032716466551452,0.5904968928600032,0.6074673432371054,0.052373404974200184,0.000171347275202407,0.607 +/- 0.052
2407,Kepler-1219 b,Kepler-1219,2.12,1159.0,0.14146,5944.0,G,0.0009578235811799,0.614922276360464,0.6074275447190524,0.05526198758882642,5.29312348554489e-05,0.607 +/- 0.055
2408,Kepler-55 c,Kepler-55,2.21,349.0,0.2095,4362.0,K,0.0016776557221519,0.5744701728024075,0.6069305711292147,0.07747581789593032,0.00012997774922150608,0.607 +/- 0.077
2409,Kepler-238 b,Kepler-238,1.73,1642.0,0.034,5751.0,G,8.967798174069197e-05,0.5765282409365533,0.6068904284077447,0.10821855702013976,9.704821780456127e-06,0.607 +/- 0.108
2410,K2-243 b,K2-243,2.17,1035.0,0.1087,6570.0,F,0.023858631783733,0.6068444569061802,0.6066920368299569,0.07241439578400712,0.001727708404852133,0.607 +/- 0.072
2411,K2-46 b,K2-46,2.05,889.0,0.13821,6256.0,F,0.0062779422841818,0.5837763930543751,0.6065081765338435,0.09672664243050075,0.0006072442785213741,0.607 +/- 0.097
2412,Kepler-920 b,Kepler-920,2.42,907.0,0.065,5403.0,G,0.0005699801141997,0.6111090630723709,0.6064096074930448,0.022896839182377265,1.3050743011983559e-05,0.606 +/- 0.023
2413,K2-326 b,K2-326,2.28,1114.0,0.0198,3924.0,K,0.0186564909840533,0.5924497225582124,0.6063623523698008,0.055603513847750294,0.001037366454782236,0.606 +/- 0.056
2414,Kepler-198 c,Kepler-198,2.47,465.0,0.259,5574.0,G,0.003654762142516,0.595693639045999,0.6061721604006661,0.030746980126746416,0.00011237289896392461,0.606 +/- 0.031
2415,Kepler-983 b,Kepler-983,2.36,485.0,0.3148,6052.0,F,0.0013964459370989,0.6089918740365737,0.6061320394130156,0.03943924828244578,5.507477802625618e-05,0.606 +/- 0.039
2416,Kepler-1073 b,Kepler-1073,2.3,905.0,0.0805,5792.0,G,0.0006805023540185,0.6135437777234244,0.6060216276389998,0.03110056410164841,2.1164007082474997e-05,0.606 +/- 0.031
2417,Kepler-28 c,Kepler-28,1.857,509.0,0.07519,4499.3,K,0.0046675093287033,0.5939903592050798,0.6060104350779455,0.09609364711106755,0.0004485179943200307,0.606 +/- 0.096
2418,Kepler-1874 b,Kepler-1874,2.21110724,356.0,0.2633,4701.0,K,0.0060694851889829,0.5950987956336367,0.605855301262929,0.06394654893209457,0.0003881226316299183,0.606 +/- 0.064
2419,Kepler-449 b,Kepler-449,2.056,917.0,0.1027,5649.18,G,0.0290727130271136,0.6077782617962529,0.6058054250034023,0.08432869791795596,0.0024516640345188857,0.606 +/- 0.084
2420,GJ 3470 b,GJ 3470,4.57,593.5,0.0355,3600.0,M,0.4665581594360582,0.579737913771109,0.6057506232630613,0.10224251910993098,0.04770208153203541,0.606 +/- 0.102
2421,TOI-1266 b,TOI-1266,2.52,415.0,0.073,3563.0,M,0.2619131956809707,0.5578507165224883,0.60574014775597,0.09857017734652676,0.02581683014766885,0.606 +/- 0.099
2422,HIP 79431 b,HIP 79431,13.4,162.28484332739944,0.36,3191.0,M,0.2594226213858481,0.5615456953112172,0.6056273992045559,0.13313911884706658,0.03453929922030799,0.606 +/- 0.133
2423,Kepler-1842 b,Kepler-1842,2.35388681,822.0,0.116,5970.0,G,0.0003237742438642,0.60660453379401,0.605617330254323,0.029756640278227418,9.634433706022081e-06,0.606 +/- 0.030
2424,Kepler-1845 b,Kepler-1845,2.43836702,584.0,0.0885,4703.0,K,0.0007275747596821,0.59153521025736,0.605510025749157,0.04502401871359752,3.275833959546809e-05,0.606 +/- 0.045
2425,Kepler-11 b,Kepler-11,1.8,849.0,0.091,5663.0,G,0.0010713277508965,0.5765849264682651,0.6051979947893923,0.11229809548533823,0.00012030806606626781,0.605 +/- 0.112
2426,KELT-11 b,KELT-11,15.13212395,1712.0,0.0623,5375.0,G,0.6121209662984872,0.6055991628840116,0.6051753375833974,0.07653448617058795,0.0468483636298985,0.605 +/- 0.077
2427,Kepler-1066 b,Kepler-1066,2.36,1290.0,0.0298,5762.0,G,0.0108016778500104,0.6034820675997695,0.6051586885403637,0.04113804753545625,0.0004443599368564127,0.605 +/- 0.041
2428,Kepler-1895 b,Kepler-1895,2.11934728,789.0,0.0615,5076.0,K,0.0002215019888741,0.596160379898775,0.6050998233463963,0.043986307487767565,9.743054591768233e-06,0.605 +/- 0.044
2429,TOI-1431 b,TOI-1431,16.70138124,2370.0,0.046,7690.0,A,0.5697091264716446,0.6194238432897405,0.604959575362696,0.05695695987880931,0.03244889985903696,0.605 +/- 0.057
2430,GJ 1214 b,GJ 1214,2.733,567.0,0.01505,3101.0,M,0.3979046085980277,0.5845407135230783,0.6048623728464946,0.08524995530416155,0.03392135009830175,0.605 +/- 0.085
2431,TOI-2076 b,TOI-2076,2.59,736.0,0.08781,5187.0,K,0.3422719464558457,0.5643952040310071,0.6046559852833264,0.11774392943203839,0.040300443910063516,0.605 +/- 0.118
2432,Kepler-616 b,Kepler-616,2.43,860.0,0.0927,5753.0,G,0.0005443572680639,0.6097081127924615,0.6046270345299315,0.021277440753158693,1.1582529519780959e-05,0.605 +/- 0.021
2433,K2-6 b,K2-6,2.5,615.0,0.1898,5850.0,G,0.0163898465377332,0.6000414919304401,0.6044648601748897,0.05044871131960657,0.0008268466365547555,0.604 +/- 0.050
2434,Kepler-229 b,Kepler-229,2.2,823.0,0.062,5120.0,K,0.0007009657616235,0.6040781121151492,0.6043644955466821,0.03594423244588655,2.5195676272402985e-05,0.604 +/- 0.036
2435,TOI-700 c,TOI-700,2.6,356.0,0.0929,3459.0,M,0.266466595978114,0.5573462028204237,0.6042270405888038,0.10569684261722907,0.028164677857847483,0.604 +/- 0.106
2436,Kepler-789 b,Kepler-789,2.12,1419.0,0.0951,5870.0,G,0.000465591299739,0.5969206636892482,0.6042248442852834,0.021977773243202835,1.0232660009671825e-05,0.604 +/- 0.022
2437,Kepler-484 b,Kepler-484,2.28,766.0,0.09036,5668.0,G,0.0086041824310321,0.6024231187149945,0.6041549371987517,0.023473822248735492,0.00020197304898174036,0.604 +/- 0.023
2438,Kepler-1829 b,Kepler-1829,2.47887001,860.0,0.0559,5230.0,G,0.0007787267076721,0.6109651594318304,0.6041409143254329,0.032597319648234396,2.538440340860463e-05,0.604 +/- 0.033
2439,Kepler-518 b,Kepler-518,2.11,839.0,0.07996,5842.0,G,0.0122880806746881,0.5986753284974504,0.6040320904123038,0.020100896160076282,0.0002470014336485456,0.604 +/- 0.020
2440,Kepler-475 b,Kepler-475,2.49,980.0,0.03989,5009.0,K,0.0204504835166773,0.5982868635721491,0.6039865738532353,0.06634301448332704,0.001356746724137963,0.604 +/- 0.066
2441,K2-355 b,K2-355,2.25,1066.0,0.0632,5790.0,G,0.0020113627444459,0.5804466208078979,0.6039130736475096,0.09103778375983071,0.00018311000659144546,0.604 +/- 0.091
2442,Kepler-116 c,Kepler-116,2.3,964.0,0.116,6142.0,F,0.0004075869641939,0.6024840380908635,0.6037463232938579,0.019696851979564986,8.028180102527503e-06,0.604 +/- 0.020
2443,HD 196050 b,HD 196050,12.9,189.81451189839703,2.65,5879.0,G,0.1807365551613945,0.5055017673850859,0.6037008532676372,0.2074017553865286,0.037485078802987376,0.604 +/- 0.207
2444,Kepler-633 c,Kepler-633,2.296,725.0,0.16246,5877.0,G,0.0010739332855904,0.6027638292861957,0.6034653522097922,0.040062868447553995,4.3024847942057634e-05,0.603 +/- 0.040
2445,KOI-7368 b,KOI-7368,2.22,805.0,0.0678,5241.0,G,0.0292200001639474,0.6130331506162247,0.6032045680078009,0.06902877823974889,0.0020170209114825513,0.603 +/- 0.069
2446,K2-356 b,K2-356,2.29,624.0,0.1599,5568.0,G,0.0085709833957559,0.6053631322962577,0.6031929620378363,0.08345720306838811,0.0007153103017553828,0.603 +/- 0.083
2447,Kepler-574 b,Kepler-574,2.39,858.0,0.0723,5612.0,G,0.00102462666773,0.6154443863227745,0.6031099712928322,0.021761743419712036,2.2297662644134798e-05,0.603 +/- 0.022
2448,Kepler-1679 b,Kepler-1679,2.0692036,813.0,0.0892,5501.0,G,0.0003401055640166,0.5930448749023197,0.6030771736523736,0.025217865304647657,8.576736302731841e-06,0.603 +/- 0.025
2449,Kepler-1345 b,Kepler-1345,2.36,693.0,0.26412,6449.0,F,0.0005112297195952,0.6061529486544509,0.6030463651617005,0.05884099977944769,3.008126781794827e-05,0.603 +/- 0.059
2450,Kepler-814 b,Kepler-814,2.12,1164.0,0.0695,6162.0,F,0.0002159739042407,0.6022817795523425,0.6028722901257519,0.024525174042647886,5.296797590173336e-06,0.603 +/- 0.025
2451,Kepler-798 b,Kepler-798,2.39,864.0,0.1174,6224.0,F,0.0004795666489909,0.600175429890903,0.6022083745423333,0.022339991880517596,1.0713515044623738e-05,0.602 +/- 0.022
2452,Kepler-126 d,Kepler-126,2.5,475.0,0.448,6239.0,F,0.0411511464270449,0.6406199723050959,0.6021568626220998,0.1278697967929547,0.0052619887314233555,0.602 +/- 0.128
2453,Kepler-336 c,Kepler-336,2.1,967.0,0.092,5867.0,G,0.0007132898144447,0.5995243087681287,0.6020407150412185,0.019157083182032398,1.3664552308213573e-05,0.602 +/- 0.019
2454,Kepler-1863 b,Kepler-1863,2.26309256,508.0,0.23678,5871.0,G,0.0006245784332941,0.5834100683689046,0.601685070413527,0.04631236552725513,2.8925704703156694e-05,0.602 +/- 0.046
2455,Kepler-897 b,Kepler-897,2.39,855.0,0.077,5839.0,G,0.000415258612904,0.6156220707521727,0.6014642765998109,0.029783527371733124,1.2367866263774214e-05,0.601 +/- 0.030
2456,Kepler-308 b,Kepler-308,2.12,833.0,0.09,5895.0,G,0.0002832998835974,0.5911487864614566,0.6014382384733672,0.029825332680278017,8.449513276576493e-06,0.601 +/- 0.030
2457,Kepler-1403 b,Kepler-1403,2.14,1238.0,0.064,6060.0,F,0.0001581279766639,0.6007431225296325,0.6012800366294829,0.02937942508763721,4.645709044656695e-06,0.601 +/- 0.029
2458,Kepler-241 b,Kepler-241,2.33,562.0,0.094,4699.0,K,0.0028202952260557,0.5841563507048271,0.6012339858674252,0.03265796305246194,9.210509728956186e-05,0.601 +/- 0.033
2459,K2-74 b,K2-74,2.31,706.6695403582046,0.1402,6060.0,F,0.0113747594876386,0.5934092800705694,0.6012249782492085,0.06450985673478692,0.0007337841049402243,0.601 +/- 0.065
2460,Kepler-176 e,Kepler-176,1.45,398.0,0.25654,5295.0,G,0.0019057150495763,0.5311846485808781,0.6011691408914049,0.1498004932998207,0.000285477054515422,0.601 +/- 0.150
2461,Kepler-675 b,Kepler-675,2.44,1070.0,0.0325,4945.0,K,0.0010790261880283,0.6016343869501221,0.601116867686117,0.01695139889641635,1.8291003332947265e-05,0.601 +/- 0.017
2462,Kepler-1580 b,Kepler-1580,2.11,733.0,0.33571,6228.0,F,0.0007807409653634,0.6205768163942837,0.6010558670892945,0.10856462053771172,8.476084664292426e-05,0.601 +/- 0.109
2463,Kepler-156 b,Kepler-156,2.3,867.0,0.054,5094.0,K,0.004456913639969,0.6002628729828994,0.6010425536153766,0.027401178568015598,0.00012212468651101496,0.601 +/- 0.027
2464,Kepler-143 b,Kepler-143,2.41,838.0,0.127,5848.0,G,0.0004314194954134,0.5815646630183909,0.6010021905363445,0.03223740173268193,1.3907843588952705e-05,0.601 +/- 0.032
2465,Kepler-1787 b,Kepler-1787,2.31898181,540.0,0.227,6060.0,F,0.0007234454189499,0.5885868329902277,0.6009944010649907,0.019955555806632642,1.4436755430907462e-05,0.601 +/- 0.020
2466,Kepler-336 d,Kepler-336,2.37,749.0,0.154,5867.0,G,0.0008432913496711,0.5968651059087847,0.6009310238281858,0.027321819269099087,2.304025384690844e-05,0.601 +/- 0.027
2467,K2-183 c,K2-183,2.3,787.0,0.0932,5482.0,G,0.0153167931124193,0.6011071782317802,0.6002261344772944,0.04912410809179916,0.0007524238004742106,0.600 +/- 0.049
2468,GJ 180 d,GJ 180,2.66,171.90361807424992,0.309,3371.0,M,0.2662339609527906,0.5592875351082467,0.6001022243628698,0.10711567765369516,0.028517831141885584,0.600 +/- 0.107
2469,Kepler-713 b,Kepler-713,2.48,905.0,0.0748,5785.0,G,0.0004752561716286,0.6042628130228086,0.5995586985353486,0.030011343230646862,1.4263076089229129e-05,0.600 +/- 0.030
2470,Kepler-184 b,Kepler-184,2.36,780.0,0.092,5788.0,G,0.0016279613377315,0.6006789806368854,0.5994822837738526,0.03808887512810502,6.20072161062379e-05,0.599 +/- 0.038
2471,Kepler-981 b,Kepler-981,2.31,1103.0,0.0535,5718.0,G,0.0005072245068183,0.6053692181740864,0.5993690788127436,0.02891266979680567,1.4665214678485113e-05,0.599 +/- 0.029
2472,K2-232 b,K2-232,11.209,1030.0,0.10356,6154.0,F,0.584583398195402,0.5990179305339641,0.5993360257110002,0.03467277279479068,0.02026912734523582,0.599 +/- 0.035
2473,WASP-38 b,WASP-38,13.78707,1250.0,0.07522,6180.0,F,0.5792496694956201,0.6743586154490285,0.5992669937719549,0.06927263247085369,0.04012614946383356,0.599 +/- 0.069
2474,Kepler-1828 b,Kepler-1828,2.11598626,799.0,0.0924,5806.0,G,0.0003530125998839,0.5921655515590724,0.5990619080302838,0.033622510148347065,1.1869169722090809e-05,0.599 +/- 0.034
2475,HD 221416 b,HD 221416,9.17,1314.67,0.1228,5080.0,K,0.56363275111135,0.6315428467363956,0.5990397151283035,0.09623510592329462,0.05424125750503873,0.599 +/- 0.096
2476,Kepler-81 c,Kepler-81,2.37,502.0,0.08347,4385.0,K,0.0106811559444346,0.612290722296442,0.5989995048190541,0.08047870828827379,0.0008596056334337136,0.599 +/- 0.080
2477,Kepler-645 b,Kepler-645,2.1,1730.0,0.04541,6170.0,F,0.0003720659950329,0.5847333800255934,0.5986866614620613,0.03765812522511879,1.4011307832957376e-05,0.599 +/- 0.038
2478,Kepler-275 b,Kepler-275,2.34,1015.0,0.098,6165.0,F,0.0001961739899067,0.5985305543164663,0.5982355201009765,0.02892101528721085,5.673550961044818e-06,0.598 +/- 0.029
2479,Kepler-1016 b,Kepler-1016,2.18,1540.0,0.03044,5821.0,G,0.0002418877912382,0.5930454911185562,0.598056915666456,0.022148230519884668,5.357386560289392e-06,0.598 +/- 0.022
2480,Kepler-1613 b,Kepler-1613,2.08,1926.0,0.02755,6005.0,F,0.0002647714292552,0.5861666231508282,0.5980160016477105,0.044112156582308035,1.1679638745826875e-05,0.598 +/- 0.044
2481,Kepler-343 b,Kepler-343,2.41,1024.0,0.088,5807.0,G,0.0003630746155714,0.5937798218852107,0.5976999273701433,0.026500092094973032,9.62151074998903e-06,0.598 +/- 0.027
2482,TOI-4633 c,TOI-4633,3.2,268.57,0.847,5800.0,G,0.2291319762152349,0.5303169183391344,0.5976844526779725,0.178834843907143,0.04097678120058673,0.598 +/- 0.179
2483,Kepler-1983 b,Kepler-1983,2.33,807.0,0.0689,5135.0,K,0.0045898013009483,0.5765680953436912,0.5975279165100793,0.06204211842560614,0.00028476099586343556,0.598 +/- 0.062
2484,Kepler-416 c,Kepler-416,2.352,791.0,0.10454,5718.0,G,0.0011647529254616,0.6023352648947357,0.5974892811333016,0.04984481434649251,5.805689332916748e-05,0.597 +/- 0.050
2485,Kepler-360 c,Kepler-360,2.1,860.0,0.075,6053.0,F,0.000341078926627,0.5939828629002962,0.5973276543863101,0.024605954656831772,8.392572602984813e-06,0.597 +/- 0.025
2486,Kepler-717 b,Kepler-717,2.42,1139.0,0.052,5485.0,G,0.0003693042950359,0.5948320117741329,0.5972683782902082,0.03866106342944649,1.427769677514995e-05,0.597 +/- 0.039
2487,Kepler-32 e,Kepler-32,1.5,652.0,0.033,3900.0,K,0.0122341992114526,0.5488257257643894,0.5970452331419768,0.1038268619080885,0.0012702385120835344,0.597 +/- 0.104
2488,Wolf 1061 d,Wolf 1061,2.69,119.13281980765169,0.47,3342.0,M,0.2873564050173818,0.5505419134889143,0.5970060916382909,0.11639247112417732,0.033446122073333015,0.597 +/- 0.116
2489,Kepler-794 b,Kepler-794,2.11,952.0,0.10036,5839.0,G,0.0005279184580687,0.5955924185861808,0.5969657246358321,0.02852266110082771,1.5057639268365054e-05,0.597 +/- 0.029
2490,Kepler-231 c,Kepler-231,1.93,393.0,0.114,3767.0,K,0.0138870264163156,0.5883434842328678,0.5968261352147085,0.10898157317958304,0.0015134299856365014,0.597 +/- 0.109
2491,Kepler-592 b,Kepler-592,2.39,1367.0,0.0397,5913.0,G,0.0003910733782369,0.5902487493682669,0.596771738991459,0.02260306937552325,8.839458699208895e-06,0.597 +/- 0.023
2492,Kepler-998 b,Kepler-998,2.32,1020.0,0.0626,6058.0,F,0.0003682225504046,0.599418816865929,0.5966408060700884,0.018661860010710754,6.87171768843753e-06,0.597 +/- 0.019
2493,HD 168443 c,HD 168443,12.2,187.9446256197525,2.842,5491.0,G,0.2018525488481537,0.4608523234560338,0.5966289476511878,0.21243535676075442,0.04288061822762514,0.597 +/- 0.212
2494,Kepler-1870 b,Kepler-1870,2.10143764,1046.0,0.0452,5508.0,G,0.0057608824960986,0.5896126113219374,0.5965216372957919,0.033828562334323124,0.00019488237261998249,0.597 +/- 0.034
2495,Kepler-235 b,Kepler-235,2.23,731.0,0.037,4255.0,K,0.0053740403520589,0.5861859856746034,0.5962564272282361,0.0437976036241707,0.00023537008919977448,0.596 +/- 0.044
2496,Kepler-1643 b,Kepler-1643,2.32,799.0,0.0531,4916.0,K,0.0111879419441487,0.5906135473460233,0.5962489233308068,0.05225000469671045,0.0005845700191282934,0.596 +/- 0.052
2497,Kepler-783 c,Kepler-783,2.33153725,840.0,0.06903,5411.49,G,0.0023865251934219,0.5832689649540191,0.5961765051381366,0.029385044473049213,7.01281489447549e-05,0.596 +/- 0.029
2498,Kepler-1777 b,Kepler-1777,2.13189678,819.0,0.10301,5771.0,G,0.0012648407367265,0.5913828612579267,0.5961044274529427,0.02563259770987917,3.2421153771577564e-05,0.596 +/- 0.026
2499,Kepler-1880 b,Kepler-1880,2.11686218,606.0,0.054,4380.0,K,0.0010545854427562,0.56422245124634,0.5959867340715899,0.05261683639913328,5.5488949710410515e-05,0.596 +/- 0.053
2500,Kepler-172 d,Kepler-172,2.25,736.0,0.118,5526.0,G,0.0005576464152449,0.5845966147925217,0.5958254520476703,0.019710837787518993,1.0991678033683681e-05,0.596 +/- 0.020
2501,K2-187 d,K2-187,2.4,865.0,0.072,5438.0,G,0.0151031595075438,0.5934899663409487,0.5956780605307288,0.048083021783598745,0.000726205547602395,0.596 +/- 0.048
2502,K2-66 b,K2-66,2.49,1372.0,0.05983,5887.0,G,0.0040800741849559,0.6217413395850949,0.595623898537073,0.11157680305318769,0.0004552416337772197,0.596 +/- 0.112
2503,Kepler-54 b,Kepler-54,2.1,453.0,0.0619,3705.0,K,0.0211200386851415,0.5756056462017209,0.5955683249358927,0.10243069419494664,0.002163340223943172,0.596 +/- 0.102
2504,Kepler-666 b,Kepler-666,2.4,1133.0,0.0542,5887.0,G,0.0003225300537524,0.5952551154697558,0.595551850639223,0.010692655560702397,3.448702772749243e-06,0.596 +/- 0.011
2505,K2-412 b,K2-412,2.116,1006.734609010606,0.0586,5590.0,G,0.000432978361641,0.5882034821529295,0.5953053428306152,0.10816075773719495,4.6831267678899783e-05,0.595 +/- 0.108
2506,Kepler-864 b,Kepler-864,2.4,1143.0,0.0687,5754.0,G,0.0003080653676218,0.5985986725571023,0.5950504107181871,0.029862760941134492,9.199682427532528e-06,0.595 +/- 0.030
2507,Kepler-265 d,Kepler-265,2.49,554.0,0.236,5835.0,G,0.0002916623249631,0.5861672015824579,0.5949598231641856,0.03848524169740105,1.1224695070230831e-05,0.595 +/- 0.038
2508,Kepler-1946 b,Kepler-1946,2.48812698,1143.0,0.0394,5505.0,G,0.0003524768008363,0.5951401613638857,0.594798220540966,0.027613437081952418,9.733095962741044e-06,0.595 +/- 0.028
2509,K2-259 b,K2-259,2.32,795.0,0.1271,6059.0,F,0.0065264132966449,0.5889893872356733,0.5943710721709603,0.04107390091016628,0.00026806525304518426,0.594 +/- 0.041
2510,Kepler-999 b,Kepler-999,2.34,1355.0,0.06918,6237.0,F,0.002035470300388,0.5874886032797603,0.5943587567007202,0.04619160074805234,9.402163145004065e-05,0.594 +/- 0.046
2511,Kepler-164 d,Kepler-164,2.45,637.0,0.187,5888.0,G,0.0005785923697025,0.588592812117289,0.5942963949142697,0.028282930088774975,1.6364287542194453e-05,0.594 +/- 0.028
2512,HD 187085 b,HD 187085,13.9,209.81445762516825,2.1,6117.0,F,0.1895759004965076,0.4138408914218344,0.5942635094238725,0.20930147180456002,0.03967851499259386,0.594 +/- 0.209
2513,Kepler-165 c,Kepler-165,2.23,581.0,0.11,5211.0,G,0.0019481635547286,0.5837536492477183,0.5942142197645394,0.03214107195632761,6.26160649952269e-05,0.594 +/- 0.032
2514,Kepler-1806 b,Kepler-1806,2.35560189,729.0,0.0813,5311.0,G,0.0003604509914371,0.5866507715276897,0.594212197619306,0.03540497600585779,1.2761758703118177e-05,0.594 +/- 0.035
2515,Kepler-1942 b,Kepler-1942,2.1170287,1012.0,0.0516,5834.0,G,0.0002809410327289,0.5804890521907804,0.5940542863629412,0.04431090401690235,1.244875113565971e-05,0.594 +/- 0.044
2516,K2-8 c,K2-8,2.41,801.0,0.0532,4870.0,K,0.0065547151303817,0.5895938966705069,0.5938517084777847,0.03287075146359802,0.00021545841196546234,0.594 +/- 0.033
2517,Kepler-1824 b,Kepler-1824,2.38127597,421.0,0.4267,6002.0,F,0.0005781826508088,0.5945947024980168,0.5936196639739437,0.07425003145559676,4.2930080009633715e-05,0.594 +/- 0.074
2518,Kepler-639 b,Kepler-639,2.38,957.0,0.09358,5896.0,G,0.0009828918315808,0.5961265015854602,0.5935889210076287,0.0332861880440579,3.271672233296699e-05,0.594 +/- 0.033
2519,Kepler-1871 b,Kepler-1871,2.42172881,1403.0,0.0308,5741.0,G,0.0003503226127482,0.5866616592161442,0.593547166709397,0.020095626082022103,7.039952233864857e-06,0.594 +/- 0.020
2520,K2-166 b,K2-166,2.19,1140.0,0.0858,5960.0,G,0.0036921867383816,0.5821962345250037,0.5932582636626222,0.04632497199577189,0.00017104044725868797,0.593 +/- 0.046
2521,K2-84 b,K2-84,2.41,932.261011734092,0.0665,5652.0,G,0.0202877408658376,0.5828375396082865,0.5929602652025343,0.033583934648317444,0.0006813421634002892,0.593 +/- 0.034
2522,Kepler-129 b,Kepler-129,2.4,910.0,0.13,5770.0,G,0.0077812475780055,0.618725564097584,0.5928601632924468,0.10558662053533911,0.0008215956353103932,0.593 +/- 0.106
2523,Kepler-250 c,Kepler-250,2.28,782.0,0.069,5160.0,K,0.0007519504483218,0.5781614089527329,0.5928302844284358,0.01959925134725498,1.4737665837340024e-05,0.593 +/- 0.020
2524,Kepler-59 c,Kepler-59,1.98,752.0,0.13114,6074.0,F,0.0002627475560428,0.5715191790241752,0.5926247942689474,0.09728040986894229,2.556018994390647e-05,0.593 +/- 0.097
2525,Kepler-266 b,Kepler-266,2.48,1066.0,0.071,5885.0,G,0.0003656610005367,0.5939558931715435,0.5924658390911451,0.025033884172880643,9.153915133975394e-06,0.592 +/- 0.025
2526,Kepler-1814 b,Kepler-1814,2.36961357,1022.0,0.03765,4922.0,K,0.000869821952865,0.5870660942921937,0.5924267295340574,0.02531365379785798,2.2018371780601352e-05,0.592 +/- 0.025
2527,Kepler-680 b,Kepler-680,2.42,1147.0,0.0469,5890.0,G,0.0002968347840154,0.5917604562724359,0.5923725978765334,0.012702330592649065,3.770493557961193e-06,0.592 +/- 0.013
2528,Kepler-1812 b,Kepler-1812,2.3249424,1034.0,0.0765,6174.0,F,0.0002612978063762,0.5793950514971983,0.5920143233429345,0.03859020985203676,1.0083537181934427e-05,0.592 +/- 0.039
2529,Kepler-291 b,Kepler-291,2.16,1212.0,0.047,6002.0,F,0.0002318039414107,0.582372208729372,0.5919138849065367,0.026883641196977524,6.231733988930459e-06,0.592 +/- 0.027
2530,Kepler-1626 b,Kepler-1626,2.02,1352.0,0.0537,6826.0,F,0.0001247196211289,0.5847689181834279,0.5916939957932935,0.0710211679683702,8.857733161147099e-06,0.592 +/- 0.071
2531,Kepler-1949 b,Kepler-1949,2.21964541,1709.0,0.0352,6028.0,F,6.183364691945247e-05,0.5867752073720128,0.5914394283151767,0.0609150537773865,3.7665999273503764e-06,0.591 +/- 0.061
2532,Kepler-758 b,Kepler-758,2.48,1005.0,0.10754,6228.0,F,0.0003621436974574,0.5951371469815921,0.5913500001381228,0.04138628086298208,1.4987780775730765e-05,0.591 +/- 0.041
2533,Kepler-1321 c,Kepler-1321,2.4,697.0,0.0267,4094.0,K,0.0010258091651009,0.5845371651612983,0.5911030756759404,0.06565092510334086,6.734532066835981e-05,0.591 +/- 0.066
2534,MASCARA-1 b,MASCARA-1,17.90074218,2594.3,0.040352,7490.0,F,0.5506697349619785,0.6066773694694224,0.5910926087863887,0.04321987831838352,0.023799878938673212,0.591 +/- 0.043
2535,HD 128311 b,HD 128311,13.5,183.36486580310023,1.084,4965.0,K,0.2548029432011459,0.4984812814936361,0.590872162416014,0.17802169611374263,0.045360452123441614,0.591 +/- 0.178
2536,Kepler-1862 b,Kepler-1862,2.203,645.0,0.1199,5644.0,G,0.0003378663742735,0.5853844071851078,0.5908308985098201,0.04022049898479158,1.3589154163462518e-05,0.591 +/- 0.040
2537,Kepler-535 b,Kepler-535,2.36,1247.0,0.06011,6123.0,F,0.0011233463343846,0.587941316250049,0.5906513042878413,0.02481146954948568,2.787187336910986e-05,0.591 +/- 0.025
2538,Kepler-183 c,Kepler-183,2.27,857.0,0.103,5888.0,G,0.0005227323443389,0.5915084712141602,0.590650547713506,0.0659960472698601,3.449826850647483e-05,0.591 +/- 0.066
2539,eps Ind A b,eps Ind A,12.6,275.0,20.9,4760.0,K,0.2892804910394439,0.5585865965184538,0.5904234884917017,0.13194033699841207,0.03816776547481035,0.590 +/- 0.132
2540,HD 63935 c,HD 63935,3.06451296,619.59,0.148,5513.0,G,0.4119329642885521,0.6037880359615811,0.5904111603911663,0.0462616039600461,0.019056679652004808,0.590 +/- 0.046
2541,Kepler-92 d,Kepler-92,2.067,637.0,0.28682,5904.34,G,0.0045198915999597,0.6559525288692334,0.5902356242589676,0.15784558744803104,0.0007134449447970597,0.590 +/- 0.158
2542,Kepler-338 c,Kepler-338,2.34,831.0,0.172,5923.0,G,0.002950609777696,0.6124290252676133,0.590148120115963,0.08099183003946869,0.00023897528562794894,0.590 +/- 0.081
2543,HD 33564 b,HD 33564,12.5,315.0441630900732,1.1,6250.0,F,0.2432893497431839,0.5395614202875166,0.5899881642125453,0.1487218041677396,0.0361824310286025,0.590 +/- 0.149
2544,Kepler-1903 b,Kepler-1903,2.28642395,769.0,0.1321,6347.0,F,0.0001967256329406,0.5748173234207645,0.5897686805877014,0.044619782756923757,8.777855004527896e-06,0.590 +/- 0.045
2545,Kepler-172 b,Kepler-172,2.35,1256.0,0.04,5526.0,G,0.0005913852982113,0.5729963071410201,0.5897167218827483,0.03761290483888245,2.2243718944735746e-05,0.590 +/- 0.038
2546,Kepler-421 b,Kepler-421,4.16,185.0,1.219,5308.0,G,0.0223221686439234,0.2801852506125566,0.5895821234985484,0.30001583655194736,0.006697004099360328,0.590 +/- 0.300
2547,Kepler-173 c,Kepler-173,2.43,956.0,0.074,6031.0,F,0.000883676366593,0.5976864249467226,0.5893677668767421,0.05190260206950799,4.586510281350514e-05,0.589 +/- 0.052
2548,Kepler-243 b,Kepler-243,2.45,850.0,0.062,5228.0,G,0.0010443501920552,0.5796471469631945,0.5893263776939899,0.04684482155330182,4.892239838598233e-05,0.589 +/- 0.047
2549,Kepler-28 b,Kepler-28,1.959,585.0,0.05687,4499.3,K,0.0047585120365465,0.5753065061635612,0.5890362188953708,0.11307425999565034,0.0005380652272128904,0.589 +/- 0.113
2550,Kepler-121 b,Kepler-121,2.34,997.0,0.039,5311.0,G,0.0027701972481731,0.5792377260248655,0.5890295164707452,0.029860598255857566,8.27197471171791e-05,0.589 +/- 0.030
2551,Kepler-272 d,Kepler-272,2.25,777.0,0.091,5297.0,G,0.0005329241933958,0.5785618130842941,0.588874693465478,0.04363763674814217,2.3255552365702582e-05,0.589 +/- 0.044
2552,GJ 229 A c,GJ 229,2.87,172.05041167034324,0.384,3564.0,M,0.2832188937055547,0.5457599989358058,0.5888016690475687,0.11435996406006567,0.03238890250529879,0.589 +/- 0.114
2553,Kepler-165 b,Kepler-165,2.32,716.0,0.072,5211.0,G,0.001797340208607,0.577600453394985,0.5887846990478054,0.01848680258622382,3.322707361679995e-05,0.589 +/- 0.018
2554,Kepler-885 b,Kepler-885,2.5,830.0,0.14403,6187.0,F,0.0013979063418234,0.5974550835206875,0.5887827014748924,0.06342819797425858,8.866668019864621e-05,0.589 +/- 0.063
2555,Kepler-570 b,Kepler-570,2.45,1009.0,0.0497,5496.0,G,0.0018412355115091,0.6058284539285815,0.5887519087269774,0.05585565572094859,0.00010284341683203696,0.589 +/- 0.056
2556,Kepler-246 b,Kepler-246,2.34,896.0,0.052,5206.0,G,0.0011921355760286,0.5808183616122066,0.5886437488004661,0.024876890662542138,2.9656626379790174e-05,0.589 +/- 0.025
2557,HD 73583 b,HD 73583,2.79,714.0,0.0604,4511.0,K,0.3761640521407834,0.5695630497788667,0.5886111213399425,0.06849335532853319,0.025764738085099565,0.589 +/- 0.068
2558,Kepler-284 b,Kepler-284,2.24,686.0,0.104,5615.0,G,0.0004622430948376,0.5823517248974959,0.5884395292047402,0.04646929560298567,2.1480111014447375e-05,0.588 +/- 0.046
2559,Kepler-122 b,Kepler-122,2.34,1159.0,0.064,6050.0,F,0.0004663310626542,0.5835966293124546,0.5883809189339854,0.017858720696692403,8.328076200133123e-06,0.588 +/- 0.018
2560,Kepler-1158 b,Kepler-1158,2.34,1079.0,0.12643,6203.0,F,0.0002748059671449,0.5877899461513667,0.5880950702607409,0.0637347070467822,1.751467781068786e-05,0.588 +/- 0.064
2561,Kepler-481 b,Kepler-481,2.5,899.0,0.08926,5802.0,G,0.0009311839810453,0.6040393523509502,0.5880691837860601,0.05728717351990504,5.334489830109807e-05,0.588 +/- 0.057
2562,Kepler-1872 b,Kepler-1872,2.38421141,1005.0,0.0465,5223.0,G,0.0005901954582499,0.5882133471894532,0.5875049742309387,0.03617426441246666,2.134988656176881e-05,0.588 +/- 0.036
2563,Kepler-215 d,Kepler-215,2.39,527.0,0.185,5739.0,G,0.0033539767646977,0.5895902386897592,0.5874251542025206,0.09678942234913794,0.00032462947362752094,0.587 +/- 0.097
2564,Kepler-217 b,Kepler-217,2.23,1413.0,0.065,6171.0,F,0.0003698308007092,0.5834962634266586,0.5873343327202853,0.03926184791559178,1.4520240651946141e-05,0.587 +/- 0.039
2565,Kepler-83 d,Kepler-83,1.94,569.0,0.051,4648.0,K,0.0062535767927263,0.566391925911269,0.5870500211288642,0.10179516974471077,0.0006365839111271577,0.587 +/- 0.102
2566,Kepler-256 c,Kepler-256,2.15,1315.0,0.045,5551.0,G,0.0002233605956097,0.5775849150296967,0.5868999604422583,0.028654376140933885,6.400258521663369e-06,0.587 +/- 0.029
2567,Kepler-171 b,Kepler-171,2.34,1053.0,0.05,5642.0,G,0.0008192240592039,0.5849057615215583,0.586486593018382,0.042010020900672775,3.441561984948983e-05,0.586 +/- 0.042
2568,Kepler-1487 b,Kepler-1487,2.13,1682.0,0.0898,6541.0,F,0.0003453728019098,0.5791261862070529,0.5864749632899044,0.038487785741125685,1.3292634400716625e-05,0.586 +/- 0.038
2569,TOI-1759 b,TOI-1759,3.14,443.0,0.1177,4065.0,K,0.3255609928273073,0.5684052149030396,0.5864461800467426,0.09213364664783394,0.029995121475469132,0.586 +/- 0.092
2570,TOI-2295 b,TOI-2295,16.47720163,747.0,0.1992,5730.0,G,0.5886367020622996,0.5720466015324112,0.5862949008988482,0.06886078969021839,0.04053398814465575,0.586 +/- 0.069
2571,MASCARA-4 b,MASCARA-4,16.98160576,2250.0,0.0474,7800.0,A,0.5575917521344094,0.5806040289124164,0.5862202310027036,0.054721668228263395,0.030512350867115227,0.586 +/- 0.055
2572,HD 219134 g,HD 219134,3.28,310.38988613830844,0.3753,4913.0,K,0.2810323464571989,0.5527526876672679,0.5860343643041388,0.12491389021915641,0.035104843673386475,0.586 +/- 0.125
2573,Kepler-85 c,Kepler-85,1.978,706.0,0.10363,5505.2,G,0.0006026512409956,0.5748758348537933,0.5859725106045455,0.10712203676521023,6.455722839453024e-05,0.586 +/- 0.107
2574,Kepler-1154 c,Kepler-1154,2.36,1117.0,0.0875,6327.0,F,0.000218311862717,0.585526755873566,0.5859073326232732,0.02434768138143623,5.315387675221363e-06,0.586 +/- 0.024
2575,Kepler-1322 c,Kepler-1322,2.15492527,883.0,0.0652,5704.0,G,0.0002059815135574,0.5770294354822652,0.5853701381218085,0.036010384448862016,7.417473492560458e-06,0.585 +/- 0.036
2576,Kepler-256 e,Kepler-256,2.35,897.0,0.096,5551.0,G,0.0002645803775519,0.5803114136244308,0.5852211456937824,0.017710642791045544,4.685888556341666e-06,0.585 +/- 0.018
2577,Kepler-1788 b,Kepler-1788,2.37850461,956.0,0.0343,4786.0,K,0.0015572731962452,0.5714864079935524,0.585090904777112,0.023063925123200525,3.591683239456645e-05,0.585 +/- 0.023
2578,K2-15 b,K2-15,2.48,676.0,0.091,5131.0,K,0.003519424393761,0.5719776091840777,0.5849608372313024,0.04707164700079717,0.00016566510270911238,0.585 +/- 0.047
2579,Kepler-112 c,Kepler-112,2.4,538.0,0.172,5544.0,G,0.0035096925076244,0.5691724269470191,0.584835149698021,0.048341493661266506,0.00016966377811031947,0.585 +/- 0.048
2580,Kepler-1840 b,Kepler-1840,2.77771129,284.0,0.46206,4898.0,K,0.0029661933689619,0.664008417874053,0.5841526587534253,0.17304569073642695,0.0005132869803898213,0.584 +/- 0.173
2581,Kepler-269 b,Kepler-269,2.47,1007.0,0.061,5847.0,G,0.0003763510901976,0.5767158556763785,0.5840964510252469,0.034252668191097374,1.2891029015896152e-05,0.584 +/- 0.034
2582,Kepler-1364 b,Kepler-1364,2.15,1299.0,0.1284,6805.0,F,0.000377335860387,0.5830021780654955,0.5837991234571899,0.04965779872904173,1.8737668208347436e-05,0.584 +/- 0.050
2583,Kepler-193 b,Kepler-193,2.39,979.0,0.106,6335.0,F,0.0004576600485648,0.577953214293668,0.5836834782775786,0.03511291834680911,1.6069779915852513e-05,0.584 +/- 0.035
2584,HD 202772 A b,HD 202772 A,18.2370116,2181.0,0.05208,6442.0,F,0.5613171147000261,0.5724068334472533,0.5835250184104447,0.040474813361772596,0.022719205454252257,0.584 +/- 0.040
2585,Kepler-1154 b,Kepler-1154,2.34,1314.0,0.0631,6327.0,F,0.0002320707009085,0.5815582096971716,0.5835022904617604,0.030855283854833434,7.160607350921919e-06,0.584 +/- 0.031
2586,Kepler-84 b,Kepler-84,2.23,985.0,0.0827,6039.0,F,0.000464609673777,0.5795476482192143,0.5832074516255075,0.06759883272798703,3.1407071621456046e-05,0.583 +/- 0.068
2587,Kepler-652 b,Kepler-652,2.49,974.0,0.04958,5490.0,G,0.0075546837652258,0.5810326245221479,0.5825265576935299,0.04965392851329904,0.0003751197276191027,0.583 +/- 0.050
2588,Kepler-1781 b,Kepler-1781,2.38091029,1003.0,0.0574,5568.0,G,0.000428983488875,0.5698962437069647,0.5823073921306181,0.05378468298259455,2.307274095390925e-05,0.582 +/- 0.054
2589,Kepler-213 c,Kepler-213,2.34,1060.0,0.057,5696.0,G,0.0009039662062985,0.5807292642703245,0.5821879893750372,0.03655671741079785,3.304603715256525e-05,0.582 +/- 0.037
2590,HD 238090 b,HD 238090,2.52,469.6,0.0932,3933.0,K,0.2576052758117635,0.5555518240852055,0.5821379674585535,0.0801939251710177,0.02065837821210794,0.582 +/- 0.080
2591,GJ 581 b,GJ 581,4.79,424.70735792187975,0.0399,3500.0,M,0.2816883941353841,0.5544072543294385,0.5819266883963667,0.093291089004099,0.02627901704870584,0.582 +/- 0.093
2592,TOI-2449 b,TOI-2449,11.24,400.0,0.45,6021.0,F,0.4950465884527641,0.5997328853307569,0.5815654811616008,0.05647585030897248,0.02795817702542581,0.582 +/- 0.056
2593,GJ 1265 b,GJ 1265,2.63,387.86194448370605,0.026,3236.0,M,0.2707666756743705,0.5633398341748699,0.5814797869431144,0.06426705122877194,0.017401375816609048,0.581 +/- 0.064
2594,GJ 674 b,GJ 674,3.33,485.513279574256,0.039,3600.0,M,0.2866588620082487,0.5443839724647543,0.5813454970308478,0.09784630560954886,0.028048510617744597,0.581 +/- 0.098
2595,Kepler-216 b,Kepler-216,2.35,1069.0,0.079,6091.0,F,0.0004903287498716,0.5751433193140427,0.5812786694128736,0.03749436255944185,1.8384563921003646e-05,0.581 +/- 0.037
2596,TOI-480 b,TOI-480,2.85372018,1198.94,0.077,6174.0,F,0.3336775596851048,0.5683724826440136,0.5812582548817066,0.13480524943853694,0.04498148666539285,0.581 +/- 0.135
2597,Kepler-1137 b,Kepler-1137,2.2,1020.0,0.1871,6807.0,F,0.0005580462526578,0.5895850173415925,0.581003491705988,0.07838972143129419,4.374509029162256e-05,0.581 +/- 0.078
2598,Kepler-226 c,Kepler-226,2.27,919.0,0.058,5571.0,G,0.0005890302677448,0.5790991687750038,0.5808716608238599,0.07808940613996793,4.5997023806657736e-05,0.581 +/- 0.078
2599,HD 192310 c,HD 192310,5.25,185.0,1.18,5166.0,K,0.2747368621462058,0.528866865556074,0.5807898864935818,0.14566016824798722,0.04001821756414041,0.581 +/- 0.146
2600,Kapteyn c,Kapteyn,2.54,151.46049439938625,0.311,3550.0,M,0.2884298709172028,0.5372818421754696,0.5806237324449999,0.12221390629041773,0.0352501412156323,0.581 +/- 0.122
2601,Kepler-454 b,Kepler-454,2.37,916.0,0.09528,5687.0,G,0.0323548626121709,0.5818782853833633,0.5804163320557804,0.08538217983725832,0.0027625286981621615,0.580 +/- 0.085
2602,Kepler-69 b,Kepler-69,2.24,779.0,0.094,5638.0,G,0.001430532609503,0.5695788718440956,0.580162236802565,0.06868437115779093,9.825523270442723e-05,0.580 +/- 0.069
2603,Kepler-238 c,Kepler-238,2.39,1146.0,0.069,5751.0,G,0.0002481839591981,0.5918350423172671,0.5798008538947244,0.08011249609598146,1.9882636462343007e-05,0.580 +/- 0.080
2604,HD 15337 c,HD 15337,2.526,656.1,0.1235,5131.0,K,0.2835854784087321,0.5553052249759198,0.5796350053083255,0.07498941446797333,0.021265908977490915,0.580 +/- 0.075
2605,HD 156411 b,HD 156411,14.0,278.93607124961017,1.88,5900.0,G,0.1698859746506481,0.5651340412780113,0.579617318438175,0.188612553542094,0.03204262748984619,0.580 +/- 0.189
2606,Kepler-233 b,Kepler-233,2.43,751.0,0.077,5360.0,G,0.0008456829797096,0.5828944355135806,0.5796001553952075,0.05829848605210751,4.930203739710483e-05,0.580 +/- 0.058
2607,K2-77 b,K2-77,2.4996027,806.0,0.0753,5160.0,K,0.0809133349933009,0.5590503141842618,0.5792174433284789,0.1113752176935287,0.009011740299188302,0.579 +/- 0.111
2608,Kepler-317 b,Kepler-317,2.09,976.0,0.061,5497.0,G,0.0003550323571574,0.56350866261241,0.5790078337687578,0.07547851563544411,2.6797315320793393e-05,0.579 +/- 0.075
2609,GJ 328 c,GJ 328,4.91,168.3149579116847,0.657,3897.0,K,0.2443291947129859,0.5244273956849331,0.5788694006605719,0.13055111859510674,0.03189744967522195,0.579 +/- 0.131
2610,HD 183579 b,HD 183579,3.49,752.0,0.1322,5784.0,G,0.3614800810120832,0.5713733403395967,0.5787995389269336,0.054942325234160636,0.01986055617663661,0.579 +/- 0.055
2611,Kepler-254 d,Kepler-254,2.5,686.0,0.139,5957.0,G,0.0004634244421884,0.5800544195821673,0.5778900813983004,0.07197583052460682,3.335535911191273e-05,0.578 +/- 0.072
2612,K2-44 b,K2-44,2.433,1211.0,0.06,5912.0,G,0.0049752412707133,0.5774478912485728,0.5772341217531382,0.0615144805933599,0.00030604938259457654,0.577 +/- 0.062
2613,Kepler-256 d,Kepler-256,2.48,1097.0,0.064,5551.0,G,0.0002286699742153,0.5749070578924665,0.5765673443494596,0.03620488847290771,8.278970913567618e-06,0.577 +/- 0.036
2614,GJ 1151 c,GJ 1151,3.25,80.76819966583851,0.5714,3280.0,M,0.2768345332066114,0.5473465990622491,0.5758265979857066,0.12286766089524681,0.034014011550123874,0.576 +/- 0.123
2615,Kepler-289 e,Kepler-289,2.94,286.0,0.9342,5990.0,G,0.0012585165957735,0.6843617624750501,0.5756469472190673,0.21334766018803705,0.00026850157101608986,0.576 +/- 0.213
2616,Kepler-1739 b,Kepler-1739,2.43056832,839.0,0.0697,5757.0,G,0.0005308111036938,0.5681909090116071,0.5755698289083471,0.04228132044416057,2.24433943705961e-05,0.576 +/- 0.042
2617,Kepler-240 c,Kepler-240,2.2,696.0,0.074,4985.0,K,0.0008088234036384,0.5603741415151798,0.5753877800051185,0.07156087847543748,5.7880113295857255e-05,0.575 +/- 0.072
2618,GJ 3473 c,GJ 3473,2.63,329.1,0.0876,3347.0,M,0.2281808404998347,0.556581423761199,0.5748171835600379,0.08585203432202777,0.019589789350220953,0.575 +/- 0.086
2619,HD 18599 b,HD 18599,2.6,863.0,0.048,5145.0,K,0.3358277196002546,0.5625800200095359,0.5746590001562126,0.08236903606055532,0.02766180554588743,0.575 +/- 0.082
2620,Kepler-1765 b,Kepler-1765,2.49508857,855.0,0.0917,5692.0,G,0.0008171503029364,0.5738226062444461,0.5740315224535153,0.05781167753403524,4.724082981019837e-05,0.574 +/- 0.058
2621,KELT-9 b,KELT-9,21.196219,4050.0,0.03462,10170.0,B,0.5412216419889962,0.5703698610681389,0.5735765912873411,0.05245004601510911,0.028387100026695762,0.574 +/- 0.052
2622,Kepler-510 b,Kepler-510,2.47,797.0,0.1352,5746.0,G,0.0097506923103455,0.5723927872018406,0.5733142450670605,0.0828207671775405,0.000807559817654959,0.573 +/- 0.083
2623,Kepler-112 b,Kepler-112,2.36,809.0,0.076,5544.0,G,0.003227811643334,0.5663439885969995,0.5733134290067684,0.03544945767494877,0.00011442417223307546,0.573 +/- 0.035
2624,bet Pic b,bet Pic,18.49485,1612.0,10.018,8038.68,A,0.2462483241769379,0.4920921114810123,0.5723003986546791,0.14892498445269,0.036672527849551446,0.572 +/- 0.149
2625,TOI-677 b,TOI-677,13.11450742,1252.0,0.1041,6295.0,F,0.4894055181468883,0.568668455116163,0.5722851455825367,0.0299440688056065,0.014654792509233924,0.572 +/- 0.030
2626,TOI-5082.01,TOI-5082,2.54811,1164.91,0.051204842,5670.0,G,0.3722557631431016,0.5673952527218278,0.571934230971428,0.05835283106656242,0.02172217766024368,0.572 +/- 0.058
2627,WASP-132 b,WASP-132,10.09929161,682.0,0.0674,4686.0,K,0.4962048826831594,0.5925319346463725,0.5718104663261818,0.06253387254970541,0.031029612892250213,0.572 +/- 0.063
2628,GJ 3293 c,GJ 3293,4.87,161.5547338347102,0.36175,3466.0,M,0.2451522569983183,0.539065880984758,0.5716595867349804,0.09103426517672267,0.022317255572256972,0.572 +/- 0.091
2629,GJ 687 c,GJ 687,4.14,90.20320630629269,1.165,3413.0,M,0.2866576293777922,0.5415137521304295,0.5712349057594166,0.1367309468183327,0.03919496907752423,0.571 +/- 0.137
2630,Kepler-287 b,Kepler-287,2.33,667.0,0.145,5806.0,G,0.0005457920107399,0.5731715924973807,0.5712266081842675,0.09102827832205898,4.968250705958782e-05,0.571 +/- 0.091
2631,GJ 3779 b,GJ 3779,2.75,481.98355228115867,0.026,3324.0,M,0.26147860786109,0.5593229710953727,0.5710061680788713,0.05310582835563596,0.013886038067741689,0.571 +/- 0.053
2632,GJ 3138 d,GJ 3138,3.23,138.75689374848218,0.698,3717.0,K,0.2256692596845467,0.520514919987693,0.570564416913154,0.13503880118584688,0.030474106292298752,0.571 +/- 0.135
2633,HD 3167 c,HD 3167,3.0,564.0,0.1776,5261.0,G,0.3570580701596276,0.5692618337733989,0.5704384418507433,0.033574497753970735,0.011988045374611542,0.570 +/- 0.034
2634,HD 15906 c,HD 15906,2.93,532.0,0.141,4757.0,K,0.286183651664511,0.5630612517803035,0.5703431180623241,0.08251034075716107,0.02361311061796749,0.570 +/- 0.083
2635,TOI-1135 b,TOI-1135,9.91994792,1171.0,0.0815,6320.0,F,0.5217920365081319,0.5705738324728087,0.5702796274048701,0.03910907573270997,0.020406804272521496,0.570 +/- 0.039
2636,GJ 338 B b,GJ 338 B,3.25,391.0,0.142,4014.0,K,0.2815913410379742,0.5601513128481118,0.5701395210905541,0.06146924911549011,0.017309208291028166,0.570 +/- 0.061
2637,TOI-620 b,TOI-620,3.76,603.6,0.04825,3708.0,K,0.3307256914056041,0.5559087435402106,0.5697385064971983,0.06421632582895578,0.021237988759308955,0.570 +/- 0.064
2638,TOI-3884 b,TOI-3884,6.43,441.0,0.0361,3180.0,M,0.3429988701854216,0.5607831143493394,0.5695530428105804,0.07830005882962378,0.026856831714013,0.570 +/- 0.078
2639,Kepler-32 f,Kepler-32,0.82,1026.0,0.013,3900.0,K,0.0119121467750626,0.6023866777498119,0.5694862742695245,0.12773811975280142,0.0015216352312658935,0.569 +/- 0.128
2640,Kepler-106 c,Kepler-106,2.5,785.0,0.10987,5858.0,G,0.0052574309056103,0.6400455408682117,0.5694128525640388,0.13688924886606418,0.0007196857676342256,0.569 +/- 0.137
2641,KOBE-1 c,KOBE-1,3.56,392.5,0.16071,4135.0,K,0.2360549164212634,0.5520870279501513,0.5692701926892236,0.08112722245055456,0.019150479715054902,0.569 +/- 0.081
2642,HD 285968 b,HD 285968,2.83,450.0,0.066,3703.49,K,0.2728925081632841,0.5617701955916417,0.5689598661235696,0.04615576032693493,0.012595561201800673,0.569 +/- 0.046
2643,GJ 685 b,GJ 685,2.95,337.3730044002301,0.1344,3816.0,K,0.2599859197278466,0.5605598066149581,0.5682999128172684,0.05352649433457938,0.013916134859382992,0.568 +/- 0.054
2644,HD 2685 b,HD 2685,16.14096,2061.0,0.0568,6801.0,F,0.5457228520896191,0.5755639985280878,0.5682884958453703,0.031693708092776135,0.017295980773685635,0.568 +/- 0.032
2645,GJ 414 A b,GJ 414 A,2.63,308.6,0.2324,4120.0,K,0.2663708403837205,0.5318101666998828,0.567831057351874,0.08958009063022815,0.023861524022823717,0.568 +/- 0.090
2646,TOI-1518 b,TOI-1518,21.05046575,2546.0,0.03712,7299.0,F,0.5348283115620236,0.5758430934576653,0.567759086828755,0.04402664989130243,0.023546698825097627,0.568 +/- 0.044
2647,Kepler-338 b,Kepler-338,2.44,1005.0,0.117,5923.0,G,0.002925304874081,0.5985869384372411,0.5676923512901897,0.15635740501863404,0.00045739307899966716,0.568 +/- 0.156
2648,TOI-2406 b,TOI-2406,2.86,449.0,0.02267,3100.0,M,0.1948583548062282,0.5418301784078186,0.56760003972506,0.10650306323546796,0.020753011683886973,0.568 +/- 0.107
2649,HD 48948 c,HD 48948,2.6,553.0,0.1951,4593.0,K,0.2533417770851778,0.5079379622599403,0.5675170783827961,0.1048449795015512,0.02656161342538202,0.568 +/- 0.105
2650,HAT-P-1 b,HAT-P-1,14.784671,1322.0,0.05561,5980.0,G,0.5171361336778123,0.5732061341720599,0.5674231220482853,0.04246236099358898,0.021958821191056153,0.567 +/- 0.042
2651,TOI-5398 b,TOI-5398,10.3,947.0,0.098,6000.0,F,0.5273441706431334,0.5705778932722227,0.5670002899209885,0.04987133980491809,0.02629936032828642,0.567 +/- 0.050
2652,WASP-7 b,WASP-7,14.90797,1487.0,0.0617,6400.0,F,0.4761989915769378,0.5674818776210984,0.566828396345166,0.017572015963164073,0.008367776281632584,0.567 +/- 0.018
2653,HD 63935 b,HD 63935,2.91575244,825.22,0.083,5513.0,G,0.3555819420398619,0.5711062233655348,0.5667843305339177,0.05120905961522144,0.0182090168680155,0.567 +/- 0.051
2654,Kepler-282 d,Kepler-282,2.46,588.0,0.15837,5656.0,G,0.0005280823042297,0.5669868476928677,0.566628276135673,0.1459138300039639,7.7054511567474e-05,0.567 +/- 0.146
2655,HIP 9618 c,HIP 9618,3.42855926,470.31,0.269,5649.0,G,0.3293392789929478,0.5643184788147959,0.5663672496694678,0.034436470383902566,0.01134128232729647,0.566 +/- 0.034
2656,HD 191939 d,HD 191939,2.995,540.0,0.2132,5348.0,G,0.361088074968066,0.5588961256511042,0.5663248977717714,0.1634538312142987,0.0590212292593263,0.566 +/- 0.163
2657,WASP-74 b,WASP-74,15.24424,1865.0,0.03443,5990.0,G,0.5414191558185982,0.5730854072643918,0.5662976409894714,0.06156031182115513,0.033329932058139486,0.566 +/- 0.062
2658,Kepler-416 b,Kepler-416,2.48,986.0,0.0674,5718.0,G,0.0011559931808006,0.5725539552979115,0.5657015367761614,0.12027353565046106,0.00013903538704271084,0.566 +/- 0.120
2659,TOI-1824 b,TOI-1824,2.7438269,528.67,0.151,5165.0,K,0.2477842222621445,0.5597309411843973,0.5656294392221547,0.0772371436446631,0.019138145567742383,0.566 +/- 0.077
2660,Kepler-23 d,Kepler-23,2.206,896.0,0.12012,5828.0,G,0.0006392744079601,0.5783525342823682,0.5655233749576017,0.11264545531090762,7.201135675327637e-05,0.566 +/- 0.113
2661,K2-282 b,K2-282,2.5,1057.0,0.0499,5499.0,G,0.0038198697004752,0.5741426388323191,0.5654304645405414,0.09744722344835413,0.0003722356962458044,0.565 +/- 0.097
2662,WASP-95 b,WASP-95,13.78707,1570.0,0.03416,5830.0,G,0.4572471278159558,0.5674334536947316,0.5653999997690897,0.03774448047104332,0.01725855528628999,0.565 +/- 0.038
2663,TOI-1710 b,TOI-1710,5.20315158,602.99,0.166,5684.0,G,0.3948113333456182,0.5651281923400816,0.5652866878769083,0.04313249495551282,0.017029197843909168,0.565 +/- 0.043
2664,HD 4208 b,HD 4208,13.9,179.9047296946593,1.662,5717.0,G,0.2131178874167368,0.453458237280017,0.5651875933517431,0.2047897502533492,0.04364435893859492,0.565 +/- 0.205
2665,Kepler-161 c,Kepler-161,2.05,769.0,0.068,5078.0,K,0.0047114340751318,0.5702618902573452,0.5649222572272898,0.08388769768077384,0.0003952313573375527,0.565 +/- 0.084
2666,Kepler-307 b,Kepler-307,2.43,797.0,0.09359,5367.0,G,0.0021742778480676,0.582470198968933,0.5645702682144834,0.10042937484408414,0.00021836136501876964,0.565 +/- 0.100
2667,TOI-712 c,TOI-712,2.701,369.9,0.2447,4622.0,K,0.2315908341786398,0.5447833928171515,0.5645688913426395,0.09248259134386186,0.02141812047632722,0.565 +/- 0.092
2668,HR 810 b,HR 810,12.7,301.456028706566,0.92,6167.0,F,0.2522956148141279,0.5526771293277682,0.5645074426047523,0.09326134441018943,0.023529428226360873,0.565 +/- 0.093
2669,Kepler-307 c,Kepler-307,2.2,739.0,0.10896,5367.0,G,0.0019678272656021,0.5745549820530903,0.5644307697659188,0.13583030323350523,0.0002672905741978927,0.564 +/- 0.136
2670,LHS 3154 b,LHS 3154,3.69,314.4955007610329,0.02262,2861.0,M,0.2562558795196183,0.5555269279485435,0.5644117303362338,0.0727480029196286,0.018642103471465186,0.564 +/- 0.073
2671,gam Cep b,gam Cep,12.7,314.17922359140954,2.13,4775.0,K,0.260540540461293,0.5564751331282439,0.5642177786834477,0.0957608062939658,0.024949572226839037,0.564 +/- 0.096
2672,HAT-P-20 b,HAT-P-20,9.718,970.0,0.0361,4595.0,K,0.3737445595451885,0.5643253407295202,0.5637175765547361,0.09571240015863969,0.035771988840303616,0.564 +/- 0.096
2673,Kepler-221 b,Kepler-221,1.71,1090.0,0.037,5243.0,G,0.0070443451842565,0.5484079654476957,0.5636754586786612,0.1349732336631054,0.0009507980485582239,0.564 +/- 0.135
2674,HIP 9618 b,HIP 9618,3.82838127,640.88,0.145,5649.0,G,0.334466077195386,0.5625393934614694,0.5636121802240409,0.03415326709024217,0.011423109267079574,0.564 +/- 0.034
2675,BEBOP-3 b,BEBOP-3,14.2,263.31715281044814,1.444,6033.0,F,0.0912189330398927,0.6958058884985147,0.563472364797581,0.3193726976307815,0.02913283671995216,0.563 +/- 0.319
2676,ups And c,ups And,12.3,372.7898295855745,0.827774,6156.77,F,0.2623628514044924,0.545712861437909,0.5633204875057597,0.10697002040944892,0.028064959569419765,0.563 +/- 0.107
2677,WASP-14 b,WASP-14,15.46842,1872.0,0.037,6475.0,F,0.4493973398794305,0.5677888023272054,0.5631032390968996,0.036366516664750693,0.01634301584981994,0.563 +/- 0.036
2678,HD 110067 g,HD 110067,2.607,440.0,0.2621,5266.0,G,0.2174997007479289,0.5316149356150636,0.5629368957519514,0.1027153708175476,0.02234056241502915,0.563 +/- 0.103
2679,TOI-622 b,TOI-622,9.2362001,1388.0,0.0708,6400.0,F,0.4549176539443185,0.5575454135708927,0.5624525766413627,0.05061107022443735,0.023023869330112193,0.562 +/- 0.051
2680,GJ 480 b,GJ 480,2.91,406.0,0.068,3509.0,M,0.2601932111005089,0.5578993531591527,0.5624463587202203,0.04159710920454201,0.01082328541642832,0.562 +/- 0.042
2681,K2-22 b,K2-22,2.3,2100.0,0.009,3879.0,K,0.0316904637328613,0.5440276051520873,0.56224395696261,0.1269103046467453,0.004021846406734061,0.562 +/- 0.127
2682,Kepler-32 c,Kepler-32,2.0,451.0,0.09,3900.0,K,0.0129543461524088,0.5655152700739774,0.5621058289065647,0.09249436307811781,0.001198203996460518,0.562 +/- 0.092
2683,GJ 4276 b,GJ 4276,4.22,332.82059460031167,0.082,3387.0,M,0.24235909129213,0.5248234605062454,0.562063364455572,0.08845144570146006,0.02143701200368104,0.562 +/- 0.088
2684,HD 152843 c,HD 152843,5.94,253.08,0.1482,6310.0,F,0.2310382621458567,0.4774736059462089,0.5618689697645284,0.21676264409852353,0.05008046459066372,0.562 +/- 0.217
2685,GJ 3090 c,GJ 3090,3.14,407.2,0.0997,3707.0,K,0.2396145222162914,0.5547575037292768,0.5618431711343306,0.06488216256443327,0.015546708383236426,0.562 +/- 0.065
2686,GJ 163 b,GJ 163,3.25,401.0804906215863,0.0607,3500.0,M,0.2578808030947005,0.5559128517247,0.5614669773548061,0.043580065746054934,0.011238462353512495,0.561 +/- 0.044
2687,WASP-76 b,WASP-76,20.78145022,2228.0,0.033,6329.0,F,0.5470726282917644,0.5649469064516893,0.5611280170350109,0.04108706680257573,0.022477609624484404,0.561 +/- 0.041
2688,HD 211970 b,HD 211970,3.66,364.7483254766643,0.143,4127.0,K,0.2630924456155354,0.5543878455748787,0.5610071668009714,0.04333469249661826,0.01140103022893249,0.561 +/- 0.043
2689,HD 31527 d,HD 31527,3.46,299.5441636608499,0.8098,5898.0,G,0.2042427984590717,0.5292539447837216,0.5606463400975625,0.11625984197147336,0.02374523547266316,0.561 +/- 0.116
2690,Gl 410 b,Gl 410,2.83,541.8944859453804,0.0531,3842.0,K,0.266256059288618,0.5427095453282291,0.5602820008041515,0.0542672169011609,0.01444897532066379,0.560 +/- 0.054
2691,HD 134606 d,HD 134606,7.59,189.9629888884015,1.941,5576.0,G,0.2294932172634423,0.4726177449001965,0.5602623579960022,0.16833146381281047,0.03863092919706659,0.560 +/- 0.168
2692,TOI-1333 b,TOI-1333,15.647764,1679.0,0.0626,6274.0,F,0.452628119524791,0.5666247292828153,0.5600399042890597,0.03202039277509162,0.014493330168234923,0.560 +/- 0.032
2693,LSPM J2116+0234 b,LSPM J2116+0234,3.71,339.9743154690011,0.0876,3475.0,M,0.2515106852337564,0.5437130498235171,0.5600387836850571,0.06202312363258405,0.015599478325169206,0.560 +/- 0.062
2694,HD 191939 c,HD 191939,3.195,600.0,0.1752,5348.0,G,0.3473961537932382,0.5635681071144689,0.5598739684693086,0.037839380153878915,0.013145255127377724,0.560 +/- 0.038
2695,GJ 2056 b,GJ 2056,4.17,284.2334868380559,0.283,4069.95,K,0.2257320044598587,0.5111911939019006,0.5592020462345453,0.1050316610129569,0.023709007372203154,0.559 +/- 0.105
2696,GJ 3082 b,GJ 3082,2.79,418.4997956407836,0.079,3910.0,K,0.2540666094723413,0.5554955182827616,0.559156850667252,0.047049757055947675,0.01195377225170199,0.559 +/- 0.047
2697,TOI-880 c,TOI-880,4.95,805.0,0.0635,5050.0,K,0.3529060219840805,0.5570951254509814,0.5589244537090501,0.04087979836965901,0.014426727022147659,0.559 +/- 0.041
2698,GJ 3942 b,GJ 3942,2.57,590.0,0.0608,3867.0,K,0.2532799692324337,0.5567094093603701,0.5588201219322827,0.03436249743073453,0.008703332292006023,0.559 +/- 0.034
2699,WASP-99 b,WASP-99,11.43318,1480.0,0.0717,6150.0,F,0.4002386739229863,0.5680155521038733,0.5587544233438224,0.046136559969898135,0.01846563558172036,0.559 +/- 0.046
2700,HD 142 b,HD 142,12.7,327.63331299741685,1.039,6245.0,F,0.230887245042795,0.5465498052983715,0.5585414872281352,0.10669905517777686,0.024635450898666072,0.559 +/- 0.107
2701,KELT-17 b,KELT-17,17.093725,2087.0,0.04881,7454.0,F,0.4909526540914469,0.5615136692545976,0.5576591506903181,0.03777918276868101,0.0185477900496898,0.558 +/- 0.038
2702,HIP 4845 b,HIP 4845,3.89,327.65052305664125,0.176,4010.0,K,0.2429385363842163,0.5443550506722781,0.5573540771411887,0.05683352288081817,0.013807052866224835,0.557 +/- 0.057
2703,TOI-815 c,TOI-815,2.62,469.0,0.193,4869.0,K,0.2223785200981277,0.5419286365724144,0.5572107677954383,0.07979192065728323,0.017744009231553868,0.557 +/- 0.080
2704,WASP-117 b,WASP-117,11.88154,1001.0,0.09459,6040.0,F,0.4295813628706902,0.5585414376322951,0.5566628445832987,0.03584392585038895,0.01539788251744605,0.557 +/- 0.036
2705,TOI-674 b,TOI-674,5.25,635.0,0.025,3514.0,M,0.2834308339154391,0.5495435618613898,0.5563666980107582,0.05058953447245801,0.014338633942922627,0.556 +/- 0.051
2706,KELT-4 A b,KELT-4 A,19.044091,1823.0,0.04317,6206.0,F,0.5023871053632467,0.567080404907467,0.555939363243275,0.031258029131907575,0.015703630774939085,0.556 +/- 0.031
2707,Kepler-34 b,Kepler-34,8.564,269.30519727724794,1.0896,5913.0,G,4.531681363810649e-09,0.6621425842122468,0.5555747438069651,0.2753260336560077,1.2476898556908337e-09,0.556 +/- 0.275
2708,GJ 3634 b,GJ 3634,2.83,600.4410349084131,0.0287,3517.0,M,0.2446927824860372,0.5542338581301967,0.5555013399697395,0.052128938651104906,0.012755575046582791,0.556 +/- 0.052
2709,WASP-62 b,WASP-62,14.79588,1475.3,0.0571,6230.0,F,0.4456467705553358,0.5611563925795907,0.5553786513269566,0.035202568896565305,0.01568791114400604,0.555 +/- 0.035
2710,WASP-94 A b,WASP-94 A,17.71022,1604.0,0.055,6170.0,F,0.509396294174978,0.5633139755723258,0.5551289006238337,0.03326825380444745,0.016946725201658144,0.555 +/- 0.033
2711,TOI-178 d,TOI-178,2.695,690.0,0.0592,4316.0,K,0.1931722621380349,0.5205413034068982,0.5550498814259723,0.10102901072227627,0.01951600254278989,0.555 +/- 0.101
2712,GJ 27.1 b,GJ 27.1,3.66,354.10249119955046,0.101,3542.0,M,0.2369195127146837,0.5491358500249088,0.5548474991422834,0.03575795001750239,0.008471756093822683,0.555 +/- 0.036
2713,Qatar-6 b,Qatar-6,11.903958,1006.0,0.0423,5052.0,K,0.3726686106785967,0.5544609923680149,0.5547242335159979,0.046268493483889936,0.017242815184832967,0.555 +/- 0.046
2714,Kepler-254 c,Kepler-254,2.15,787.0,0.105,5957.0,G,0.0003446202668921,0.5729280932125108,0.5544135776829097,0.10578411446062225,3.64553497583641e-05,0.554 +/- 0.106
2715,WASP-34 b,WASP-34,11.209,1250.0,0.0524,5700.0,G,0.4281647101946925,0.5617638914976312,0.554354641016491,0.052671188893711286,0.0225519443282858,0.554 +/- 0.053
2716,HD 192310 b,HD 192310,4.27,355.0,0.32,5166.0,K,0.2747368621462058,0.5484947529381667,0.5543149169698165,0.08105178345222967,0.022267912657019346,0.554 +/- 0.081
2717,Kepler-83 c,Kepler-83,2.36,362.0,0.11796,4082.0,K,0.0067158420602042,0.5645392938237414,0.55431173046152,0.11856976370269214,0.000796295806143013,0.554 +/- 0.119
2718,K2-136 c,K2-136,3.0,470.0,0.1185,4500.0,K,0.2358547665512104,0.5513609581014813,0.5542219256155503,0.054795336447384504,0.012923741285892904,0.554 +/- 0.055
2719,GJ 3512 b,GJ 3512,14.3,88.89530710728187,0.3376,3141.0,M,0.2728490671339822,0.4416993072755579,0.5540793315709444,0.1506286201622386,0.04109887849494575,0.554 +/- 0.151
2720,Kepler-29 c,Kepler-29,2.34,715.0,0.10027,5378.0,G,0.0007961749706487,0.5675663361077801,0.5537399860677146,0.11240151266010341,8.949127104302731e-05,0.554 +/- 0.112
2721,HD 110067 f,HD 110067,2.601,489.0,0.2163,5266.0,G,0.2174997007479289,0.5136179401648325,0.5534240627478068,0.09650239504626877,0.020989242044021875,0.553 +/- 0.097
2722,KOBE-1 b,KOBE-1,2.91,594.4,0.07006,4135.0,K,0.2360549164212634,0.5535621357090249,0.5528692157079924,0.04314232801777141,0.01018395863445376,0.553 +/- 0.043
2723,KELT-3 b,KELT-3,17.48604,1816.0,0.04123,6304.0,F,0.3888209104687713,0.5576104451182318,0.5528495175729252,0.028140917143138114,0.010941777025021216,0.553 +/- 0.028
2724,TOI-1670 c,TOI-1670,11.06326395,684.0,0.249,6170.0,F,0.3659422438211481,0.5578996391521386,0.5525585607622506,0.03686030301251146,0.01348874199232587,0.553 +/- 0.037
2725,HD 35843 c,HD 35843,2.54,479.0,0.25,5666.0,G,0.2350093995296381,0.5502114017695816,0.5525358025650989,0.04402924068620175,0.010347285415410185,0.553 +/- 0.044
2726,GJ 720 A b,GJ 720 A,3.77,401.0,0.119,3837.0,K,0.2567768640916689,0.5508163797433859,0.5524589164569929,0.020535807769886474,0.005273120320740777,0.552 +/- 0.021
2727,WASP-43 b,WASP-43,10.424,1426.7,0.0142,4400.0,K,0.3694618973858682,0.5656654432463561,0.5523632100556036,0.08638893119520971,0.0319174184325194,0.552 +/- 0.086
2728,HIP 54373 b,HIP 54373,2.87,531.1191623649736,0.063,4021.0,K,0.2487913204626436,0.5526297310322851,0.5520106841839119,0.02585829562643826,0.0064333195138149765,0.552 +/- 0.026
2729,TOI-782 b,TOI-782,2.734,435.0,0.0578,3370.0,M,0.2027866550463337,0.5456222054652873,0.5513909110521694,0.07504545505073658,0.015218216806168859,0.551 +/- 0.075
2730,HD 216520 b,HD 216520,3.18,440.9653717679901,0.198,5103.0,K,0.2467220685785384,0.5517138147991105,0.5510070047392567,0.03855813250023283,0.009513142210982815,0.551 +/- 0.039
2731,Gl 378 b,Gl 378,3.66,830.0,0.039435,3879.0,K,0.2583299062985639,0.5478808097649737,0.5506664399516956,0.027992932285463522,0.007231411574325836,0.551 +/- 0.028
2732,HIP 54373 c,HIP 54373,3.57,423.686521383107,0.099,4021.0,K,0.2487913204626436,0.5481869955661279,0.5501113875494769,0.02550959418696426,0.006346565622241016,0.550 +/- 0.026
2733,WASP-97 b,WASP-97,12.77826,1555.0,0.03303,5640.0,G,0.353494939710067,0.5572078916261466,0.5499856314450997,0.03816351452752497,0.013490609267031706,0.550 +/- 0.038
2734,TOI-1064 c,TOI-1064,2.651,634.0,0.09429,4734.0,K,0.1885662785115875,0.4641438615332429,0.5497688142438524,0.15029690371761828,0.02834092780584566,0.550 +/- 0.150
2735,TOI-3235 b,TOI-3235,11.39953337,604.0,0.02709,3388.8,M,0.3405058346230862,0.5552457933649777,0.5496175604185976,0.05657678543937836,0.0192647255463268,0.550 +/- 0.057
2736,HD 191939 b,HD 191939,3.41,880.0,0.0804,5348.0,G,0.340937756556217,0.5610042563574172,0.5494878039003784,0.0598787913009686,0.020414940771450157,0.549 +/- 0.060
2737,WASP-29 b,WASP-29,8.63093,970.0,0.0457,4800.0,K,0.3795149666048392,0.5499585447626105,0.5492992525746416,0.06347665038774643,0.02409033885209264,0.549 +/- 0.063
2738,HIP 48714 b,HIP 48714,5.11,408.3759651083212,0.112,4015.5,K,0.2700168797552321,0.5288348612282519,0.549254211107773,0.05904472154398547,0.015943071477323486,0.549 +/- 0.059
2739,Kepler-32 b,Kepler-32,2.2,514.0,0.05,3900.0,K,0.0130789237755431,0.5680184796228929,0.5484940891758796,0.09957503594842292,0.0013023343051163873,0.548 +/- 0.100
2740,HD 12661 b,HD 12661,13.3,297.59089760664943,0.84,5645.0,G,0.205470911626855,0.4715580022400862,0.5484271594585899,0.1605154200089461,0.032981249679405675,0.548 +/- 0.161
2741,HD 108236 e,HD 108236,3.083,636.0,0.1367,5660.0,G,0.2669722858575357,0.5519446633978837,0.5482448524546368,0.02295238004024197,0.006127649365214276,0.548 +/- 0.023
2742,K2-25 b,K2-25,3.44,494.0,0.0287,3207.0,M,0.221288810827675,0.5178077371472192,0.5482357755503275,0.0846625005820743,0.01873486407550456,0.548 +/- 0.085
2743,HD 13808 c,HD 13808,3.13,388.3463811177807,0.2554,5035.0,K,0.2262130998416683,0.5391077954416632,0.5480961373037174,0.07648955352664648,0.01730293900876791,0.548 +/- 0.076
2744,HD 50554 b,HD 50554,12.8,173.86137002024995,2.353,5987.0,G,0.2196682546035956,0.508271430420751,0.547657282132393,0.1327562537485315,0.029162334548651962,0.548 +/- 0.133
2745,GJ 724 b,GJ 724,3.27,611.0,0.04685,3799.0,K,0.2531860197925472,0.5324110054001303,0.5473487645952263,0.046587686343181785,0.011795350876573803,0.547 +/- 0.047
2746,GJ 86 b,GJ 86,12.9,604.7155629465777,0.11,5182.0,K,0.2693324458284616,0.5373513658692153,0.5471255986352116,0.09995840865139695,0.026922042683201596,0.547 +/- 0.100
2747,WASP-127 b,WASP-127,14.694999,1400.0,0.0484,5620.0,G,0.4823554588519127,0.5515670357398349,0.5469643947174302,0.0443308634644362,0.02138323398768962,0.547 +/- 0.044
2748,HIP 8541 b,HIP 8541,12.6,279.08687343287795,3.729,4672.0,K,0.0635973927275677,0.5146319484166119,0.546955754936835,0.21013288395502805,0.01336390354586433,0.547 +/- 0.210
2749,TOI-2447 b,TOI-2447,9.60609646,414.0,0.347,5730.0,G,0.3899755211095999,0.5616367649352604,0.5468448741147699,0.048689863514135026,0.0189878548966801,0.547 +/- 0.049
2750,Kepler-203 c,Kepler-203,2.47,1096.0,0.061,5821.0,G,0.0008982157014802,0.5255206716094454,0.5464521181025368,0.1003208708488328,9.010978138258891e-05,0.546 +/- 0.100
2751,Kepler-113 c,Kepler-113,2.18,628.0,0.07796,4725.0,K,0.0245024662324075,0.5642370411538901,0.5462856964965302,0.11766538523257954,0.0028830921283845004,0.546 +/- 0.118
2752,Kepler-1654 b,Kepler-1654,9.180171,206.0,2.026,5597.0,G,0.0282351061030732,0.2224065783858154,0.5459639223002528,0.30226343360890917,0.008534440119026772,0.546 +/- 0.302
2753,HD 219415 b,HD 219415,13.8,202.3838088831554,3.2,4820.0,K,0.0575090585075018,0.9785203700235976,0.5453364814242624,0.3313771203742159,0.019057186203648248,0.545 +/- 0.331
2754,HD 40979 b,HD 40979,12.9,324.4300102855499,0.85,6165.0,F,0.2133426320897107,0.5272873243134405,0.5450641568166763,0.10950904074928122,0.02336294699107104,0.545 +/- 0.110
2755,HD 126614 b,HD 126614,12.7,191.66236631302576,2.249,5568.0,G,0.1444338294017989,0.1181629191981543,0.5444076600758433,0.28492573440735447,0.0411529149155741,0.544 +/- 0.285
2756,HD 42618 b,HD 42618,3.89,337.0,0.554,5727.0,G,0.2351972384463949,0.5408736089334604,0.5442090601764479,0.060788250952038485,0.014297228753905888,0.544 +/- 0.061
2757,HD 69830 c,HD 69830,3.46,518.6600375672184,0.186,5385.0,G,0.2645926503013533,0.5510830758938889,0.5442010963351657,0.01811479442978224,0.004793041467840276,0.544 +/- 0.018
2758,Kepler-1536 b,Kepler-1536,3.14,166.0,0.8507,4434.0,K,0.0089268385923607,0.3253384601493133,0.544054459243355,0.26096374916202386,0.002329581267226692,0.544 +/- 0.261
2759,TOI-5789 e,TOI-5789,3.43,424.0,0.2901,5185.0,K,0.2444966175471384,0.5390755640689875,0.5440540437068573,0.054476015328523045,0.013319201485269947,0.544 +/- 0.054
2760,TOI-444 b,TOI-444,2.77,609.0,0.133,5225.0,G,0.252678980278598,0.5357860441865316,0.5440121803178948,0.052210172402755925,0.013192413122898164,0.544 +/- 0.052
2761,GJ 160.2 b,GJ 160.2,3.17,674.1156633953168,0.053,4347.0,K,0.2316495049166534,0.5474074286533419,0.5439524131356246,0.02697378043381557,0.006248462883223889,0.544 +/- 0.027
2762,TOI-1233.01,HD 108236,2.539,708.0,0.1074,5660.0,G,0.228608542625348,0.5445040571552622,0.5436631605584217,0.03896604373931375,0.008907970471120082,0.544 +/- 0.039
2763,WASP-140 b,WASP-140,14.23540549,1270.0,0.0323,5300.0,G,0.3861065644581,0.5593183946230745,0.543276135540294,0.06720817340966292,0.02594951693870918,0.543 +/- 0.067
2764,Kepler-161 b,Kepler-161,2.12,868.0,0.054,5078.0,K,0.0048966596372191,0.557953437893155,0.5430322787007953,0.1148899165006829,0.0005625768168523666,0.543 +/- 0.115
2765,TOI-6041 b,TOI-6041,4.55,605.6,0.1651,5445.0,G,0.2925591033939505,0.5485907828035609,0.5430037296335655,0.032102946765470874,0.009392009322009884,0.543 +/- 0.032
2766,HD 134060 c,HD 134060,5.91,183.55423844862605,2.3928,5966.0,G,0.2359588616187582,0.5203823698842341,0.5427630711115405,0.11883119130396436,0.028039272624884308,0.543 +/- 0.119
2767,HD 69830 b,HD 69830,3.17,798.3704073842928,0.0785,5385.0,G,0.2645926503013533,0.5506338593336028,0.5427545622497328,0.026789777911886255,0.007088378338690639,0.543 +/- 0.027
2768,HD 141004 b,HD 141004,3.77,869.6173080779313,0.1238,5885.38,G,0.2665693605994048,0.5457714804350988,0.5423612099305058,0.05315214872082422,0.014168734298994583,0.542 +/- 0.053
2769,TIC 46432937 b,TIC 46432937,13.31626907,872.0,0.02065,3572.0,M,0.3106360745822749,0.5515410131945321,0.5419468023433771,0.074279291571253,0.02307382755644629,0.542 +/- 0.074
2770,HIP 35173 b,HIP 35173,3.61,406.4310364718941,0.217,4881.0,K,0.2153404953404165,0.5380686194088358,0.5414551049920483,0.057941231158073925,0.012477093418213212,0.541 +/- 0.058
2771,TOI-1806.01,TOI-1806,3.4095367,337.47,0.087735044,3272.0,M,0.2027070485470123,0.5257513972360337,0.5412661700908221,0.07589390543603862,0.015384229573645441,0.541 +/- 0.076
2772,HD 190007 b,HD 190007,4.06,595.833990082371,0.092,4610.0,K,0.2641828493711527,0.5343218623428014,0.540892851241852,0.04992296117451631,0.013188790132129148,0.541 +/- 0.050
2773,HD 111232 b,HD 111232,12.6,157.36858585866412,2.148,5512.0,G,0.2245753924543474,0.5255261699974378,0.5402802382800383,0.1306238709248627,0.02933490707685706,0.540 +/- 0.131
2774,TOI-1259 A b,TOI-1259 A,11.45557828,963.0,0.0407,4775.0,K,0.3921579375553691,0.5533791435065525,0.5401937061522168,0.06637998100485525,0.02603143644582861,0.540 +/- 0.066
2775,TOI-1136 d,TOI-1136,4.627,843.0,0.1062,5770.0,G,0.3106803827508458,0.5555570600247548,0.5401202641714132,0.04352025179383656,0.013520888484722327,0.540 +/- 0.044
2776,GJ 9404 b,GJ 9404,3.48,433.1010211877639,0.0943,3811.0,K,0.2362624999123764,0.5300766512885011,0.5400603465163758,0.03644314711891271,0.008610149042988834,0.540 +/- 0.036
2777,HD 19994 b,HD 19994,13.6,320.22833025315083,1.305,6188.0,F,0.2394969003644109,0.5041193524821908,0.5394990583499027,0.12159597278434103,0.029121858578644945,0.539 +/- 0.122
2778,pi Men d,HD 39091,3.72,405.70410385658687,0.506,5998.0,G,0.2499049072883236,0.5453614126010319,0.5392526606337714,0.041786134944162764,0.010442560179158374,0.539 +/- 0.042
2779,HD 177565 b,HD 177565,4.0,493.2113048378096,0.246,5627.0,G,0.2533073249462927,0.5465775195411026,0.5390726185147207,0.019119959381860528,0.004843225764100863,0.539 +/- 0.019
2780,LP 714-47 b,LP 714-47,4.7,700.0,0.0417,3950.0,K,0.2725785982047124,0.5465536197349651,0.5390534363274755,0.05864407156545465,0.015985118820328464,0.539 +/- 0.059
2781,BD-11 4672 c,BD-11 4672,4.04,292.8909249008836,0.3,4550.0,K,0.2286328575064871,0.5001662446647089,0.5389587981062075,0.08969905735391828,0.020508151798464613,0.539 +/- 0.090
2782,HD 86728 b,HD 86728,3.03,628.7162360693201,0.1916,5610.0,G,0.2584185286542895,0.5428144856937409,0.5385692444179365,0.03547882735930486,0.009168386364571113,0.539 +/- 0.035
2783,HIP 57274 d,HIP 57274,14.2,167.9254292460141,1.01,4640.0,K,0.2316353747278286,0.5184061694919327,0.5385393769161402,0.14440402055851828,0.033449079414277445,0.539 +/- 0.144
2784,HD 45184 c,HD 45184,2.91,809.2911514564471,0.11,5869.0,G,0.2408683393977226,0.5474847567098838,0.5385137207373073,0.021517906753938557,0.0051829824671362195,0.539 +/- 0.022
2785,HD 153557 b,HD 153557,4.77,706.2432672340301,0.068,4837.0,K,0.2507284484156158,0.5407339053170686,0.5383861256851578,0.03433842657643241,0.008609620416542443,0.538 +/- 0.034
2786,TOI-4602.01,TOI-4602,2.550449,1380.27,0.05099712,6011.9,F,0.2570266729861236,0.5453454117991494,0.5383379557793954,0.05341331942412012,0.013728647784726685,0.538 +/- 0.053
2787,Kepler-238 f,Kepler-238,2.0,568.0,0.28635,5800.0,G,0.0003639863409595,0.5890383381287453,0.5380074635590538,0.1675911948286958,6.1000905782727664e-05,0.538 +/- 0.168
2788,TOI-1130 b,TOI-1130,3.66,825.0,0.0453,4360.0,K,0.2413796620459192,0.5495516413417013,0.5379034719959163,0.0584222696865536,0.014101947712895857,0.538 +/- 0.058
2789,HD 39855 b,HD 39855,2.85,1048.1321072129306,0.041,5576.0,G,0.2377413872416064,0.5450827207544262,0.5376717439860416,0.059575729244854485,0.014163616516602045,0.538 +/- 0.060
2790,TOI-1203.01,TOI-1203,2.918,743.6,0.1632,5737.0,G,0.284613741580504,0.5350902766295746,0.5376556667772333,0.05225125195384961,0.014871424320850759,0.538 +/- 0.052
2791,HAT-P-60 b,HAT-P-60,18.28184752,1772.0,0.06277,6212.0,F,0.4743576373317305,0.5561597621158373,0.537559869431899,0.05160720047910021,0.024480269688570925,0.538 +/- 0.052
2792,TOI-469.01,TOI-469,3.41,716.0,0.111,5289.0,G,0.277045231339187,0.5369808653298712,0.5373898365505563,0.03659718096299066,0.010139074466253839,0.537 +/- 0.037
2793,61 Vir c,61 Vir,4.46,517.593572367396,0.2175,5577.0,G,0.275544537089946,0.5399110703042471,0.5368499654139146,0.04560660610689199,0.012566651167967057,0.537 +/- 0.046
2794,HIP 109600 b,HIP 109600,13.2,286.18788638672424,0.706,5530.0,G,0.1545351339443901,0.5340383563482926,0.5367295076617482,0.13903886805696639,0.021486390098659686,0.537 +/- 0.139
2795,HD 13808 b,HD 13808,3.35,605.1213573859549,0.10519,5035.0,K,0.2262130998416683,0.5354639492361208,0.536562148520108,0.041515680916657395,0.009391390872194661,0.537 +/- 0.042
2796,HD 155358 c,HD 155358,13.9,302.68868460184785,1.02,5900.0,G,0.19394710643697,0.3200294928939806,0.5363474871139399,0.24410905420679427,0.047344244718473205,0.536 +/- 0.244
2797,HD 20781 d,HD 20781,3.25,521.5482247159357,0.1647,5256.0,G,0.2093625576483098,0.5381884332615194,0.5362437498664988,0.05846916767140611,0.012241254487253453,0.536 +/- 0.058
2798,GJ 9689 b,GJ 9689,3.07,453.04,0.1139,3836.0,K,0.2208711444432606,0.5189959094780977,0.5360999233320533,0.05290765447047785,0.011685774192703035,0.536 +/- 0.053
2799,TOI-672 b,TOI-672,5.31,699.5,0.0376,3810.0,K,0.2276762341310167,0.5436897068710241,0.5360437301528445,0.044735227310401283,0.010185148087027175,0.536 +/- 0.045
2800,GJ 317 b,GJ 317,13.3,91.7608722309726,1.138,3496.0,M,0.2577047306417742,0.5397151729078797,0.5359507466997898,0.07051141605192957,0.018171125480832582,0.536 +/- 0.071
2801,XO-1 b,XO-1,12.77826,1210.0,0.0488,5750.0,G,0.3437930960824713,0.5426210459447022,0.5358941830682514,0.04357265912359561,0.014979979384647076,0.536 +/- 0.044
2802,TOI-6054.01,TOI-6054,2.64,1360.0,0.0763,6047.0,F,0.2046430415023208,0.5369167431716965,0.5357939047053454,0.06845396956092496,0.014008628533854971,0.536 +/- 0.068
2803,Kepler-1981 b,Kepler-1981,9.23,390.0,1.3292,5874.0,G,0.0042333996523156,0.96916094644451,0.5353708773574801,0.2954575275114898,0.0012507897942411676,0.535 +/- 0.295
2804,TOI-2015 b,TOI-2015,3.309,530.9,0.029322,3297.0,M,0.2161727350508305,0.5269784821941648,0.5353238872328028,0.04972988538944216,0.010750245338400048,0.535 +/- 0.050
2805,TOI-6894 b,TOI-6894,9.5836785,417.9,0.02604,3007.0,M,0.2934038839549618,0.5320204792114019,0.5352786695354507,0.08266318046824253,0.024253698209452296,0.535 +/- 0.083
2806,GJ 414 A c,GJ 414 A,8.4,124.7,1.4,4120.0,K,0.2663708403837205,0.4586382962967907,0.5351034418094696,0.13566943777197668,0.0361383821537083,0.535 +/- 0.136
2807,XO-3 b,XO-3,14.79585452,1890.0,0.04815,6970.0,F,0.3363641435118016,0.5476793362561121,0.5350239648004267,0.06926776005373099,0.02329919078345421,0.535 +/- 0.069
2808,TOI-2141 b,TOI-2141,3.147,728.0,0.1322,5635.0,G,0.2283679129028522,0.5366698806706525,0.5349830824977663,0.05836092709824227,0.013327763116501096,0.535 +/- 0.058
2809,HAT-P-8 b,HAT-P-8,15.6926,1713.0,0.04496,6200.0,F,0.3265362874611469,0.541405426531956,0.534954819614966,0.026761498979649915,0.008738600523710154,0.535 +/- 0.027
2810,Kepler-324 e,Kepler-324,2.03862444,635.0,0.10972,5191.0,K,0.0023744797847535,0.5528739447438535,0.5348801713758611,0.13771559303334446,0.0003270028917030164,0.535 +/- 0.138
2811,HD 156098 c,HD 156098,12.8,162.0648650836171,8.415,6419.19,F,0.1851733613486497,0.5009189684152404,0.5347668979722653,0.1441316520077378,0.026689342479006666,0.535 +/- 0.144
2812,TOI-1728 b,TOI-1728,5.05,767.0,0.0391,3980.0,K,0.2546051765150998,0.5312455503140474,0.534700387032077,0.04841520918711588,0.012326762881101119,0.535 +/- 0.048
2813,HD 81040 b,HD 81040,12.6,173.57985580042632,1.946,5755.0,G,0.212606167349353,0.4979034156390226,0.5346181918316274,0.12424523653185478,0.026415303550451463,0.535 +/- 0.124
2814,TOI-178 g,TOI-178,2.939,470.0,0.1275,4316.0,K,0.1978971576812071,0.5165687666969883,0.5345046097011695,0.0960254409475905,0.01900316182861276,0.535 +/- 0.096
2815,TOI-481 b,TOI-481,11.09691,1370.0,0.097,5735.0,G,0.3294414271507311,0.5517017718717702,0.5343934478809919,0.053644598773098864,0.017672753178738048,0.534 +/- 0.054
2816,V1298 Tau b,V1298 Tau,9.41,666.0,0.1685,4970.0,K,0.4651759289794955,0.5557903446369484,0.5340170721236043,0.09922675470019927,0.04615789779728572,0.534 +/- 0.099
2817,HD 93083 b,HD 93083,14.3,284.99126322938776,0.508,5033.8,K,0.2255684080674834,0.4994651570363976,0.5339277471562422,0.15209279761015018,0.03430733023545152,0.534 +/- 0.152
2818,HD 189567 c,HD 189567,2.54,580.2826922878168,0.197,5726.0,G,0.2508179744511467,0.5362365780011435,0.5339144310369933,0.044581608555728076,0.011181868755721627,0.534 +/- 0.045
2819,HD 21693 b,HD 21693,2.8,600.3934341522145,0.1455,5430.0,G,0.2151278439980815,0.5446151485797327,0.5337704137434401,0.06189854924009069,0.013316101444629795,0.534 +/- 0.062
2820,HD 104067 c,HD 104067,3.69,593.0479658169334,0.1058,4952.0,K,0.2447287549689754,0.5374286608163058,0.5336456727422223,0.02173682893376967,0.005319627081935052,0.534 +/- 0.022
2821,HIP 67522 b,HIP 67522,9.9872018,1175.0,0.0748,5675.0,G,0.3750966211413712,0.5432967117539239,0.5335420913323068,0.07020122214815552,0.02633224122776793,0.534 +/- 0.070
2822,HD 21693 c,HD 21693,4.34,450.3531145491978,0.2586,5430.0,G,0.2151278439980815,0.5336538085405226,0.5335218514386764,0.06028417563462092,0.012968804731477674,0.534 +/- 0.060
2823,HD 20781 e,HD 20781,3.83,364.3919145655232,0.3374,5256.0,G,0.2093625576483098,0.5379283340152775,0.5334768629142467,0.06559333541068561,0.013732788466264587,0.533 +/- 0.066
2824,TOI-1696 b,TOI-1696,3.09,489.0,0.0229,3185.0,M,0.1748586283942972,0.5235152167209104,0.5334412465256404,0.13199970291510582,0.023081287000190118,0.533 +/- 0.132
2825,HD 162020 b,HD 162020,12.5,650.0,0.08,4723.0,K,0.220419924482535,0.5224916520591764,0.5334174148781006,0.09958699912052199,0.021950958825587737,0.533 +/- 0.100
2826,TOI-815 b,TOI-815,2.94,686.0,0.0903,4869.0,K,0.2442304788482429,0.5235899623770169,0.5332029553082874,0.04670416922973161,0.011406581615186723,0.533 +/- 0.047
2827,kap CrB b,kap CrB,13.4,292.0807942629516,2.5,4840.0,K,0.2221008314897239,0.5250902073306885,0.5327363093528937,0.09126854893930621,0.020270820608280466,0.533 +/- 0.091
2828,HD 203387 c,HD 203387,12.6,329.861844166918,5.067,5174.32,K,0.1617910155006036,0.5125109810010074,0.5323848560335416,0.13412390923429315,0.021700043477927075,0.532 +/- 0.134
2829,70 Vir b,70 Vir,12.6,480.4307290696536,0.481,5495.0,G,0.2508290106848179,0.5357030561567117,0.5322661445187794,0.07987182161009944,0.0200341699960555,0.532 +/- 0.080
2830,CFBDSIR J145829+101343 b,CFBDSIR J145829+101343,12.4,370.0,2.6,580.5,M,0.2381218398105728,0.5410414958577943,0.5316131355307794,0.12452530312946256,0.029652194284156903,0.532 +/- 0.125
2831,tau Boo b,tau Boo,12.8,1538.5159410927022,0.049,6466.27,F,0.2565340680388779,0.5360499313814301,0.53157703260428,0.0909233550721566,0.023324938156403675,0.532 +/- 0.091
2832,K2-18 c,K2-18,2.65,363.0,0.06,3457.0,M,0.2051038578807028,0.5279740434507758,0.531366328460922,0.03907827163700147,0.008015104272059047,0.531 +/- 0.039
2833,TOI-1180 b,TOI-1180,3.072,638.18,0.080799,4738.0,K,0.1940790505925276,0.5386391668492703,0.5313378006483785,0.03745886595041574,0.0072699811399294465,0.531 +/- 0.037
2834,TOI-1683.01,TOI-1683,2.6382,929.25,0.036507593,4402.0,K,0.212431710282852,0.530334255059183,0.5312646649324925,0.044948667245872855,0.00954852225797558,0.531 +/- 0.045
2835,TOI-6054.02,TOI-6054,2.82,1143.0,0.1079,6047.0,F,0.2208540118677727,0.5236860613748835,0.5312404449889908,0.05358649528142148,0.011834792464835407,0.531 +/- 0.054
2836,TOI-1899 b,TOI-1899,11.09689089,378.0,0.1525,3926.0,K,0.2974215444307554,0.5423611003330835,0.5310997014297695,0.0719682483978586,0.021404907588467345,0.531 +/- 0.072
2837,HD 85390 b,HD 85390,6.16,174.60109152962406,1.373,5186.0,K,0.2145531460166304,0.4467666585943287,0.5307719486470096,0.16757078686741148,0.035952839502885386,0.531 +/- 0.168
2838,HD 164922 c,HD 164922,3.66,400.5,0.341,5390.0,G,0.2407517873293298,0.5278545275233595,0.5306914776581213,0.03475797472421274,0.008368044538801887,0.531 +/- 0.035
2839,HD 164922 e,HD 164922,3.23,497.3427466043944,0.2292,5393.43,G,0.2407517873293298,0.5339972041269538,0.5303715938205865,0.01605244238606572,0.003864654195446414,0.530 +/- 0.016
2840,TOI-277 b,TOI-277,2.65,587.92,0.0269,4031.0,K,0.2069302702517529,0.5349338075166308,0.5300243598114863,0.0502162614332835,0.010391264549422031,0.530 +/- 0.050
2841,HD 127506 b,HD 127506,5.67,324.52591686755363,0.287,4595.32,K,0.239488039143031,0.5231372451246323,0.5299750958706355,0.06378079852553166,0.0152747383738563,0.530 +/- 0.064
2842,61 Vir d,61 Vir,5.11,349.8767057414093,0.476,5577.0,G,0.275544537089946,0.5231978095037049,0.5294050800620042,0.06744444481014172,0.01858394832449891,0.529 +/- 0.067
2843,TOI-1268 b,TOI-1268,9.1,918.9,0.0711,5300.0,G,0.3450726162883248,0.5320832242790993,0.5293845908742112,0.06232833278518118,0.02150780086307184,0.529 +/- 0.062
2844,HD 147018 c,HD 147018,12.7,167.64713353342438,1.922,5441.0,G,0.2002419678748139,0.5345828779881417,0.5292911119174334,0.10859152384615368,0.021744580429478595,0.529 +/- 0.109
2845,HIP 12961 b,HIP 12961,13.2,277.43889200869586,0.25,3901.0,K,0.2374774032306524,0.4615834971422079,0.5292883145875055,0.12637491421533667,0.03001118646135461,0.529 +/- 0.126
2846,WASP-79 b,WASP-79,17.14974047,1716.2,0.0519,6600.0,F,0.4153492127244813,0.5405405735217228,0.5292688069092533,0.047057007308623014,0.01954509093880673,0.529 +/- 0.047
2847,GJ 463 b,GJ 463,13.1,58.13086054510631,3.53,3563.0,M,0.2496920789850456,0.5290739312242263,0.5292337551915435,0.06862501920672161,0.017135123716115003,0.529 +/- 0.069
2848,COCONUTS-2 b,COCONUTS-2 A,12.57647635,493.0,7506.0,3552.0,M,0.2690557143385062,0.5405405302510261,0.5290406775768864,0.12669905566515327,0.034089104928001976,0.529 +/- 0.127
2849,TOI-1448 b,TOI-1448,2.749,426.0,0.0567,3412.0,M,0.1620386211091066,0.5116336332935445,0.5287332829377773,0.08909607182111252,0.014437004624131002,0.529 +/- 0.089
2850,WASP-101 b,WASP-101,16.02887,1560.0,0.05057,6380.0,F,0.3804680438982667,0.5312466463388931,0.5286890710057771,0.04045209489047716,0.015390729414566914,0.529 +/- 0.040
2851,HD 135694 b,HD 135694,2.857,750.83,0.124695,5712.0,G,0.2065925935574771,0.5191558490723667,0.5286619633006863,0.07337959286779548,0.015159680404749618,0.529 +/- 0.073
2852,G 192-15 c,G 192-15,3.87,55.9,1.137,2999.0,M,0.272726939946837,0.5103191559162203,0.528528754814888,0.09181293461356586,0.02503986070469685,0.529 +/- 0.092
2853,HD 217786 b,HD 217786,12.3,189.6101580533165,2.446,5966.0,G,0.1722480302915911,0.4574952447918003,0.5284787981293261,0.16697219260236493,0.028760631289225538,0.528 +/- 0.167
2854,TOI-2015 c,TOI-2015,2.93,448.0,0.041232,3297.0,M,0.1868560388512951,0.5303527100555986,0.5284562000390246,0.06385546927686046,0.011931780048064718,0.528 +/- 0.064
2855,HD 134606 c,HD 134606,3.37,482.6308156006868,0.3007,5576.0,G,0.2294932172634423,0.5329788246669716,0.5283337569610402,0.02891236615604574,0.006635191927849601,0.528 +/- 0.029
2856,HD 153557 c,HD 153557,4.36,552.7735926968493,0.111,4837.0,K,0.2507284484156158,0.519434199074084,0.5283097904204633,0.0318307512198557,0.00798087486525789,0.528 +/- 0.032
2857,TOI-1260 c,TOI-1260,2.76,651.0,0.0657,4227.0,K,0.1666035242113652,0.5341084098334786,0.5282394860194387,0.06127270395712061,0.010208248417215956,0.528 +/- 0.061
2858,TOI-1064 b,TOI-1064,2.587,784.0,0.06152,4734.0,K,0.1815696875453974,0.5239562888497138,0.528145423874963,0.05401398558080866,0.009807302484989028,0.528 +/- 0.054
2859,14 Her b,14 Her,12.5,134.754123810803,2.839,5338.0,G,0.2507507642405643,0.519480256352437,0.5277866865074611,0.08490624403259843,0.021290305579969908,0.528 +/- 0.085
2860,HD 96700 d,HD 96700,3.61,426.4177741839899,0.424,5845.0,G,0.2326817115104764,0.5175172296225615,0.5275748177948528,0.049842592568541066,0.011597459744967488,0.528 +/- 0.050
2861,HD 31527 c,HD 31527,3.85,522.3530864479858,0.2663,5898.0,G,0.2042427984590717,0.5285479324844081,0.5275127689675062,0.027894647628377376,0.005697280893649502,0.528 +/- 0.028
2862,HD 4308 b,HD 4308,4.12,731.1744974742124,0.12,5686.0,G,0.2407176030026737,0.5332164357129209,0.527381963546311,0.035351451744569454,0.008509716726617446,0.527 +/- 0.035
2863,HD 134987 b,HD 134987,13.5,310.4926082862392,0.81,5736.0,G,0.2308985587949867,0.4784601097860928,0.5272595167557848,0.11757201116449355,0.027147207932509645,0.527 +/- 0.118
2864,HD 45184 b,HD 45184,3.52,1057.689519167579,0.0644,5869.0,G,0.2408683393977226,0.5389736119712866,0.5271510700760145,0.03174928198506473,0.0076473968288125705,0.527 +/- 0.032
2865,TOI-5205 b,TOI-5205,11.6,737.0,0.0199,3430.0,M,0.2665309991144157,0.5425820394362108,0.5267965482025827,0.04258732997725512,0.011350843608453112,0.527 +/- 0.043
2866,HD 11506 b,HD 11506,12.9,177.05447600227654,2.885,6123.0,F,0.1796790986673797,0.4641427219048586,0.5267924743344388,0.163505531181528,0.029378526469828095,0.527 +/- 0.164
2867,HD 115404 A c,HD 115404 A,12.5,55.99384700967346,11.364,5019.17,K,0.2687996951829099,0.5400488669748552,0.5267529068191232,0.04534957550638087,0.012189952072789535,0.527 +/- 0.045
2868,TOI-1260 d,TOI-1260,3.12,499.0,0.1116,4227.0,K,0.1806016327340542,0.532554606834465,0.5264756700699624,0.045868255546327966,0.008283881842329668,0.526 +/- 0.046
2869,HD 31527 b,HD 31527,3.22,761.2038569556562,0.1254,5898.0,G,0.2042427984590717,0.5274516242572184,0.5262145982572279,0.025714286086011794,0.005251957750584219,0.526 +/- 0.026
2870,HD 115404 A b,HD 115404 A,6.09,636.3038966370286,0.088,5019.17,K,0.2687996951829099,0.5260344073960876,0.5260789270919562,0.047497509378076654,0.01276731604277441,0.526 +/- 0.047
2871,HD 189567 b,HD 189567,2.85,773.0565086908632,0.111,5726.0,G,0.2508179744511467,0.5215495465187535,0.5260727149584405,0.03633823123022045,0.009114281552301293,0.526 +/- 0.036
2872,HD 60532 c,HD 60532,13.3,349.09508164094467,1.6,6245.0,F,0.231381178665554,0.5250033592451724,0.5260338889780831,0.1146463677489865,0.026527011699485053,0.526 +/- 0.115
2873,GJ 676 A b,GJ 676 A,12.8,103.8613196773854,1.735,3734.0,K,0.2555736112125773,0.5402597366367675,0.525744486222853,0.04724516786874892,0.012074618164560586,0.526 +/- 0.047
2874,HD 168009 b,HD 168009,3.05,811.8443342517365,0.1192,5778.33,G,0.2376384675046618,0.5278040413810006,0.5256897273460801,0.019843244475691368,0.004715518207523643,0.526 +/- 0.020
2875,TOI-1648 b,TOI-1648,2.54,799.0,0.0694,4850.0,K,0.1778802757500482,0.5161183425104362,0.5256361756162513,0.0552424506893026,0.009826542361721586,0.526 +/- 0.055
2876,HD 51608 c,HD 51608,3.87,366.5066969723727,0.3809,5358.0,G,0.2112895514805659,0.534951562187308,0.5252459574937476,0.0559739288816164,0.011826706328001823,0.525 +/- 0.056
2877,HD 110067 d,HD 110067,2.852,602.0,0.1362,5266.0,G,0.2174997007479289,0.5160012159740087,0.5250489670155004,0.04506075041713316,0.009800699731203575,0.525 +/- 0.045
2878,HD 73267 b,HD 73267,13.0,151.7324952929063,2.229,5387.0,G,0.1812159609886947,0.4792262044403032,0.524985415800076,0.16671335335679413,0.030211120538199278,0.525 +/- 0.167
2879,GJ 229 b,GJ 229,3.97,102.30725108318502,1.086,3564.0,M,0.2832188937055547,0.5213344539512696,0.524979540739069,0.05358462160965682,0.015176177251917763,0.525 +/- 0.054
2880,HD 95735 c,GJ 411,3.76,58.07322925379759,2.94,3719.0,K,0.2834468831685915,0.5277315293624827,0.5249025799671178,0.054149112309138644,0.015348397110371361,0.525 +/- 0.054
2881,HD 99492 b,HD 99492,5.44,569.1820055967386,0.12,4929.0,K,0.2500708992499956,0.5294364671736036,0.5247150090463275,0.04701168221084569,0.011756253645721202,0.525 +/- 0.047
2882,TOI-421 c,TOI-421,5.09,635.0,0.117,5291.0,G,0.3006180403953453,0.5172028346054647,0.5247124768017383,0.04353907311770637,0.013088630841274545,0.525 +/- 0.044
2883,HD 51608 b,HD 51608,3.62,695.0874078686297,0.1059,5358.0,G,0.2112895514805659,0.5321713723792055,0.524481902237585,0.048620017248717846,0.010272901637458972,0.524 +/- 0.049
2884,TOI-1451 b,TOI-1451,2.61143902,723.33,0.127,5801.0,G,0.160267654853144,0.5392930560323994,0.5243990569946578,0.04672215333347588,0.0074880499444451845,0.524 +/- 0.047
2885,TOI-5319 b,TOI-5319,2.83,695.0,0.0506,3580.0,M,0.1991790262558367,0.5222595112344158,0.5241251356814355,0.04425669545006598,0.008815005505045262,0.524 +/- 0.044
2886,Kepler-53 d,Kepler-53,2.12,870.0,0.091,6085.0,F,0.0002927747018707,0.5704733196310559,0.5239210816675428,0.1361569783173979,3.986331873449153e-05,0.524 +/- 0.136
2887,iot Dra c,iot Dra,12.2,154.86708950438256,19.4,4504.0,K,0.2193128555744445,0.4883527340774364,0.5239102740237301,0.1506911040715607,0.03304849634359978,0.524 +/- 0.151
2888,HD 134606 b,HD 134606,2.97,818.306346838762,0.1046,5576.0,G,0.2294932172634423,0.5266407077469245,0.5232826912406516,0.022868525679397744,0.005248171532236636,0.523 +/- 0.023
2889,HD 160691 d,HD 160691,3.23,900.0,0.0952,5773.0,G,0.2566726338450195,0.5483379232161011,0.523271006350568,0.051973745325769864,0.013340238103555621,0.523 +/- 0.052
2890,HD 128311 c,HD 128311,13.0,144.72919346603425,1.74,4965.0,K,0.2548029432011459,0.5335007155561422,0.5229122315790821,0.05503299026680657,0.014022567893142327,0.523 +/- 0.055
2891,HD 90156 b,HD 90156,4.43,473.8125806378334,0.25,5599.0,G,0.2408770108140254,0.5202996869231011,0.5226468536598106,0.03670772747514734,0.008842047667989364,0.523 +/- 0.037
2892,WASP-11 b,WASP-11,12.44199,992.0,0.0435,4800.0,K,0.3062897146683361,0.5355662147914483,0.522253642689703,0.05600302963294717,0.01715315196683776,0.522 +/- 0.056
2893,HD 96700 b,HD 96700,2.93,996.1109582134904,0.0777,5845.0,G,0.2326817115104764,0.5230183220072182,0.5221216022627679,0.032244444808053656,0.007502692604643019,0.522 +/- 0.032
2894,HD 164595 b,HD 164595,4.16,538.748128166456,0.23,5790.0,G,0.2261599460090255,0.5307766614444236,0.5218505287864166,0.03398314765715886,0.007685626839359789,0.522 +/- 0.034
2895,HIP 19976 b,HIP 19976,4.94,345.84108415279854,0.234,4316.0,K,0.200552383037528,0.5006764304117604,0.5218049306633299,0.09602821239480984,0.019258686834612997,0.522 +/- 0.096
2896,HD 98736 b,HD 98736,13.3,164.21629654646296,1.864,5271.0,G,0.216875504008343,0.4762618713917124,0.5217337775656633,0.1285128582356291,0.027871290901404795,0.522 +/- 0.129
2897,K2-266 e,K2-266,2.73,490.1,0.1249,4285.0,K,0.1681497389843851,0.5295209145474674,0.5215920191426523,0.04566197804778564,0.007678049690245878,0.522 +/- 0.046
2898,HIP 94235 b,HIP 94235,3.0,1060.0,0.0787,5991.0,G,0.2955412806551526,0.4921462995879866,0.5214817778627285,0.0937796358344742,0.027715753673894346,0.521 +/- 0.094
2899,HD 93385 c,HD 93385,2.56,857.4500210001889,0.112,5977.0,G,0.1944757496176548,0.5225025375782643,0.5214027386552117,0.04810046492617166,0.009354373973474946,0.521 +/- 0.048
2900,WASP-131 b,WASP-131,13.74221034,1460.0,0.0608,5990.0,G,0.3434340409415947,0.5173787947368316,0.5211687109231568,0.043778771599391926,0.015035120437838289,0.521 +/- 0.044
2901,HD 93385 d,HD 93385,2.89,566.5968320005547,0.2565,5977.0,G,0.1944757496176548,0.5329788014893604,0.5205525046182291,0.03086753737380161,0.006002987469621044,0.521 +/- 0.031
2902,HIP 66074 b,HIP 66074,12.9,176.2480531251719,0.799,4300.0,K,0.2104702840305343,0.4367369465809801,0.5204597702139432,0.1552098078984403,0.0326670523527094,0.520 +/- 0.155
2903,7 CMa b,7 CMa,13.4,354.2803621091483,1.758,4826.0,K,0.2460860999900458,0.5344784994844992,0.520353101702692,0.03762410720874377,0.009258769808607122,0.520 +/- 0.038
2904,HD 64114 b,HD 64114,4.41,474.269262326375,0.246,5676.0,G,0.2188793083888874,0.5307138914090319,0.5198909899468799,0.042534552552428585,0.009309933445306354,0.520 +/- 0.043
2905,HD 18143 b,HD 18143,3.28,704.2319165233783,0.088,5078.0,K,0.2394966608676303,0.5111467197501455,0.519835837898779,0.03593214890594238,0.008605629680771675,0.520 +/- 0.036
2906,EPIC 248847494 b,EPIC 248847494,12.44199,183.0,4.5,4898.0,K,0.0572112257035364,0.3891763328981308,0.5195358532922829,0.29611540996625346,0.016941125553874538,0.520 +/- 0.296
2907,GJ 9714 b,GJ 9714,12.5,43.60922368364655,12.319,4263.0,K,0.2443646250148541,0.5314308338344379,0.5195274472197473,0.023896749451998305,0.005839520218911486,0.520 +/- 0.024
2908,KELT-10 b,KELT-10,15.681391,1377.0,0.0525,5948.0,G,0.3596007352718501,0.5284939923184075,0.5191206194225706,0.03961456901389705,0.01424542814487483,0.519 +/- 0.040
2909,HD 140901 b,HD 140901,4.07,827.2178898440247,0.085,5610.0,G,0.2575604563931747,0.5168152894924172,0.519065818445512,0.026702533288853993,0.006877516660731175,0.519 +/- 0.027
2910,HD 113538 c,HD 113538,13.8,91.72280016914613,2.44,4462.0,K,0.2549240033486752,0.4808570558942805,0.5189068802746926,0.13500321817123317,0.03441556084116538,0.519 +/- 0.135
2911,TOI-122 b,TOI-122,2.72,471.0,0.0392,3403.0,M,0.1759528993085718,0.5235471915604171,0.5185053761665621,0.05309664171427579,0.009342508053175281,0.519 +/- 0.053
2912,GJ 2030 c,GJ 2030,12.3,88.46188515155734,16.761,5485.0,G,0.2070570739146488,0.4987452775114995,0.5184270599444253,0.1105213195449538,0.022884221030164017,0.518 +/- 0.111
2913,HD 62509 b,HD 62509,13.3,502.7130627744955,1.64,4892.63,K,0.270529858455798,0.5380756376077659,0.5182895957655294,0.08549406997138034,0.023128698648167616,0.518 +/- 0.085
2914,TOI-5076 b,TOI-5076,3.48935569,550.0,0.1481,4780.0,K,0.1898813818208891,0.5208987403009694,0.518202800899324,0.05306823179821981,0.010076669184637224,0.518 +/- 0.053
2915,TOI-7384 b,TOI-7384,3.56,378.0,0.0439,3185.0,M,0.1812854128746435,0.4992490851306473,0.5181876367512168,0.06422751379793706,0.011643511356770882,0.518 +/- 0.064
2916,TOI-824 b,TOI-824,2.926,1253.0,0.02177,4600.0,K,0.188727269755835,0.5095366826839494,0.5180152908035486,0.06977680659547,0.013168786201043994,0.518 +/- 0.070
2917,HD 3167 e,HD 3167,2.83,374.8,0.3885,5261.0,G,0.1869579031479686,0.5228552748198114,0.5176466854614461,0.050150231625351364,0.009375982147060632,0.518 +/- 0.050
2918,HD 20003 c,HD 20003,3.89,524.9314354849369,0.1964,5494.0,G,0.1974462656483676,0.5225172752938382,0.5175482361591047,0.026542293790099807,0.005240676790597064,0.518 +/- 0.027
2919,WASP-41 b,WASP-41,12.3299,1244.0,0.04022,5545.0,G,0.3053724217045405,0.5259819405663286,0.5174602013563101,0.05497816473886158,0.016788815307177338,0.517 +/- 0.055
2920,TOI-269 b,TOI-269,2.77,531.0,0.0345,3514.0,M,0.1881828534343141,0.5020742362248748,0.5172824314219892,0.05203437333335729,0.009791976850537556,0.517 +/- 0.052
2921,HD 94890 c,HD 94890,12.5,337.61120387172747,4.33,4867.0,K,0.161866265817154,0.5185287080619022,0.5172223836827476,0.10150905698203999,0.016430892000303517,0.517 +/- 0.102
2922,RR Cae b,RR Cae,13.0,32.86919691780041,5.3,3904.0,K,0.2427097960365608,0.5331377843379275,0.5171159045410522,0.09339866976522386,0.02266877208880358,0.517 +/- 0.093
2923,HD 27442 b,HD 27442,13.5,338.08734241326715,1.271,4846.0,K,0.2499044074790088,0.4802849868093121,0.5165690809003032,0.09849700387840948,0.024614835392691554,0.517 +/- 0.098
2924,KELT-19 A b,KELT-19 A,21.40919,1935.0,0.0637,7500.0,A,0.3936031842315426,0.5510713987256002,0.5164661938391085,0.06495496993492385,0.025566482998050144,0.516 +/- 0.065
2925,Kepler-100 c,Kepler-100,2.2,939.0,0.11061,5825.0,G,0.018678914888621,0.595998997680695,0.5161304875990644,0.17503601556730294,0.0032694828372249922,0.516 +/- 0.175
2926,TOI-2145 b,TOI-2145,12.24020692,1484.0,0.1117,6206.0,F,0.3055294517507453,0.5454435843748865,0.5160605733096316,0.07822682152572358,0.023900597892957728,0.516 +/- 0.078
2927,TOI-628 b,TOI-628,11.88154,1586.0,0.0486,6250.0,F,0.2858544118435788,0.5420200783230553,0.515824849544148,0.07467831604240396,0.02134712610977028,0.516 +/- 0.075
2928,GJ 163 d,GJ 163,5.92,97.3470864988314,1.0304,3500.0,M,0.2578808030947005,0.5044935641765738,0.5156000347718462,0.06355954696865172,0.016390787016611244,0.516 +/- 0.064
2929,HD 70573 b,HD 70573,12.8,188.5222051960324,1.76,5737.0,G,0.1659957979789277,0.4974615947561294,0.5154383768984322,0.1655873104667609,0.02748679773611442,0.515 +/- 0.166
2930,WASP-166 b,WASP-166,7.06167,1270.0,0.0641,6050.0,F,0.3039280268007734,0.5261306270562716,0.5153476356106992,0.05794649580217657,0.017611564129174823,0.515 +/- 0.058
2931,BD+63 1405 b,BD+63 1405,12.4,137.83661151913972,2.06,5000.0,K,0.2050614057760658,0.4481635640319836,0.5153250991553381,0.14752482580480747,0.030251648166403047,0.515 +/- 0.148
2932,TOI-763 c,TOI-763,2.63,800.0,0.1011,5450.0,G,0.1576435775695767,0.5222662769700535,0.515169987944724,0.04867730528219308,0.00767366455113137,0.515 +/- 0.049
2933,GJ 3222 b,GJ 3222,3.4,741.8661412017036,0.091,5257.46,G,0.2499849646506302,0.4904965038791292,0.5149418570967739,0.062176996847455694,0.015543314358993556,0.515 +/- 0.062
2934,HD 21520 b,HD 21520,2.697,637.0,0.1726,5871.0,G,0.1887729122300385,0.5266319502181986,0.5148495438849752,0.035523576717497625,0.0067058890297892184,0.515 +/- 0.036
2935,TOI-1227 b,TOI-1227,9.57246952,243.77,0.0886,3072.0,M,0.1847639486602106,0.979905760956676,0.514820016800126,0.2148766111125737,0.039701451143883605,0.515 +/- 0.215
2936,TOI-5817 b,TOI-5817,3.08,950.0,0.1223,5770.0,G,0.2386555119036278,0.5129999298808461,0.514734321026948,0.04728388582018656,0.011284559975209312,0.515 +/- 0.047
2937,BD-17 63 b,BD-17 63,12.8,154.5104139172797,1.34,4714.0,K,0.2125504718299392,0.5077826545708437,0.5147259170200398,0.09727599543475643,0.02067605872738449,0.515 +/- 0.097
2938,HD 142245 b,HD 142245,13.1,280.1653512612339,2.78,4922.0,K,0.1134630773898311,0.4355013136093504,0.5140354969149011,0.16919530680828104,0.019197420190384208,0.514 +/- 0.169
2939,HD 29021 b,HD 29021,12.9,149.27678215231546,2.294,5560.0,G,0.2200475093559674,0.5025398309652764,0.5135277913835159,0.08793792465323946,0.01935052129787807,0.514 +/- 0.088
2940,WASP-145 A b,WASP-145 A,10.0881,1200.0,0.0261,4900.0,K,0.2371082942223511,0.5214126945378758,0.5132925417543192,0.07765432604334895,0.018412484787124764,0.513 +/- 0.078
2941,HD 39194 c,HD 39194,2.65,617.586484313531,0.1083,5205.0,G,0.2303618825136961,0.4960882567188859,0.5131235928558525,0.061553932189906006,0.014179679695387144,0.513 +/- 0.062
2942,GJ 3021 b,GJ 3021,13.1,350.0,0.49,5540.0,G,0.2516963686282039,0.5032204027209088,0.512577553227706,0.08135759261070498,0.020477410620447237,0.513 +/- 0.081
2943,TOI-4860 b,TOI-4860,8.7,694.0,0.01808,3260.0,M,0.2375273848483404,0.507036943921444,0.5125637195447251,0.06294924719157402,0.014952170063586314,0.513 +/- 0.063
2944,HD 196067 b,HD 196067,12.4,161.3704765754043,4.71,6072.0,F,0.2012275736190921,0.475964913520942,0.5124877215782196,0.16535787202469435,0.03327456336634559,0.512 +/- 0.165
2945,HD 8535 b,HD 8535,14.0,188.61685821180572,2.45,6136.0,F,0.1723248700470929,0.5542867650765355,0.5123943543050391,0.13036604776195249,0.02246531223913157,0.512 +/- 0.130
2946,WISEP J121756.91+162640.2 A b,WISEP J121756.91+162640.2 A,10.468,450.0,8.0,575.0,M,0.2711799098657592,0.5263066014224659,0.5122911279920767,0.14668163819532862,0.03977711342477112,0.512 +/- 0.147
2947,TOI-561 e,TOI-561,2.517,416.0,0.33,5342.0,G,0.1858544081414036,0.5048318091070395,0.5121160307843414,0.055227981740003707,0.010264363859132635,0.512 +/- 0.055
2948,WD 0806-661 b,WD 0806-661,12.6,340.0,2500.0,9552.0,A,0.2474821540736643,0.5419106266574948,0.5121084352132121,0.11743444355666292,0.02906292905384509,0.512 +/- 0.117
2949,HD 114386 c,HD 114386,13.4,183.6832520531932,1.05,4895.0,K,0.2269068259059658,0.4191019282202834,0.5119078325937192,0.16565833948891343,0.037589007998282256,0.512 +/- 0.166
2950,XO-6 b,XO-6,23.20263,1577.0,0.0815,6720.0,F,0.3808838175304254,0.5494373287119034,0.5117252924270268,0.06651195998156201,0.02533332922920822,0.512 +/- 0.067
2951,GJ 9066 c,GJ 9066,9.6,60.05469892290273,0.88,3154.0,M,0.2868824283919235,0.474470796601753,0.5116572589104892,0.0941993345367035,0.02702413384479269,0.512 +/- 0.094
2952,DMPP-4 b,DMPP-4,3.53,1505.2862292583409,0.04853,6400.0,F,0.2328742188767197,0.5199081374656532,0.5115346055651504,0.03716368074617687,0.008654463124349726,0.512 +/- 0.037
2953,GJ 328 b,GJ 328,13.3,67.29526174707404,4.11,3897.0,K,0.2443291947129859,0.5156914960525274,0.5114372916709401,0.033112503096082345,0.008090351216397052,0.511 +/- 0.033
2954,HD 42012 b,HD 42012,13.5,167.0510100931261,1.67,5405.0,G,0.2076384766956686,0.489281728403938,0.5114168525189178,0.12003690623363704,0.0249242803576132,0.511 +/- 0.120
2955,HD 12661 c,HD 12661,13.2,159.2143981304918,2.8145,5748.0,G,0.205470911626855,0.5032816616199183,0.5112208499556756,0.09045485955922088,0.018585842454712252,0.511 +/- 0.090
2956,XO-2 N b,XO-2 N,11.130537,1328.0,0.03666,5290.0,G,0.3044307032876855,0.5155195786397342,0.511150070375359,0.0586802364223674,0.017864065643148967,0.511 +/- 0.059
2957,nu Oct A b,nu Oct A,13.3,436.6069401809881,1.24,4910.0,K,0.2426896519594805,0.5178701825119542,0.5110503610857992,0.03505937887786643,0.008508548457784966,0.511 +/- 0.035
2958,K2-266 d,K2-266,2.93,538.3,0.1035,4285.0,K,0.1715422027514647,0.5242710820839337,0.511023477372253,0.04239113587967549,0.007271868825936182,0.511 +/- 0.042
2959,HD 114783 c,HD 114783,13.4,92.8668123672566,5.0,5135.0,K,0.2430226076612975,0.5175178479030561,0.5109030948369255,0.056577192454307736,0.01374953684440095,0.511 +/- 0.057
2960,HD 222237 b,HD 222237,12.8,53.72878801781738,10.8,4751.0,K,0.2675518755050208,0.4825162129441984,0.5107053955326085,0.05985663253514506,0.01601475429619291,0.511 +/- 0.060
2961,55 Cnc d,55 Cnc,13.0,95.90914437834851,5.6,5198.0,K,0.2645228070613871,0.5133917281480411,0.5104909425063222,0.05949463081184354,0.015737686747429744,0.510 +/- 0.059
2962,TOI-905 b,TOI-905,13.125739,1192.0,0.04666,5570.0,G,0.2976008609159291,0.5211506359222884,0.5104898552735772,0.05044258336928622,0.015011756237523105,0.510 +/- 0.050
2963,HD 106252 b,HD 106252,12.5,162.92999571825698,2.655,5874.0,G,0.2047792305425472,0.4945035747233541,0.5103239316283669,0.09342003114920996,0.019130482095996007,0.510 +/- 0.093
2964,HD 39091 b,HD 39091,12.3,158.00367471630534,3.28,5998.0,G,0.2499049072883236,0.5075474289400463,0.5101510772375754,0.08010918979445314,0.02001967964852553,0.510 +/- 0.080
2965,HIP 55507 b,HIP 55507,12.6,69.55782910268083,5.062,4171.0,K,0.2324998255387591,0.5202916659681671,0.5100649472373493,0.02980081044370214,0.006928683229074377,0.510 +/- 0.030
2966,GJ 15 A c,GJ 15 A,6.67,42.20323846298032,5.4,3607.0,M,0.2895012673304661,0.4982130128564328,0.5099428318617961,0.06539490908585932,0.018931909057316888,0.510 +/- 0.065
2967,GJ 504 b,GJ 504,12.10569916,510.0,43.5,6234.0,F,0.2517618181921218,0.5158818651782565,0.5098339792461495,0.06551890408087932,0.016495158417357405,0.510 +/- 0.066
2968,HD 190360 c,HD 190360,5.44,745.4579959870896,0.1296,5552.0,G,0.2556254979219762,0.4806310381620408,0.5096780398951307,0.08494570277185771,0.021714287567388323,0.510 +/- 0.085
2969,HD 2039 b,HD 2039,12.7,192.84958841786997,2.2,5945.0,G,0.1273399745405753,0.3976685209188894,0.5095598833921413,0.20031949317115105,0.02550867916039532,0.510 +/- 0.200
2970,HD 113538 b,HD 113538,13.2,128.66528172004013,1.24,4462.0,K,0.2549240033486752,0.4555443444964012,0.5090893035791201,0.12977202937677906,0.033082005251410404,0.509 +/- 0.130
2971,HD 134060 b,HD 134060,3.16,1347.4918036575218,0.0444,5966.0,G,0.2359588616187582,0.5129237185078644,0.5089352846953501,0.0403546294907735,0.009522032435689684,0.509 +/- 0.040
2972,HD 113337 b,HD 113337,13.1,361.9679273716808,1.022,6774.0,F,0.2089264914725745,0.4864000507213933,0.5089160905113701,0.10811156013761238,0.022587368947177597,0.509 +/- 0.108
2973,GJ 433 c,GJ 433,6.27,49.1714319024504,4.819,3461.0,M,0.2740024025160008,0.5185561818352367,0.5089041646631692,0.05641021777079725,0.015456535195649249,0.509 +/- 0.056
2974,GJ 676 A c,GJ 676 A,12.3,43.86684937747059,9.726,3734.0,K,0.2555736112125773,0.5108327243859087,0.5085838930954378,0.031544527326882975,0.00806194876292531,0.509 +/- 0.032
2975,K2-12 b,K2-12,2.44,1026.0,0.0792,5672.0,G,0.0150229808019458,0.5646955143440295,0.5085711253175647,0.1657209830416576,0.002489623146714408,0.509 +/- 0.166
2976,HD 142 c,HD 142,12.4,106.62012548207343,9.811,6245.0,F,0.230887245042795,0.5190714800439359,0.5084465457209091,0.058384908761773734,0.01348033073608088,0.508 +/- 0.058
2977,HD 156668 c,HD 156668,6.17,151.91353137780675,1.57,4903.69,K,0.2352054704938005,0.4995522433967339,0.5082955152974677,0.08785980356703657,0.02066510643547773,0.508 +/- 0.088
2978,Kepler-309 c,Kepler-309,2.51,204.0,0.401,4713.0,K,0.0025021299653704,0.3400586076646747,0.508251167769096,0.2100628530488793,0.0005256045592247999,0.508 +/- 0.210
2979,HD 12235 c,HD 12235,12.5,75.20149377872721,22.21,5986.0,G,0.2183622704628876,0.5094993520931027,0.5082026231030099,0.09012341137786894,0.019679552730332298,0.508 +/- 0.090
2980,HD 142022 A b,HD 142022 A,12.9,142.45148594892217,2.93,5421.0,G,0.2129336201512031,0.4898532272565605,0.5078455644181807,0.11604358720901875,0.02470958111974821,0.508 +/- 0.116
2981,omi UMa b,omi UMa,13.0,433.4477831711799,3.691,5075.0,K,0.1732323010926629,0.5017529094159502,0.5077230690106774,0.08202484817893115,0.014209353196812564,0.508 +/- 0.082
2982,HD 70642 b,HD 70642,13.0,137.67980974490254,3.318,5732.0,G,0.2238603622494435,0.5038646189549932,0.5076867544259099,0.07724931068233082,0.017293058672866384,0.508 +/- 0.077
2983,Kepler-16 b,Kepler-16,8.4493,188.3305034811706,0.7048,4450.0,K,0.1415892803507352,0.4263955627490507,0.5076831367663857,0.185888836631302,0.026319866603861437,0.508 +/- 0.186
2984,GJ 849 b,GJ 849,13.9,67.3473983075983,2.32,3467.0,M,0.2747266695976931,0.5064858831496353,0.5074333372886749,0.09902957430902157,0.027206065141594765,0.507 +/- 0.099
2985,HD 178911 B b,HD 178911 B,12.6,439.27201246829486,0.34,5588.0,G,0.1991494354162355,0.530018422446319,0.5071830304969055,0.06705819198814633,0.01335460107447287,0.507 +/- 0.067
2986,HD 22946 d,HD 22946,2.607,546.0,0.2958,6169.0,F,0.1601307188767159,0.499277008979833,0.5071447556844928,0.08337953046150341,0.013351624152403574,0.507 +/- 0.083
2987,TOI-1278 b,TOI-1278,12.21778896,407.87,0.095,3799.0,K,0.2040882136611833,0.5232160921373487,0.5069424771178305,0.07633157208362584,0.015578374192497045,0.507 +/- 0.076
2988,HD 93963 A c,HD 93963 A,3.11976057,1212.45,0.04726,5908.0,G,0.1901875903199635,0.5181157634197967,0.5066785413967348,0.06586507735042942,0.012526720347516175,0.507 +/- 0.066
2989,HAT-P-70 b,HAT-P-70,20.96083,2562.0,0.04739,8450.0,A,0.3298474782002585,0.5365219460138042,0.5064833089347842,0.07606060297478054,0.02508839808162244,0.506 +/- 0.076
2990,HD 20003 b,HD 20003,3.43,745.4076482735505,0.0974,5494.0,G,0.1974462656483676,0.5035259081684688,0.5060254170388605,0.03454518144585218,0.006820817072628789,0.506 +/- 0.035
2991,HD 104067 b,HD 104067,9.2,373.0370370711179,0.2674,4952.0,K,0.2447287549689754,0.501921754231839,0.5057592796887619,0.06572500469067816,0.016084798568279733,0.506 +/- 0.066
2992,rho CrB c,rho CrB,5.68,448.1,0.4206,5817.0,G,0.251919974269757,0.5067175873748494,0.5057283034735633,0.04820817967627026,0.012144603383637825,0.506 +/- 0.048
2993,HD 89307 b,HD 89307,13.4,152.33824539320943,3.27,5955.0,G,0.2178220564502139,0.4906341550933835,0.5056427247094736,0.08373780009436525,0.018239939819171557,0.506 +/- 0.084
2994,TOI-1811 b,TOI-1811,11.14172682,962.2,0.04389,4766.0,K,0.2509945728497095,0.5152860372332311,0.5055898593902094,0.04907815399558564,0.01231835029837428,0.506 +/- 0.049
2995,HIP 8152 c,HIP 8152,2.52442508,650.68,0.139,5618.0,G,0.1391247289760309,0.5073562243617877,0.5055124470732244,0.059794632679997795,0.008318912065826013,0.506 +/- 0.060
2996,K2-155 c,K2-155,2.6,583.0,0.0946,4258.0,K,0.158003434059634,0.4861497873219657,0.5053413511973481,0.08917590752728163,0.014090099624694862,0.505 +/- 0.089
2997,DE CVn b,DE CVn,12.4,42.90434061769199,5.75,3579.0,M,0.2210872620868277,0.5197491091861141,0.5050047233632009,0.05594108189693716,0.012367860634768838,0.505 +/- 0.056
2998,HD 16417 b,HD 16417,5.0,881.7545532761081,0.14,5841.0,G,0.2327224343731373,0.5056721678335506,0.5049414389969707,0.022612779972990073,0.005262501203258376,0.505 +/- 0.023
2999,TOI-1174 b,TOI-1174,2.562,713.83,0.07994,5030.0,K,0.1444567880516339,0.5098313584735115,0.5048235634158373,0.06648153662599829,0.009603709245728771,0.505 +/- 0.066
3000,HD 195019 b,HD 195019,13.0,824.7359477144706,0.14,5751.0,G,0.2058404748081171,0.5224807980884503,0.504473610912446,0.04985126505297512,0.010261408068289695,0.504 +/- 0.050
3001,HD 82943 c,HD 82943,13.4,330.1554683077913,0.74345,5935.0,G,0.2276661894217184,0.4794713071766334,0.5044243570661885,0.09049294948083669,0.02060218497783416,0.504 +/- 0.090
3002,HIP 38594 c,HIP 38594,7.94,73.14232648403069,3.805,4086.3,K,0.2511113521091113,0.4965211034607478,0.5044188363699476,0.06121089924192944,0.015370751672455477,0.504 +/- 0.061
3003,alf Tau b,alf Tau,12.7,994.0481437925322,1.46,4055.0,K,0.2445575047850542,0.5403005537013048,0.5043999986764391,0.08797790029971538,0.021515655773526664,0.504 +/- 0.088
3004,TOI-3353.01,TOI-3353,2.6667555,1264.36,0.060118218,6365.0,F,0.1828372169953341,0.5015091857670333,0.5043738709584672,0.053181063846306914,0.009723477710509933,0.504 +/- 0.053
3005,GJ 832 b,GJ 832,13.8,52.90259290707542,3.7,3472.0,M,0.2854705794734029,0.4904732643212159,0.5043313079154188,0.06836952400746363,0.019517487636731373,0.504 +/- 0.068
3006,WASP-59 b,WASP-59,8.687,670.0,0.0697,4650.0,K,0.2499486915908559,0.5276093255331129,0.5043030097537592,0.0878837778519229,0.02196643528614957,0.504 +/- 0.088
3007,TOI-561 d,TOI-561,2.615,600.0,0.1587,5342.0,G,0.1873852897149973,0.492686378956384,0.504168255037121,0.04023464454734352,0.007539380525083901,0.504 +/- 0.040
3008,HD 213519 b,HD 213519,2.99,851.8990382700492,0.099,5840.0,G,0.1990922877293564,0.5058006082216967,0.5039947763645024,0.03270483590054086,0.006511280599251865,0.504 +/- 0.033
3009,HD 217107 b,HD 217107,13.6,1011.4992186412522,0.07359,5622.0,G,0.2454672346686943,0.4276958835000802,0.5039611259249313,0.10833864656046352,0.02659358797894603,0.504 +/- 0.108
3010,AF Lep b,AF Lep,13.0,1400.0,8.996,6140.0,F,0.2293429484245519,0.4959823044640943,0.5035847037491028,0.08113616446904855,0.01860800718319096,0.504 +/- 0.081
3011,GJ 1148 c,GJ 1148,9.71,90.8998340170065,0.912,3287.0,M,0.2687118120522601,0.4772491592681958,0.503455045377658,0.08207001363004254,0.022053182077682414,0.503 +/- 0.082
3012,WASP-82 b,WASP-82,18.15858,2190.0,0.0447,6480.0,F,0.3093588689424091,0.5121328412304995,0.5032454422168667,0.04091707062980384,0.012658058690472783,0.503 +/- 0.041
3013,HD 80883 b,HD 80883,12.8,81.09842888644377,6.462,5177.91,K,0.2122514113535843,0.5145191655063418,0.5028839665363788,0.033399437635515165,0.0070890777765541145,0.503 +/- 0.033
3014,Kepler-289 b,Kepler-289,2.49,607.0,0.21183,5990.0,G,0.0008804996732963,0.5726118512084318,0.5026489646151568,0.19838184784489546,0.00017467515221534675,0.503 +/- 0.198
3015,alf Ari b,alf Ari,13.4,683.4695089119468,1.2,4553.0,K,0.2451035010633398,0.5145060595687114,0.5024626202633681,0.05284567577216616,0.012952660147816038,0.502 +/- 0.053
3016,KELT-8 b,KELT-8,18.15858,1675.0,0.0455,5754.0,G,0.3564692894604696,0.5159575305034186,0.5022279831453932,0.0509443865095439,0.018160109261056646,0.502 +/- 0.051
3017,HD 24040 b,HD 24040,12.9,131.54415827251356,4.92,5802.0,G,0.1882100214472324,0.5164931957196318,0.5021834982300842,0.07135613475078881,0.013429939651837567,0.502 +/- 0.071
3018,BD-210397 c,BD-210397,12.9,63.57717922641679,5.9,4051.0,K,0.2366207088745183,0.5105967022588446,0.5021219897103503,0.05292954194425701,0.012524225735253643,0.502 +/- 0.053
3019,Kepler-109 b,Kepler-109,2.49,1276.0,0.0701,5950.0,G,0.0041650965734628,0.5736947029723746,0.5021000306328773,0.17207530424567033,0.0007167102600912102,0.502 +/- 0.172
3020,HD 156279 b,HD 156279,12.5,330.8644898461589,0.502,5453.0,G,0.2088961993275446,0.4973150196864229,0.5019595932389923,0.10599371508014567,0.022141684232849082,0.502 +/- 0.106
3021,eps Tau b,eps Tau,12.7,551.6240055331027,1.878,4877.0,K,0.1865123160408836,0.5297146707442214,0.501677698531417,0.046729751838316354,0.008715674243380121,0.502 +/- 0.047
3022,Kepler-167 e,Kepler-167,10.16,134.4,1.883,4884.0,K,0.0705983210353961,0.2952133463447544,0.501360906070914,0.25823221680037306,0.018230760943354744,0.501 +/- 0.258
3023,HIP 8152 b,HIP 8152,2.53625843,794.96,0.093,5618.0,G,0.1336535932378961,0.5104294681819501,0.5013273353223844,0.07808661913364137,0.010436557231010219,0.501 +/- 0.078
3024,GJ 317 c,GJ 317,13.6,43.60270131295691,5.04,3496.0,M,0.2577047306417742,0.4969781318985564,0.5011719007796956,0.04355351411540506,0.011223946623613172,0.501 +/- 0.044
3025,TIC 139270665 b,TIC 139270665,7.22979255,703.0,0.163,5844.0,G,0.2201761536021145,0.5265037179032551,0.5011681838388689,0.0586270561231873,0.012908279714218674,0.501 +/- 0.059
3026,HD 88072 b,HD 88072,12.6,69.54139953244932,13.895,5785.33,G,0.2094917742055875,0.5209118600416418,0.501136438929196,0.05263878028752066,0.01102739147445081,0.501 +/- 0.053
3027,HD 29985 b,HD 29985,12.8,42.74471221996676,13.39,4678.0,K,0.2194392600554602,0.5023571549727739,0.5008375728906087,0.017299473140154308,0.0037961835852247695,0.501 +/- 0.017
3028,GJ 849 c,GJ 849,13.8,46.10650642404573,4.95,3467.0,M,0.2747266695976931,0.4983348498153834,0.5008344427555788,0.06527380154186004,0.017932454109575974,0.501 +/- 0.065
3029,HD 87883 b,HD 87883,12.7,101.09189677417784,3.77,4980.0,K,0.2498524327678106,0.5038053574789303,0.5008276605491195,0.05849969780285355,0.014616291812224704,0.501 +/- 0.058
3030,HD 3765 b,HD 3765,8.56,139.811266396345,2.108,5049.8,K,0.2507665620363368,0.4595093269087578,0.5008169660699936,0.11236542005004999,0.028177490077719903,0.501 +/- 0.112
3031,HIP 54597 b,HIP 54597,13.3,85.97999967226289,4.0,4799.0,K,0.2016136968585983,0.4959156064057932,0.500418436093665,0.08108695812304792,0.01634824139420604,0.500 +/- 0.081
3032,TOI-181 b,TOI-181,6.9559,895.1,0.0539,4994.0,K,0.2405979910119012,0.4968945971275161,0.5002562187321535,0.04823162336257086,0.011604431684277229,0.500 +/- 0.048
3033,HD 75302 b,HD 75302,12.8,105.88165586055192,5.3,5697.46,G,0.2215159231376907,0.5050327626153945,0.49992129562638316,0.032726614263072724,0.007249466169655669,0.500 +/- 0.033
3034,HD 168863 b,HD 168863,12.7,57.63149265198038,10.961,4905.0,K,0.2013014376918386,0.5105431944930061,0.49977111253927586,0.019969444982925185,0.004019877984970913,0.500 +/- 0.020
3035,HD 75784 c,HD 75784,12.8,136.57332374022323,8.4,4867.0,K,0.1276716169283116,0.4123693694385413,0.49971045476445275,0.1835011976453001,0.02342789461165715,0.500 +/- 0.184
3036,HD 154857 c,HD 154857,13.2,141.66229492522865,5.36,5605.0,G,0.1590630198029999,0.471458371179773,0.499409278564051,0.1555174004359859,0.024737067345260287,0.499 +/- 0.156
3037,TOI-1723 b,TOI-1723,3.435,782.98,0.113496,5777.0,G,0.1738955482330736,0.5123653556788259,0.49885739994840267,0.03532772046025916,0.006143333317261537,0.499 +/- 0.035
3038,HD 10180 f,HD 10180,5.24,391.0677840034454,0.4929,5911.0,G,0.2031969030426213,0.5105534946886455,0.49883453993877924,0.07041650169596494,0.014308415067715567,0.499 +/- 0.070
3039,HD 151450 c,HD 151450,12.8,77.37682349345778,14.131,6091.98,F,0.1939849298103843,0.5146029090861566,0.4987686738454526,0.04468462409665836,0.008668143668993678,0.499 +/- 0.045
3040,HD 204313 b,HD 204313,12.9,149.48454460893996,3.185,5767.0,G,0.1860168897421886,0.5125173328613047,0.4985142802852663,0.06746186132901788,0.012549045620642737,0.499 +/- 0.067
3041,HD 32963 b,HD 32963,13.4,144.18508569682743,3.41,5727.0,G,0.2049972315998404,0.5065514017697091,0.4983940084795612,0.035824780363146,0.007343980797117255,0.498 +/- 0.036
3042,TrES-1 b,TrES-1,12.66617,1140.0,0.03925,5230.0,G,0.2519629586172509,0.508510353362361,0.4981418072298803,0.059218619079044195,0.014920898468383955,0.498 +/- 0.059
3043,47 UMa d,47 UMa,13.5,83.7631549929164,11.6,5872.0,G,0.2613382315430833,0.5181617713587867,0.4979738728294748,0.09648157948990765,0.02521432536037588,0.498 +/- 0.096
3044,HD 11505 b,HD 11505,12.6,61.70770619335513,20.247,5757.15,G,0.2031822733922759,0.509097730381804,0.49788410326691346,0.036810259330003564,0.007479192174829359,0.498 +/- 0.037
3045,HD 114386 b,HD 114386,13.6,141.37569530255908,1.73,4836.0,K,0.2269068259059658,0.468273249722642,0.49740964748522004,0.11521034435561772,0.02614201354926652,0.497 +/- 0.115
3046,HAT-P-30 b,HAT-P-30,16.14096,1630.0,0.0419,6304.0,F,0.3170111482238109,0.4909432588686929,0.4973609214269326,0.043236558255571246,0.01370647097784433,0.497 +/- 0.043
3047,HD 156279 c,HD 156279,12.5,100.08618045657109,5.486,5453.0,G,0.2088961993275446,0.5118856594760944,0.49721379434415164,0.021416892537747322,0.004473907452541867,0.497 +/- 0.021
3048,HD 154345 b,HD 154345,13.7,109.04366586949192,4.158,5468.0,G,0.2498704227906029,0.4817464420876731,0.4970196162855019,0.09161559962175855,0.02289202861170341,0.497 +/- 0.092
3049,GJ 680 b,GJ 680,12.0,33.4508225605621,10.138,3563.0,M,0.2723399152913174,0.4964718030745822,0.49688456248779533,0.05379392566869224,0.01465023315979907,0.497 +/- 0.054
3050,HD 117207 b,HD 117207,13.4,134.63729788147052,3.787,5732.0,G,0.217073384687873,0.5025000512583099,0.4967202262727734,0.04726095064340968,0.010259094519731449,0.497 +/- 0.047
3051,WASP-35 b,WASP-35,14.5717,1338.29,0.04317,5990.0,G,0.2958328028862009,0.5146738163234941,0.49628218682958464,0.04670418520225656,0.013816630014899786,0.496 +/- 0.047
3052,GJ 179 b,GJ 179,13.8,59.02253997376463,2.41,3370.0,M,0.2651305840609352,0.475257650746653,0.49596547927905715,0.08124192258838821,0.02153971838609265,0.496 +/- 0.081
3053,HS Psc b,HS Psc,13.6,716.5989326040775,0.0435,4203.0,K,0.205856325134907,0.4190060574368588,0.49586231821020194,0.13490725515455698,0.027771511780154343,0.496 +/- 0.135
3054,TYC 2187-512-1 b,TYC 2187-512-1,12.5,104.90633500356915,1.22,3734.0,K,0.256990334350337,0.4854351970614027,0.4957736924267683,0.07236741666804983,0.018597726605592276,0.496 +/- 0.072
3055,HD 164922 b,HD 164922,13.3,159.4,2.16,5390.0,G,0.2407517873293298,0.4179083095005278,0.4952398617177727,0.14260439240670125,0.03433226235292643,0.495 +/- 0.143
3056,HD 10180 e,HD 10180,5.39,528.4817655404665,0.2699,5911.0,G,0.2031969030426213,0.5083851718975555,0.4952326064145353,0.06432521045524628,0.013070683552070889,0.495 +/- 0.064
3057,HD 25015 b,HD 25015,12.5,82.95125375008303,6.248,5160.0,K,0.2063249750712895,0.5025185478510328,0.4949766892351702,0.028189224564126838,0.005816141055472452,0.495 +/- 0.028
3058,TOI-1736 b,TOI-1736,3.18175535,1099.79,0.073,5636.0,G,0.1860463259714573,0.4975069015634799,0.4948575600108719,0.05750360556019463,0.010698334544586074,0.495 +/- 0.058
3059,HD 215497 c,HD 215497,13.0,181.65791484389743,1.31,5113.0,K,0.1999994216224691,0.3600144766101928,0.49450582588565095,0.2011443160554354,0.0402287468737342,0.495 +/- 0.201
3060,HD 152843 b,HD 152843,3.05,1003.11,0.1049,6310.0,F,0.1699793009535185,0.504651659188356,0.494436385064006,0.05754175797210455,0.009780907795734881,0.494 +/- 0.058
3061,Kepler-445 c,Kepler-445,2.51,341.0,0.0301,3157.0,M,0.0886937001018775,0.4614172965166748,0.49406448541655723,0.12071466364802834,0.01070663017549724,0.494 +/- 0.121
3062,HD 7449 b,HD 7449,12.6,167.59408886879157,2.438,6024.0,F,0.2038047595737891,0.4553630274752182,0.49397998848400326,0.11378306122068937,0.023189529435652324,0.494 +/- 0.114
3063,mu Leo b,mu Leo,13.3,644.3835300432663,1.1,4538.2,K,0.2165240170738055,0.493465103203116,0.4934905860843266,0.07239966221585793,0.015676265697764175,0.493 +/- 0.072
3064,HD 108202 b,HD 108202,13.1,85.09954869495043,3.7,4556.03,K,0.2037587049024993,0.4347155183471173,0.49346360035267894,0.10035460082542237,0.020448123495195352,0.493 +/- 0.100
3065,HD 137496 c,HD 137496,12.6,370.0,1.2163,5799.0,G,0.0634728639159229,0.54649127068547,0.4934441822504342,0.16469390886983792,0.01045359406547663,0.493 +/- 0.165
3066,eps Eri b,eps Eri,14.1,102.6845648998728,3.53,5020.38,K,0.2905444203706248,0.4898396497497985,0.4934320609843831,0.07063672606159795,0.02052310663044558,0.493 +/- 0.071
3067,WASP-10 b,WASP-10,12.106,1370.0,0.03781,4675.0,K,0.2659697995308427,0.5474396766629881,0.49330769746354314,0.11118212373220424,0.02957108716046771,0.493 +/- 0.111
3068,Kepler-1058 b,Kepler-1058,2.72,239.0,0.3679,4644.0,K,0.0039030162556722,0.3769464272104376,0.4932776445059092,0.19231260627784594,0.0007505992284731203,0.493 +/- 0.192
3069,HD 12235 b,HD 12235,3.23,1525.1194746406345,0.054,5986.0,G,0.2183622704628876,0.4896216331886655,0.49325991370306466,0.05935973247893236,0.012961925958169281,0.493 +/- 0.059
3070,HD 12484 b,HD 12484,13.2,479.5668080459016,0.297,5920.0,G,0.1850110355010353,0.5117105553691057,0.49324547557289417,0.05156606739680135,0.009540291525798392,0.493 +/- 0.052
3071,TOI-1758 b,TOI-1758,3.62,551.44,0.141409,5169.0,K,0.1705797783068008,0.4779680613485593,0.4930855929846455,0.06046348475260841,0.010313847824756573,0.493 +/- 0.060
3072,HD 125271 b,HD 125271,12.4,54.68111277644076,10.817,4703.93,K,0.2024142772414937,0.4932664341660058,0.49304100820710595,0.03297238563234724,0.006674081606699377,0.493 +/- 0.033
3073,Kepler-391 b,Kepler-391,2.5,930.0,0.083,5038.0,K,0.0004659471475651,0.4955849635243457,0.49290749920566707,0.15941564118622803,7.427926328798442e-05,0.493 +/- 0.159
3074,HD 156846 b,HD 156846,12.4,349.8563805817677,1.12,6090.0,F,0.1861309530524333,0.4230236030286216,0.4925538221663761,0.15014140869147308,0.027945963492378777,0.493 +/- 0.150
3075,HD 65216 c,HD 65216,13.4,96.83442836744264,5.75,5612.0,G,0.2111518355932585,0.4890425243321359,0.49231719138647784,0.05773054312150536,0.01218991014990162,0.492 +/- 0.058
3076,HD 11112 b,HD 11112,12.6,86.44606409678153,13.38,5905.64,G,0.1924773481115624,0.4981488559869859,0.4921828172044771,0.059083028260956454,0.011372144598069393,0.492 +/- 0.059
3077,TOI-3693 b,TOI-3693,12.59889431,801.0,0.0813,5321.0,G,0.2457174905446745,0.5135665952357366,0.49162386799140884,0.05954463041839684,0.014631157161818564,0.492 +/- 0.060
3078,HD 86065 b,HD 86065,12.5,48.07740558314686,15.947,4927.56,K,0.2003611472980618,0.4981439922312936,0.49127253608156213,0.01963806617194923,0.003934705468927003,0.491 +/- 0.020
3079,HD 74156 c,HD 74156,12.5,171.5203747640523,3.678,6068.0,F,0.1686376743529284,0.4794865578719483,0.49126636879986096,0.11632017856661273,0.01961596439379092,0.491 +/- 0.116
3080,HD 217107 c,HD 217107,12.9,112.75628315617516,5.922,5622.0,G,0.2454672346686943,0.4681568204434165,0.4909732280355046,0.0789831445219569,0.01938777407124259,0.491 +/- 0.079
3081,HD 150706 b,HD 150706,13.3,99.52267809030812,6.7,5961.0,G,0.2261244416846645,0.4873740557068424,0.4908081203958922,0.07677889747360979,0.017361585324384112,0.491 +/- 0.077
3082,GJ 649 b,GJ 649,10.8,110.4362469574432,1.112,3734.0,K,0.270422749840755,0.4655782854446615,0.4907851861794245,0.06718411377277114,0.01816811279204691,0.491 +/- 0.067
3083,HIP 70849 b,HIP 70849,12.9,72.12265459921784,3.99,4105.0,K,0.2358534115774547,0.4856936749314721,0.4905706494113691,0.03367818393657188,0.007943114577173511,0.491 +/- 0.034
3084,Kepler-424 c,Kepler-424,12.7,273.2749707756296,0.73,5460.0,G,0.0002772938442902,0.5872510471807133,0.49038019015420936,0.22451619903333606,6.225695993537744e-05,0.490 +/- 0.225
3085,iot Dra b,iot Dra,12.4,565.8837128347488,1.453,4504.0,K,0.2193128555744445,0.4718195192791387,0.49029035205501664,0.10530572347461273,0.02309489892355013,0.490 +/- 0.105
3086,HD 29399 b,HD 29399,13.5,327.7534488589701,1.913,4845.0,K,0.1929178546364703,0.4932631602698876,0.49028340610477944,0.06944249881514328,0.013396697892013072,0.490 +/- 0.069
3087,WASP-91 b,WASP-91,11.54527,1160.0,0.037,4920.0,K,0.2237558826858207,0.5140116735848745,0.4901261936100675,0.05745213219080008,0.012855252550534926,0.490 +/- 0.057
3088,HD 167677 b,HD 167677,13.2,138.9376474975152,2.877,5474.0,G,0.1742558244063025,0.4115593819882263,0.4901129730465042,0.13864924178673757,0.02416043793085672,0.490 +/- 0.139
3089,WASP-130 b,WASP-130,9.97601,833.0,0.1012,5625.0,G,0.2220913696099623,0.5140484081624267,0.49005590727120374,0.055830426299936856,0.012399455842861036,0.490 +/- 0.056
3090,WASP-123 b,WASP-123,15.13212395,1500.0,0.04263,5740.0,G,0.2803077234433516,0.4997235450411321,0.48991692902678624,0.04134836120729831,0.011590264998131181,0.490 +/- 0.041
3091,HD 73344 d,HD 73344,13.2,115.7127166577612,6.7,6148.0,F,0.2108574841404788,0.4753418519629586,0.48990400657640115,0.08607821448231646,0.018150235745045776,0.490 +/- 0.086
3092,HD 171238 b,HD 171238,12.5,152.71672954109007,2.518,5467.0,G,0.1916497475644661,0.4914887234208966,0.48989762890352845,0.11342763471992605,0.0217383775609083,0.490 +/- 0.113
3093,91 Aqr b,91 Aqr,13.1,815.6497130597387,0.7,4665.0,K,0.1931521991303254,0.5093335122682757,0.4897180177440698,0.0627294365336958,0.01211632861668952,0.490 +/- 0.063
3094,HD 145675 c,14 Her,12.6,50.77030389741867,20.0,5338.0,G,0.2507507642405643,0.4874632830573318,0.48966322018924513,0.03874929212454578,0.009716414614010734,0.490 +/- 0.039
3095,TOI-5624 e,TOI-5624,3.247,613.8,0.1439,5327.0,G,0.1518244096877062,0.5010882651364612,0.48963706241038146,0.039225220777595216,0.005955345989428341,0.490 +/- 0.039
3096,TOI-1136 f,TOI-1136,3.73591482,658.0,0.174,5770.0,G,0.1989918623170763,0.4836110376930173,0.4895723579796509,0.05084164060512488,0.010117072747269286,0.490 +/- 0.051
3097,7 CMa c,7 CMa,13.9,320.1359897470512,2.153,4826.0,K,0.2460860999900458,0.5046771558291893,0.4894282117666695,0.045627451546805156,0.011228281603638063,0.489 +/- 0.046
3098,TOI-1136 e,TOI-1136,2.639,737.0,0.14,5770.0,G,0.1671620797119739,0.4890386924535305,0.48928575284883874,0.06310411144586006,0.010548614507666143,0.489 +/- 0.063
3099,HD 141399 c,HD 141399,13.6,350.47602006738845,0.689,5600.0,G,0.2071852819196858,0.4807264748674046,0.48847859854301884,0.08606072206535521,0.017830514963322344,0.488 +/- 0.086
3100,gam Lib c,gam Lib,12.8,497.32368358302745,2.318,4879.0,K,0.1867490010103034,0.5120517599903491,0.48810932150214276,0.08142270401400387,0.015205608634172842,0.488 +/- 0.081
3101,HD 37124 c,HD 37124,14.1,187.261901117954,1.71,5698.64,G,0.2185792118910501,0.4177445454040667,0.48800863087260743,0.15767561683826362,0.03446461206294285,0.488 +/- 0.158
3102,HAT-P-16 b,HAT-P-16,14.68376472,1566.0,0.0413,6140.0,F,0.2684134457138933,0.5171304290890687,0.48799856999389796,0.0636048023833885,0.01707238417167656,0.488 +/- 0.064
3103,TOI-756 b,TOI-756,2.81,934.0,0.018,3657.0,M,0.1368740835384364,0.486907367449095,0.4877803883205478,0.06939323865270457,0.009498135944352937,0.488 +/- 0.069
3104,HD 204941 b,HD 204941,10.1,122.60393592848048,2.55,5026.0,K,0.2251163713852766,0.4172776479212586,0.4876415953749234,0.11716616591213311,0.02637602211926469,0.488 +/- 0.117
3105,TOI-1279 b,TOI-1279,2.66146528,759.0,0.085,5457.0,G,0.1275464523741531,0.5056484829348703,0.4875793597394798,0.054738477103288635,0.006981698562888274,0.488 +/- 0.055
3106,HD 149806 b,HD 149806,12.3,63.23230358595635,12.404,5352.05,G,0.2449503347419463,0.4865700750198094,0.4875663925389083,0.02978861742096157,0.00729673180876431,0.488 +/- 0.030
3107,HD 18143 c,HD 18143,12.5,49.89604030831837,17.53,5078.0,K,0.2394966608676303,0.4849997886985274,0.48743248633699465,0.02236808650117449,0.005357082027029606,0.487 +/- 0.022
3108,HD 95544 b,HD 95544,12.8,156.5,3.166,5722.0,G,0.1246778829212851,0.4852028703980022,0.48706554166164245,0.1343378848156808,0.016748963074942533,0.487 +/- 0.134
3109,TOI-1410.01,TOI-1410,3.10083009,1236.7,0.0207,4635.0,K,0.1675285814258063,0.4922347026926378,0.48699397154313173,0.053022428948092386,0.008882772305424523,0.487 +/- 0.053
3110,HD 9446 c,HD 9446,13.4,315.9507360311889,0.654,5793.0,G,0.1813229099525199,0.4962574575827881,0.486864331035938,0.055302205474777495,0.010027556823478832,0.487 +/- 0.055
3111,HD 13931 b,HD 13931,13.2,127.48884813738778,5.15,5867.0,G,0.1867590857286429,0.4866850272052125,0.4867375820849502,0.05708767832591111,0.010661642610518022,0.487 +/- 0.057
3112,HD 68402 b,HD 68402,12.6,179.51201501880928,2.18,5950.0,G,0.1369326877311479,0.4594433448392232,0.48663368662809736,0.13056692447346416,0.017878879896941237,0.487 +/- 0.131
3113,WASP-136 b,WASP-136,16.81347105,1630.0,0.0661,6250.0,F,0.279856335946089,0.5045077633261796,0.48636654133695356,0.05386700196235618,0.015075021797585787,0.486 +/- 0.054
3114,HD 28185 c,HD 28185,12.8,86.7598914634428,8.5,5602.0,G,0.2023448610499573,0.501379287884131,0.4860338288510873,0.04932491782270545,0.009980643643135896,0.486 +/- 0.049
3115,HIP 35965 b,HIP 35965,12.6,44.67944253366805,15.898,4836.0,K,0.1816543080604848,0.4919712111074591,0.48598863204182,0.052311987779772987,0.009502697943403198,0.486 +/- 0.052
3116,K2-139 b,K2-139,9.11,524.0,0.1796,5370.0,G,0.2463632982169409,0.500577644657805,0.48596067817749145,0.053412908164242275,0.013158980222701296,0.486 +/- 0.053
3117,HD 34445 e,HD 34445,4.26,583.3453096378646,0.2687,5836.0,G,0.1892133992473182,0.483154522455027,0.48589512891581743,0.05415307079716776,0.010246486605212792,0.486 +/- 0.054
3118,HD 68475 b,HD 68475,12.8,73.06337280192554,7.27,5022.0,K,0.2147523437495864,0.4844779811038588,0.4857450383558044,0.02005826302512971,0.004307558996192275,0.486 +/- 0.020
3119,TOI-756 c,TOI-756,13.0,194.0,0.439,3657.0,M,0.1267255183440472,0.4110379253480548,0.4855658675396123,0.17934594039177068,0.022727707259047727,0.486 +/- 0.179
3120,HD 164604 c,HD 164604,12.5,77.06129719687536,5.556,4663.0,K,0.2023804768796032,0.4880979783884442,0.48541119969171803,0.027336608018082374,0.005532395766970295,0.485 +/- 0.027
3121,K2-174 b,K2-174,2.6,455.0,0.126,4455.0,K,0.1332741448442612,0.4836424199276003,0.4852584839714347,0.08861108507778839,0.011809566587464322,0.485 +/- 0.089
3122,HD 221420 b,HD 221420,12.0,112.95039799715806,10.15,5847.0,G,0.2197229588093829,0.4832718407729173,0.4850609121366597,0.1415066853288677,0.031092267591767104,0.485 +/- 0.142
3123,HD 185283 b,HD 185283,13.6,85.95504167488367,4.6,4848.0,K,0.219166666507199,0.4874921263764007,0.48501547105513204,0.037023905306436296,0.008114405907089839,0.485 +/- 0.037
3124,HD 153557 d,HD 153557,11.9,39.765390568292695,21.449,4837.0,K,0.2507284484156158,0.5005965050365083,0.4846861278622909,0.07518758195809978,0.01885166576447631,0.485 +/- 0.075
3125,HD 22781 b,HD 22781,12.3,176.9747710159944,1.167,5027.0,K,0.2165341939417625,0.4349137637314467,0.48463935654231755,0.12627995607973408,0.027343928500726387,0.485 +/- 0.126
3126,HD 50499 c,HD 50499,13.2,106.73436087183669,9.02,6099.0,F,0.1888470587781513,0.468625775620106,0.4845877411847646,0.10393828931033584,0.01962844023068949,0.485 +/- 0.104
3127,TOI-1136 c,TOI-1136,2.879,1062.0,0.0669,5770.0,G,0.1874011999374698,0.4762700187173726,0.4845561786610957,0.07070581291266495,0.013250354182387658,0.485 +/- 0.071
3128,HD 27894 d,HD 27894,12.7,87.68829602708182,5.362,4875.0,K,0.1935563093746136,0.488620944463898,0.48453110154986234,0.060089613356781126,0.01163072379308604,0.485 +/- 0.060
3129,GJ 3512 c,GJ 3512,14.3,39.25830273291826,1.731,3141.0,M,0.2728490671339822,0.4659883605234629,0.48435813053651167,0.09086974366923001,0.024793724790853493,0.484 +/- 0.091
3130,HD 89839 b,HD 89839,12.8,145.46576510013773,4.713,6314.0,F,0.1691387653336077,0.4847224578203838,0.48400936815443807,0.065470523770023,0.011073603556206306,0.484 +/- 0.065
3131,psi1 Dra B b,psi1 Dra B,13.5,145.87581673222226,4.43,6212.0,F,0.2390312925796112,0.4884419084281148,0.48388427713789933,0.07258700860061729,0.017350566490292905,0.484 +/- 0.073
3132,HIP 97166 c,HIP 97166,2.75,642.0,0.124,5216.0,G,0.1551327922999694,0.4835742593350534,0.48331334863266484,0.06956014995435275,0.010791060295223332,0.483 +/- 0.070
3133,G 196-3 b,G 196-3,12.0,1670.0,350.0,3517.0,M,0.2412588623457274,0.4856364630057645,0.4832492282928218,0.08532451269029387,0.02058529486186388,0.483 +/- 0.085
3134,TOI-1691 b,TOI-1691,3.66,703.49,0.129365,5759.0,G,0.1488122519046198,0.4948264564496597,0.4831823517652443,0.06007167612946698,0.008939401400510976,0.483 +/- 0.060
3135,K2-199 c,K2-199,2.85,694.0,0.0662,4491.0,K,0.1209197857630268,0.5003379794848476,0.4831777295234443,0.09375784498360656,0.011337178529020782,0.483 +/- 0.094
3136,HD 47186 b,HD 47186,5.02,1159.6255388241314,0.05,5657.0,G,0.2062746379187544,0.486121439180379,0.48303184269013844,0.051399328788304464,0.010602377935074512,0.483 +/- 0.051
3137,HD 202206 c,HD 202206,12.2,167.06578031499274,2.41,5766.0,G,0.189448548286509,0.4620950472206719,0.48302057572898216,0.10811764053113025,0.020482730042785252,0.483 +/- 0.108
3138,HD 143361 b,HD 143361,12.9,164.87672046190926,1.988,5507.0,G,0.1512049913320919,0.4703824332197663,0.48256276648103047,0.12550799889199815,0.01897743588457278,0.483 +/- 0.126
3139,rho CrB b,rho CrB,13.7,614.0,0.2245,5817.0,G,0.251919974269757,0.4753609565277397,0.4819561209113234,0.05056964435757741,0.012739503505391662,0.482 +/- 0.051
3140,HD 56957 b,HD 56957,12.8,133.23873532521134,6.426,5743.0,G,0.1622044334691166,0.4946211992801395,0.4819525228205423,0.1009241758189588,0.016370348762051727,0.482 +/- 0.101
3141,HD 169830 b,HD 169830,13.2,345.0,0.765,6300.0,F,0.2059708130763805,0.4827574485129987,0.4817732403908361,0.05759701848341076,0.01186330472780343,0.482 +/- 0.058
3142,HD 190360 b,HD 190360,13.5,150.0,3.963,5552.0,G,0.2556254979219762,0.4599307076046287,0.4813717352636861,0.06904757562362396,0.01765032089909418,0.481 +/- 0.069
3143,HD 164604 b,HD 164604,12.3,155.64274444267312,1.362,4663.0,K,0.2023804768796032,0.4562932497556335,0.48130800406571134,0.08991255569187509,0.018196545898385562,0.481 +/- 0.090
3144,WASP-121 b,WASP-121,19.52604438,2409.0,0.02571,6628.0,F,0.3328445520420361,0.4915661970359568,0.48107196617738546,0.06202646482548399,0.020645170899589328,0.481 +/- 0.062
3145,HD 183263 c,HD 183263,12.5,123.1166086348854,5.585,5948.0,G,0.1744830277363278,0.4795470385411843,0.48068433261685795,0.06251022016599783,0.010906972479027756,0.481 +/- 0.063
3146,HAT-P-11 c,HAT-P-11,13.2,83.76376565452411,4.1,4653.0,K,0.2056417289191719,0.4080744828661553,0.48060043782542816,0.062272358695035855,0.012805795505922,0.481 +/- 0.062
3147,TOI-1749 d,TOI-1749,2.52,533.0,0.0707,3985.0,K,0.1182210484840472,0.478868363846863,0.48050763609227126,0.08289501901489223,0.009799936062045588,0.481 +/- 0.083
3148,HD 11964 c,HD 11964,5.38,692.9075600542265,0.229,5303.0,G,0.2145222525879842,0.4736861894698581,0.48010390792424745,0.0495915086159994,0.010638482137540617,0.480 +/- 0.050
3149,HD 191806 b,HD 191806,12.5,189.3221580889397,2.749,6010.0,F,0.155572906628142,0.4613589140731309,0.4799705992461655,0.1173244473083986,0.01825250528630786,0.480 +/- 0.117
3150,Kepler-1545 b,Kepler-1545,2.7,274.0,0.5442,5201.0,G,0.0014884297514881,0.3886138070496431,0.47995796086840425,0.1518467829857436,0.00022601326946373781,0.480 +/- 0.152
3151,Kepler-991 b,Kepler-991,2.54,260.0,0.3104,4392.0,K,0.0084191835012854,0.4550518045372704,0.4798256685451747,0.17187233390959336,0.0014470247179790637,0.480 +/- 0.172
3152,HD 206893 c,HD 206893,16.36511182,1181.9,3.74,6500.0,F,0.1995768698517492,0.4539212238069612,0.47970192018334945,0.10018436447205384,0.019994481869419295,0.480 +/- 0.100
3153,HD 204313 c,HD 204313,4.31,580.7775006497338,0.211,5767.0,G,0.1860168897421886,0.4997282910478892,0.47957166810335194,0.04248803640563562,0.007903492383429217,0.480 +/- 0.042
3154,HD 97037 b,HD 97037,12.1,110.67106734450262,6.925,5874.1,G,0.2169468677878598,0.4869947051440095,0.47943185768385616,0.04798407300495046,0.010409994342128,0.479 +/- 0.048
3155,TOI-3714 b,TOI-3714,11.32107051,750.0,0.027,3660.0,M,0.2243730394800186,0.4940797114869832,0.47939518632061756,0.05360625992310473,0.012027799474102915,0.479 +/- 0.054
3156,HD 187123 c,HD 187123,13.2,123.8679500875897,4.89,5790.0,G,0.1894707150633897,0.4731570156288056,0.47937432304797284,0.05321365753818951,0.010082429744899105,0.479 +/- 0.053
3157,HD 77338 b,HD 77338,4.12,947.1909436619418,0.06,5341.0,G,0.1895082339792224,0.4848942901201999,0.47931954723310677,0.041052753234692485,0.007779834765491382,0.479 +/- 0.041
3158,VHS J125601.92-125723.9 b,VHS J125601.92-125723.9,13.67495645,1194.0,350.0,2620.0,M,0.264220101779147,0.4669027290913302,0.47929145698042713,0.11012482172034083,0.02909719160335887,0.479 +/- 0.110
3159,HD 62549 b,HD 62549,12.6,84.37883162462292,11.842,5930.46,G,0.1831815018406079,0.5062513373439845,0.47928824946789955,0.047522071182248236,0.008705164369740505,0.479 +/- 0.048
3160,HD 73256 c,HD 73256,12.2,122.49556306104726,3.8,5570.0,G,0.2078262667469159,0.4788046138686506,0.47874282267297624,0.05190811869042025,0.01078787052128585,0.479 +/- 0.052
3161,HD 219134 h,HD 219134,12.7,107.82430047796916,3.11,4913.0,K,0.2810323464571989,0.448535691536595,0.47843158015950593,0.07946073859392473,0.02233103781827277,0.478 +/- 0.079
3162,55 Cnc c,55 Cnc,8.51,456.6732292442452,0.247,5198.0,K,0.2645228070613871,0.4601159116975253,0.4783183009266685,0.07111827303368747,0.018812405216229157,0.478 +/- 0.071
3163,HD 155918 c,HD 155918,12.8,70.7801945742843,13.183,5771.84,G,0.2277326776558393,0.4384432142248184,0.47824432985706605,0.09695153783901175,0.02207903331492957,0.478 +/- 0.097
3164,HIP 948 b,HIP 948,12.1,42.44193660744678,15.037,4497.0,K,0.2117189049163652,0.4704946219416652,0.4781860967319303,0.03724980434684966,0.00788648778466387,0.478 +/- 0.037
3165,47 UMa c,47 UMa,14.2,150.35946480080207,3.6,5872.0,G,0.2613382315430833,0.4898626956637282,0.4781673104407814,0.07727756515920098,0.02019558221666097,0.478 +/- 0.077
3166,HD 52265 b,HD 52265,13.7,405.0,0.52,6136.0,F,0.222289252874203,0.4718610152637139,0.47802296112875126,0.09875229779918478,0.021951574497391588,0.478 +/- 0.099
3167,nu Oph c,nu Oph,12.0,312.34944410490414,5.829,4887.0,K,0.1889864793473918,0.4483772471329549,0.4779230684637532,0.1025104727660793,0.019373093344298015,0.478 +/- 0.103
3168,HD 11964 b,HD 11964,14.1,186.53034764515695,3.16,5303.0,G,0.2145222525879842,0.4425296589408015,0.4776651458456255,0.136803183609153,0.0293473271090431,0.478 +/- 0.137
3169,TOI-2768 b,TOI-2768,2.63,855.0,0.027,4008.0,K,0.1504609243734318,0.4848206689673163,0.47763151926704184,0.08633554293990252,0.012990125597019847,0.478 +/- 0.086
3170,HD 77946 b,HD 77946,2.89646124,1128.86,0.073,6007.0,F,0.1531066687279873,0.4698659580009538,0.47741335476065244,0.05871848881321525,0.008990192214932977,0.477 +/- 0.059
3171,HD 126525 b,HD 126525,10.3,181.53758610992148,1.837,5638.0,G,0.2058765000433247,0.4168864069775174,0.4773200487660848,0.14891679533516708,0.0306584686212723,0.477 +/- 0.149
3172,HD 213885 c,HD 213885,4.71,1265.4,0.056798,5978.0,G,0.1854711741688475,0.4877662778486104,0.4771660262178855,0.035486632231213566,0.006581747347221249,0.477 +/- 0.035
3173,TOI-220 b,TOI-220,3.03,805.0,0.08911,5298.0,G,0.1502340186129926,0.46815327512248,0.4768844107217097,0.06724345105890096,0.010102253877984784,0.477 +/- 0.067
3174,TOI-421 b,TOI-421,2.64,922.0,0.0554,5291.0,G,0.1569527726525906,0.4499214297172156,0.47686739834816183,0.08360470521802367,0.013121990290771325,0.477 +/- 0.084
3175,HAT-P-69 b,HAT-P-69,18.786284,1930.0,0.06555,7394.0,F,0.2740961407346272,0.4988228290817333,0.4765834406270162,0.06668805958294471,0.01827893976476602,0.477 +/- 0.067
3176,ups And b,ups And,14.0,1393.7332396089364,0.05922166,6156.77,F,0.2623628514044924,0.4937596491360845,0.476573800633406,0.05728614093675675,0.015029755282127119,0.477 +/- 0.057
3177,K2-110 b,K2-110,2.592,638.0,0.10207,5010.0,K,0.1116053429789711,0.4592525741146462,0.47645881508645277,0.07889763459829141,0.00880539756957185,0.476 +/- 0.079
3178,BD-210397 b,BD-210397,14.0,95.22465040656624,2.63,4051.0,K,0.2366207088745183,0.4642767073377533,0.47620941285926716,0.07446418232756644,0.017619767608110147,0.476 +/- 0.074
3179,HD 290327 b,HD 290327,13.3,127.78408955429283,3.43,5505.0,G,0.1706223226958393,0.4785322539488575,0.476080345823961,0.08176217308979514,0.013950451881240094,0.476 +/- 0.082
3180,HIP 14810 b,HIP 14810,13.0,958.7717026879502,0.0696,5544.0,G,0.1810878865839126,0.4841162885877357,0.4759847118578192,0.05184146014128153,0.009387860454408814,0.476 +/- 0.052
3181,HD 130322 b,HD 130322,13.7,720.0,0.0925,5387.0,G,0.2181136974260481,0.4504329355087978,0.4759496942372506,0.10723590356251399,0.02338961942284305,0.476 +/- 0.107
3182,HD 89744 b,HD 89744,12.6,423.1471130009779,0.917,6291.0,F,0.2038569402710842,0.4582893914181373,0.47591804676260124,0.08652453378958729,0.0176386267167273,0.476 +/- 0.087
3183,HD 106315 c,HD 106315,4.35,886.0,0.1536,6327.0,F,0.2053922034656773,0.4762504872450229,0.47566834117775336,0.06909101333625013,0.014190755468808911,0.476 +/- 0.069
3184,HD 92788 c,HD 92788,13.0,83.4789397338822,10.5,5744.0,G,0.2121395843288101,0.4534532740286619,0.4755916767123695,0.06645376694816248,0.014097474497466808,0.476 +/- 0.066
3185,HD 192263 b,HD 192263,14.2,486.0,0.15,4976.0,K,0.2465151555751434,0.4688308676883682,0.4754416447860327,0.06840348600745849,0.016862495995010773,0.475 +/- 0.068
3186,HD 73267 c,HD 73267,12.8,63.59706145690278,12.688,5387.0,G,0.1812159609886947,0.482916241843261,0.47534157507648495,0.036376569465380225,0.006592014993140886,0.475 +/- 0.036
3187,TOI-4479 b,TOI-4479,2.82,861.0,0.0164,3400.0,M,0.1435823740645543,0.4722966190339357,0.475211819118147,0.04669533420087713,0.006704626942299716,0.475 +/- 0.047
3188,HD 156098 b,HD 156098,4.12,1150.4233728923869,0.167,6419.19,F,0.1851733613486497,0.4911175687672506,0.47511987810956857,0.041929180424721345,0.007764167277839655,0.475 +/- 0.042
3189,HD 8574 b,HD 8574,13.4,360.40985417794536,0.76,6064.0,F,0.1916208106373769,0.4824512891956612,0.47486797828996835,0.10323446538938752,0.019781871943630666,0.475 +/- 0.103
3190,HD 168443 b,HD 168443,12.6,586.3413497329666,0.292,5491.0,G,0.2018525488481537,0.4505490845729897,0.4746204067496669,0.11063417485543121,0.02233179018428111,0.475 +/- 0.111
3191,HD 211403 b,HD 211403,12.8,380.0,0.768,6273.0,F,0.1306946223318369,0.4897561357889772,0.47453045106666764,0.09408261730132453,0.012296092136187353,0.475 +/- 0.094
3192,TOI-559 b,TOI-559,12.22899794,1180.0,0.0723,5925.0,G,0.1939053458174028,0.5103251800975139,0.47450500078685387,0.05884845206487787,0.011411029448458995,0.475 +/- 0.059
3193,HD 118203 c,HD 118203,12.4,146.0,6.28,5742.0,G,0.1192465829268227,0.4124042388038312,0.474416838168988,0.1790003713982312,0.02134518263187124,0.474 +/- 0.179
3194,HD 147018 b,HD 147018,13.4,475.6151309950771,0.2388,5441.0,G,0.2002419678748139,0.4589128796914629,0.47405101962954754,0.07581283003551147,0.015180910276469613,0.474 +/- 0.076
3195,WASP-3 b,WASP-3,15.91678,2020.0,0.0315,6400.0,F,0.2586761887821366,0.4924220485047423,0.47390423315732166,0.04589729648942292,0.01187253773128766,0.474 +/- 0.046
3196,HD 219077 b,HD 219077,12.5,134.16457174333917,5.935,5362.0,G,0.2240610310202034,0.4486019607991305,0.47349438707879393,0.08088473734341077,0.018123117642962965,0.473 +/- 0.081
3197,HD 145377 b,HD 145377,12.8,405.1879614058051,0.45,6014.0,F,0.1757211695168958,0.4829481630855105,0.473447852141468,0.058933160660457756,0.010355803914582752,0.473 +/- 0.059
3198,HD 37605 c,HD 37605,13.1,115.9405436294698,3.74,5329.0,G,0.1879016099785885,0.4999773052036111,0.47341059586026657,0.08061508736132078,0.015147704703756738,0.473 +/- 0.081
3199,TOI-969 b,TOI-969,2.765,941.0,0.02636,4435.0,K,0.1608670000698375,0.4625540721232036,0.47336220512698285,0.049798679680564735,0.008010964207651223,0.473 +/- 0.050
3200,HD 109988 b,HD 109988,12.1,60.29072142194652,12.518,5185.97,K,0.196076222640743,0.4778809458347088,0.4733581025018292,0.042677463446586954,0.008368035824495156,0.473 +/- 0.043
3201,TOI-1772.01,TOI-1772,2.905,877.67,0.078375,5583.0,G,0.1486785605704234,0.4704742759285361,0.4731246701167087,0.034181902873599256,0.005082116116804756,0.473 +/- 0.034
3202,2MASS J21252752-8138278 b,2MASS J21252752-8138278,12.4,1616.0,7493.0,3592.0,M,0.2132848240697549,0.4934259263916453,0.47245774927704703,0.08260136885296467,0.0176176184237255,0.472 +/- 0.083
3203,WASP-13 b,WASP-13,13.67498,1531.0,0.05362,5950.0,G,0.2726360953669309,0.478402374754884,0.47244774172170634,0.05844753985986332,0.01593490905119619,0.472 +/- 0.058
3204,HIP 5763 b,HIP 5763,14.2,403.2823261086755,0.17,4352.0,K,0.2180532882989114,0.457461318937082,0.47213472087804537,0.08490679259474333,0.018514205324197446,0.472 +/- 0.085
3205,HD 155918 b,HD 155918,2.67,1483.741523417553,0.03,5771.84,G,0.2277326776558393,0.4287043071790888,0.471638780771735,0.07848587118266047,0.017873797602578543,0.472 +/- 0.078
3206,TOI-1288 b,TOI-1288,4.96846551,1203.44,0.0374,5388.0,G,0.1732522186893834,0.4893144749658648,0.4714824825862103,0.05214748468359513,0.009034667420503495,0.471 +/- 0.052
3207,HAT-P-3 b,HAT-P-3,10.53646,1189.0,0.03866,5185.0,K,0.2384324213213279,0.4742458688829357,0.4713821790099282,0.05696537070732354,0.013582391269214197,0.471 +/- 0.057
3208,TOI-125 d,TOI-125,2.93,638.1,0.137,5320.0,G,0.1236878004684774,0.4814220025330312,0.4711091313863548,0.06281198354237394,0.007769076087418434,0.471 +/- 0.063
3209,PH2 b,PH2,9.33708092,295.1,0.833,5734.0,G,0.0697017998486742,0.6696523227920629,0.4709341182999804,0.20444742442844316,0.014250353457088288,0.471 +/- 0.204
3210,K2-263 b,K2-263,2.513,482.0,0.2573,5368.0,G,0.0671417538306203,0.4672965328585605,0.4706436811189125,0.08608343026433957,0.005779792483703656,0.471 +/- 0.086
3211,HD 220689 b,HD 220689,13.7,146.45410991936717,3.396,5921.0,G,0.1877299463692881,0.4674301961745374,0.4706358991264425,0.07883576418116435,0.014799833781711827,0.471 +/- 0.079
3212,HD 113337 c,HD 113337,12.1,140.2753865538159,6.805,6774.0,F,0.2089264914725745,0.4681457499472255,0.470621888720405,0.07749187752911622,0.01619010608978069,0.471 +/- 0.077
3213,GJ 9773 b,GJ 9773,14.2,54.77997129252935,2.921,3528.0,M,0.2558449187172537,0.4386667039143406,0.4705840267028732,0.06343529143669698,0.016229596981427036,0.471 +/- 0.063
3214,55 Cnc b,55 Cnc,13.9,700.0,0.118,5198.0,K,0.2645228070613871,0.4503837014553848,0.4704316599307513,0.08121766032791217,0.021483923492897582,0.470 +/- 0.081
3215,HR 5183 b,HR 5183,13.1,171.0,18.0,5794.0,G,0.2190227212984827,0.4414520000216244,0.47042664908397247,0.11034460204376509,0.024167975020223543,0.470 +/- 0.110
3216,HD 181433 d,HD 181433,13.2,74.26374374469374,6.74,4918.0,K,0.2292975430160476,0.4464377859152149,0.4703716451047445,0.05655506031331001,0.012967936374966368,0.470 +/- 0.057
3217,HD 72659 b,HD 72659,13.2,142.0844385489988,4.607,5929.0,G,0.1785437152605511,0.4620847758753896,0.47029700472098285,0.06962640948217379,0.012431357829199772,0.470 +/- 0.070
3218,HD 111232 c,HD 111232,12.2,55.53165680731559,17.25,5512.0,G,0.2245753924543474,0.4280554993950235,0.4699578907814107,0.06615989500740099,0.014857884386025498,0.470 +/- 0.066
3219,HD 140901 c,HD 140901,13.4,70.20828707220195,11.8,5610.0,G,0.2575604563931747,0.4444772075325714,0.4696505104354001,0.07599565565103887,0.01957347575338012,0.470 +/- 0.076
3220,HD 100508 b,HD 100508,13.7,97.55641222903162,6.11,5419.0,G,0.2162066092163458,0.4175207009193383,0.46963498836783335,0.12194654859928372,0.026365649778287457,0.470 +/- 0.122
3221,HD 125612 d,HD 125612,12.7,134.8956638487977,3.982,5900.0,G,0.1686078281260369,0.4836512227496906,0.4692630194847997,0.03427910896044308,0.005779726111916079,0.469 +/- 0.034
3222,6 Lyn b,6 Lyn,13.4,340.13323534791897,2.028,4941.0,K,0.1736746071610117,0.468533868495813,0.4692626151953697,0.0644192107735742,0.011187981124722912,0.469 +/- 0.064
3223,HD 108341 b,HD 108341,13.3,141.98512202750558,2.0,5122.0,K,0.1839530339317609,0.4038972555165848,0.4692393720726429,0.1389282253357925,0.025556268549274362,0.469 +/- 0.139
3224,HD 30177 c,HD 30177,12.7,77.57015525249356,10.258,5580.0,G,0.1720724268736617,0.4738872197891671,0.4689350344407034,0.042710469726079635,0.00734929417868058,0.469 +/- 0.043
3225,HD 191939 f,HD 191939,13.2,125.0,3.71,5348.0,G,0.175509553032166,0.4706912055277532,0.4686866707693767,0.07545666437089356,0.013243365437033694,0.469 +/- 0.075
3226,HAT-P-15 b,HAT-P-15,11.88154,904.0,0.0965,5568.0,G,0.2137764590129343,0.4925657318484966,0.4684197889408736,0.055328498699152635,0.011827930534406592,0.468 +/- 0.055
3227,HD 69123 b,HD 69123,13.1,376.6493859827778,2.482,4842.0,K,0.1415456775675604,0.4672233780372685,0.4684169801085351,0.07935154939466398,0.01123186882510345,0.468 +/- 0.079
3228,HD 222155 b,HD 222155,13.4,150.85512282883,5.14,5701.0,G,0.1808566040858538,0.4369161620581767,0.4683005991867562,0.10111416459511026,0.01828716443364971,0.468 +/- 0.101
3229,WASP-105 b,WASP-105,10.76064,900.0,0.075,5070.0,K,0.1887105863516634,0.5043368747907652,0.4678739407816784,0.07854566938997705,0.014822399325966469,0.468 +/- 0.079
3230,HD 135625 b,HD 135625,13.3,133.58248334155098,5.4,6040.64,F,0.1704773553414018,0.4684612054092859,0.4677534132942764,0.05800439385680015,0.009888435662888342,0.468 +/- 0.058
3231,Kepler-1038 b,Kepler-1038,3.53,285.0,0.5238,5335.0,G,0.0028551970950818,0.5068538675487947,0.4677412681249707,0.14917875804581926,0.0004259347566203338,0.468 +/- 0.149
3232,HD 30177 b,HD 30177,12.6,130.8680456666755,3.604,5580.0,G,0.1720724268736617,0.4604552610103092,0.46767030003164073,0.04826138549035547,0.008304453725610788,0.468 +/- 0.048
3233,HIP 99770 b,HIP 99770,12.2,123.63782445982228,15.8,8000.0,A,0.2009422341883318,0.4444184414060931,0.4676301630524573,0.09735388138075607,0.01956250643155496,0.468 +/- 0.097
3234,bet UMi b,bet UMi,12.7,951.8517437917284,1.4,4126.0,K,0.2035751602752725,0.5046453088796898,0.4673050569881146,0.08318190243914053,0.016933769121050116,0.467 +/- 0.083
3235,TOI-2088 b,TOI-2088,3.6831179,300.33,0.472,5081.0,K,0.1244390972418591,0.4819532595494522,0.4668874859786941,0.08723146421714957,0.010855004658267628,0.467 +/- 0.087
3236,HD 5278 c,HD 5278,4.49,608.2192994742497,0.2416,6203.0,F,0.168668706539883,0.4776295248967038,0.4667114269888011,0.033887818659765555,0.0057158145408007675,0.467 +/- 0.034
3237,TOI-2141 d,TOI-2141,3.97,491.4,0.2906,5635.0,G,0.1379598188017388,0.4090020999374159,0.4665089151362928,0.10176606660870455,0.01403962810950256,0.467 +/- 0.102
3238,HIP 21152 b,HIP 21152,12.0,1300.0,17.0,6655.0,F,0.1943594878851061,0.3978247015455446,0.46626380825638697,0.14391358897471357,0.02797097145283298,0.466 +/- 0.144
3239,HD 204313 e,HD 204313,12.2,97.69423568705189,7.457,5767.0,G,0.1860168897421886,0.4648345063418547,0.4660775725212134,0.04345586779585107,0.008083525368431953,0.466 +/- 0.043
3240,TOI-4463 A b,TOI-4463 A,13.26022417,1395.0,0.04036,5640.0,G,0.2396498882417687,0.4750941497093084,0.46570934329886654,0.045796819202959645,0.010975202603817765,0.466 +/- 0.046
3241,HD 4732 b,HD 4732,13.4,455.9954607289485,1.129,4898.0,K,0.1734590371955772,0.4289791726501953,0.46566992091162623,0.10219576100007748,0.017726778308542756,0.466 +/- 0.102
3242,HIP 57274 c,HIP 57274,14.2,400.0065960504794,0.178,4640.0,K,0.2316353747278286,0.4359617475079185,0.4654979170350236,0.08358578380587997,0.019361424353794274,0.465 +/- 0.084
3243,TOI-2093 b,TOI-2093,3.25,535.0,0.097,4426.0,K,0.1310790366737578,0.4859150298835209,0.4653325622715094,0.07372113398315082,0.00966329522500844,0.465 +/- 0.074
3244,TOI-1438 c,TOI-1438,2.75,794.0,0.083,5230.0,G,0.1125073703734542,0.473228006402625,0.46530127350416023,0.05405691515646437,0.006081801374754727,0.465 +/- 0.054
3245,HD 206893 b,HD 206893,14.01122587,1429.2,10.75,6500.0,F,0.1995768698517492,0.4576040597187559,0.46522428830277707,0.07523576726698163,0.015015318932038883,0.465 +/- 0.075
3246,HD 217786 c,HD 217786,2.61,1521.2410224836597,0.038,5966.0,G,0.1722480302915911,0.4504371979113178,0.46518082929644305,0.07433603221711378,0.012804235129090107,0.465 +/- 0.074
3247,HD 60532 b,HD 60532,13.8,503.2205393489469,0.77,6245.0,F,0.231381178665554,0.4523757593098633,0.4650853944283288,0.076446095134741,0.017688187596655445,0.465 +/- 0.076
3248,18 Del b,18 Del,12.5,414.09508496734736,2.476,4980.0,K,0.1399888077339709,0.4690366686808818,0.46503763699808703,0.0733372908693682,0.010266399911242285,0.465 +/- 0.073
3249,TOI-1775 b,TOI-1775,8.04728896,707.89,0.08,5284.0,G,0.2068709337088763,0.4727980835736787,0.4647612089958137,0.06303031518683054,0.0130391401546644,0.465 +/- 0.063
3250,HR 8799 e,HR 8799,13.11453,1150.0,16.4,7400.0,F,0.1986096766324981,0.4250986140130591,0.4647160082620036,0.1409263266923953,0.027989332173382415,0.465 +/- 0.141
3251,WASP-2 b,WASP-2,12.116929,1311.0,0.03144,5180.0,K,0.2311916446244209,0.477477495067388,0.4645111003225686,0.07942995681296372,0.01836354234803581,0.465 +/- 0.079
3252,HD 220842 b,HD 220842,13.1,363.6962367967516,0.74,5960.0,G,0.1571631557991315,0.4505039109852106,0.46433946516723124,0.09172196220389735,0.01441531303605317,0.464 +/- 0.092
3253,HD 25912 c,HD 25912,12.2,61.68522969330075,17.848,5920.58,G,0.1834828999109645,0.479637245197238,0.46415530397800464,0.041379840953323956,0.00759249321597037,0.464 +/- 0.041
3254,DMPP-6 c,DMPP-6,3.74,654.2430936600563,0.2206,6182.09,F,0.1737260224538193,0.4607512799429497,0.4641345836459924,0.03539488847167626,0.00614901318938086,0.464 +/- 0.035
3255,HD 38283 b,HD 38283,14.0,318.83909505502965,1.02,5981.0,G,0.2050322891237769,0.3844373595268678,0.4639062347672768,0.17200634906743845,0.035266855493120336,0.464 +/- 0.172
3256,Kepler-351 d,Kepler-351,2.72,318.0,0.5177,5225.0,G,0.0006378292102222,0.543499469453307,0.4638790811421643,0.10778020424338096,6.874536255014308e-05,0.464 +/- 0.108
3257,TOI-1136 g,TOI-1136,2.53,574.0,0.229,5770.0,G,0.1288205659767384,0.4549120169456734,0.4638436592792872,0.10014010572619683,0.012900105096619098,0.464 +/- 0.100
3258,TOI-2458 b,TOI-2458,2.83,1509.4,0.0482,6005.0,F,0.1226922197743328,0.4726376691008696,0.46379083378917385,0.08266930935656304,0.010142881072167738,0.464 +/- 0.083
3259,TOI-1716.01,TOI-1716,3.143,959.0,0.080496,5879.0,G,0.1504058073357334,0.4610822360344686,0.4637763909229466,0.04127642335443572,0.006208213778555426,0.464 +/- 0.041
3260,HD 3651 b,HD 3651,10.1,395.9079197338452,0.295,5221.0,G,0.2683914300063708,0.4408228468629905,0.46361971472368774,0.06697213634935233,0.017974747445384315,0.464 +/- 0.067
3261,HD 34445 d,HD 34445,6.07,435.68360784339694,0.4817,5836.0,G,0.1892133992473182,0.4651512821808256,0.46357032676827675,0.05276656091929732,0.009984140358130942,0.464 +/- 0.053
3262,K2-242 b,K2-242,2.54,416.0,0.0494,3459.0,M,0.1095394484346636,0.4667738117239154,0.46343791220549285,0.06505956234489796,0.007126588574660731,0.463 +/- 0.065
3263,HIP 14810 c,HIP 14810,13.6,341.3765266283053,0.549,5544.0,G,0.1810878865839126,0.4480364939225473,0.4630189805248824,0.09482283299320515,0.01717126642663882,0.463 +/- 0.095
3264,HD 133131 B b,HD 133131 B,13.3,102.70358927425272,6.15,5805.0,G,0.1796102947493815,0.3447283035971546,0.462517900010089,0.11494015892653062,0.020644435823334917,0.463 +/- 0.115
3265,HD 10180 h,HD 10180,9.4,149.31686536383367,3.381,5911.0,G,0.2031969030426213,0.4517836641684394,0.46242683074204877,0.09262467314449405,0.018821046728296247,0.462 +/- 0.093
3266,HD 154857 b,HD 154857,13.3,329.16063355192296,1.29,5589.0,G,0.1590630198029999,0.4275140607289882,0.46208753644113537,0.13417755064661882,0.02134268639562115,0.462 +/- 0.134
3267,nu Oph b,nu Oph,12.0,567.6300911311424,1.765,4887.0,K,0.1889864793473918,0.4452885792739712,0.46177063279673053,0.06488436133713553,0.01226226701380927,0.462 +/- 0.065
3268,K2-292 b,K2-292,2.63,795.0,0.13,5725.0,G,0.0956649970649246,0.476752980310262,0.46158118752720706,0.0969668443682862,0.0092763328818871,0.462 +/- 0.097
3269,HD 106515 A b,HD 106515 A,12.1,106.58920325175347,4.48,5362.0,G,0.2133358052347141,0.4328196555650782,0.4615738863500101,0.07381721055143184,0.015747854053170144,0.462 +/- 0.074
3270,HD 66141 b,HD 66141,12.8,805.2045425146385,1.2,4323.0,K,0.1517559251514152,0.4695500229683665,0.4615419638088563,0.05908039851603033,0.00896580053511448,0.462 +/- 0.059
3271,Kepler-11 f,Kepler-11,2.49,513.0,0.25,5663.0,G,0.0017914981072144,0.5658774406201508,0.4615203648726296,0.22931273900586027,0.0004108133378891484,0.462 +/- 0.229
3272,HD 93351 c,HD 93351,12.3,68.18501351101118,11.154,5408.0,G,0.1710836254455889,0.4662000330131689,0.4610787178351479,0.08848466583334569,0.01513827742711021,0.461 +/- 0.088
3273,TOI-1744.01,TOI-1744,2.68,598.0,0.164086,6179.0,F,0.1228287940107298,0.4656167190596392,0.4610363856398946,0.049836873272313814,0.006121403041303879,0.461 +/- 0.050
3274,HD 112570 b,HD 112570,13.1,332.9539246496603,3.9,4750.0,K,0.1090844632826356,0.4050676093961252,0.4609840180540304,0.18483448957300733,0.02016257109119141,0.461 +/- 0.185
3275,TOI-4504 c,TOI-4504,11.09689089,182.8,0.3569,5315.0,G,0.0770982766602025,0.3970948607299611,0.46094572867343875,0.20665614443287617,0.015932832597016652,0.461 +/- 0.207
3276,HD 24085 b,HD 24085,3.46,1715.4285463379636,0.034,6034.0,F,0.1732574215975139,0.4639462012972998,0.4606730578294491,0.04590840027361898,0.007953971061073825,0.461 +/- 0.046
3277,WASP-54 b,WASP-54,17.71022,1759.0,0.04988,6100.0,F,0.3046155106018421,0.4523136224960435,0.46054019980373206,0.051384728605878095,0.015652585341416638,0.461 +/- 0.051
3278,HIP 41378 c,HIP 41378,2.505,765.87,0.2093,6371.0,F,0.1309784629397749,0.4345508894773264,0.46051462967775897,0.10190539936278621,0.013347412573801653,0.461 +/- 0.102
3279,CD-35 2722 b,CD-35 2722,17.37392009,1800.0,67.0,3689.0,M,0.2398194802398556,0.462759168232434,0.4600564435838092,0.10400518679329526,0.024942469839017163,0.460 +/- 0.104
3280,TOI-125 c,TOI-125,2.759,827.8,0.0814,5320.0,G,0.1204128023170802,0.4540282560687074,0.46003683130908135,0.06250272844530412,0.00752612868456255,0.460 +/- 0.063
3281,HD 11506 d,HD 11506,12.3,70.49269674508938,18.2,6123.0,F,0.1796790986673797,0.4265761315438893,0.4598475774227102,0.06758974074715687,0.012144463696611013,0.460 +/- 0.068
3282,HD 27631 b,HD 27631,13.5,135.0155880276833,3.242,5737.0,G,0.1814391751968294,0.4546671386541098,0.4597414717481444,0.07287079155025858,0.013221616314819001,0.460 +/- 0.073
3283,HD 121504 b,HD 121504,13.6,478.67508982833766,0.33,6027.0,F,0.1977869566015642,0.4594690193835964,0.4596860019129383,0.053375628818643675,0.010557003180734275,0.460 +/- 0.053
3284,eps CrB b,eps CrB,12.7,781.0650069671585,1.3,4406.0,K,0.1491719212459495,0.469404740992042,0.45960644017088215,0.043158903779774646,0.006438096595698056,0.460 +/- 0.043
3285,HD 166724 b,HD 166724,13.0,86.74204422140562,5.42,5127.0,K,0.1910319085674628,0.4298416073790668,0.4594346505036204,0.05775352627492003,0.011032766350799084,0.459 +/- 0.058
3286,HAT-P-67 b,HAT-P-67,23.9872187,1903.0,0.06505,6640.0,F,0.3537549863526312,0.465518924149798,0.45937315393059774,0.07883786767911034,0.027889288804894222,0.459 +/- 0.079
3287,TOI-216.01,TOI-216,10.1,497.0,0.2069,5026.0,K,0.2082996235034617,0.4818315136940519,0.45915032862770355,0.07046732832191871,0.014678317958750492,0.459 +/- 0.070
3288,TOI-5624 d,TOI-5624,3.584,712.6,0.1067,5327.0,G,0.1592358182076722,0.4527249740541956,0.45911779273913067,0.08315542311293542,0.013241321837793446,0.459 +/- 0.083
3289,BD-11 4672 b,BD-11 4672,14.1,104.42645649659768,2.36,4550.0,K,0.2286328575064871,0.4231331555550583,0.45903109408297144,0.08088351587103217,0.018492629358765385,0.459 +/- 0.081
3290,TOI-6303 b,TOI-6303,11.59,541.0,0.0761,3977.0,K,0.1771811387149185,0.4912942067130582,0.45900132677112,0.09322935006547303,0.016518482406252272,0.459 +/- 0.093
3291,TOI-4507 b,TOI-4507,8.2,562.01,0.456,6260.0,F,0.2639510160558474,0.4460775304875308,0.45882890973598855,0.07876446891763389,0.020789961599908677,0.459 +/- 0.079
3292,TOI-5624 f,TOI-5624,3.66,478.5,0.2366,5327.0,G,0.1082726382833304,0.4602410449390888,0.45827854703777177,0.09683376981582964,0.0104844477328806,0.458 +/- 0.097
3293,TOI-2589 b,TOI-2589,12.10569916,592.0,0.3,5579.0,G,0.2224702269473594,0.4643721225604378,0.4582100550378506,0.08246010636838064,0.018344918577877036,0.458 +/- 0.082
3294,HD 199509 b,HD 199509,7.43,375.6848713675662,0.426,5796.02,G,0.23526827873895,0.4368761582612006,0.45808960072774313,0.05023388888510309,0.011818440572361878,0.458 +/- 0.050
3295,HD 203030 b,HD 203030,14.4595851,1040.0,487.1,5603.0,G,0.2026092960769754,0.4466509033710442,0.4579884183010748,0.09149056704837397,0.01853683938735437,0.458 +/- 0.091
3296,HD 219666 b,HD 219666,4.898,1076.0,0.06356,5540.0,G,0.2001830985372985,0.4472885562063819,0.4579386624364602,0.05806008594109487,0.011622647905030214,0.458 +/- 0.058
3297,HR 2562 b,HR 2562,12.44199,1255.0,22.2,6597.0,F,0.2135159366591004,0.4289275750797393,0.45790293822099265,0.09463609834305459,0.02020631517948004,0.458 +/- 0.095
3298,HD 101930 b,HD 101930,10.6,381.4557835318141,0.3,5108.0,K,0.2221845792886637,0.4303898876594262,0.45779835098956795,0.08903766569410881,0.019782796293090252,0.458 +/- 0.089
3299,WASP-50 b,WASP-50,13.069694,1394.84,0.0293,5400.0,G,0.2103900986532173,0.4812717793971492,0.45773549334478486,0.054023636880008184,0.01136603829279051,0.458 +/- 0.054
3300,gam1 Leo b,gam1 Leo,12.5,988.5036769540496,1.19,4330.0,K,0.2013207635574837,0.461954200257972,0.4575991013802099,0.10135587622139919,0.020405042391929893,0.458 +/- 0.101
3301,HD 233832 b,HD 233832,13.5,107.7488915024273,2.827,4981.0,K,0.1667277886886518,0.3135490478001987,0.45747856725621705,0.15906104106810023,0.02651989564379918,0.457 +/- 0.159
3302,HIP 5158 c,HIP 5158,12.2,66.43340600208379,7.7,4813.0,K,0.17906636201637,0.4653798798752507,0.45639248803439536,0.047601593355821835,0.008523844148409626,0.456 +/- 0.048
3303,TOI-1751 b,TOI-1751,2.9507845,651.64,0.215,5970.0,G,0.1472456756390161,0.4423157922930552,0.4563690816732311,0.07151440789235536,0.010530187308034051,0.456 +/- 0.072
3304,HD 142 A d,HD 142,10.9,485.0725025396215,0.474,6245.0,F,0.230887245042795,0.4585168401826694,0.4562979076540638,0.049600205711720524,0.011452054850335057,0.456 +/- 0.050
3305,TOI-561 c,TOI-561,2.865,802.0,0.0889,5342.0,G,0.1797580364143821,0.4254798265717925,0.45629218279719974,0.06558399015543902,0.011789249290561883,0.456 +/- 0.066
3306,TOI-3785 b,TOI-3785,5.14,582.0,0.043,3576.0,M,0.1773428522970614,0.4326223556397749,0.4562524568872297,0.0638135329339196,0.011316873945653767,0.456 +/- 0.064
3307,HAT-P-14 b,HAT-P-14,15.91678,1624.0,0.0596,6600.0,F,0.2229649243463297,0.4647438137899152,0.4561771812884484,0.062284339732071245,0.013887223096322362,0.456 +/- 0.062
3308,HD 55696 b,HD 55696,12.9,183.3293180631429,3.18,6012.0,F,0.1375640290665177,0.3546242654775837,0.4557145569162762,0.19552060758779571,0.026896602545310733,0.456 +/- 0.196
3309,K2-266 b,K2-266,3.3,1515.0,0.01306,4285.0,K,0.1514062976600076,0.440282282939286,0.4556850674757982,0.06712500382620412,0.01016314830973941,0.456 +/- 0.067
3310,HD 16905 b,HD 16905,12.4,63.69131780909587,8.8,4866.12,K,0.2016193421211436,0.4255776075837944,0.4551721828733847,0.04906903115147011,0.009893265779281306,0.455 +/- 0.049
3311,HD 167042 b,HD 167042,13.6,422.6609451012378,1.22,4919.0,K,0.1825728870991424,0.4632045319410334,0.4550417133801402,0.04036534673501806,0.007369617892170189,0.455 +/- 0.040
3312,HD 164509 b,HD 164509,14.3,291.8973002155141,0.87,5859.0,G,0.1763840067281884,0.4073777510197655,0.45479380637634337,0.16540172229814165,0.02917421849868937,0.455 +/- 0.165
3313,TOI-125 b,TOI-125,2.726,1037.0,0.05186,5320.0,G,0.1199289447211413,0.4511869148776418,0.4547158770714277,0.05164444340777397,0.006193663598605035,0.455 +/- 0.052
3314,HD 25912 b,HD 25912,6.9,529.7467266822804,0.242,5920.58,G,0.1834828999109645,0.4707999471411854,0.4545508639652986,0.02996139151016393,0.00549740299965263,0.455 +/- 0.030
3315,14 And b,14 And,13.1,832.2926419483466,0.775,4888.0,K,0.1410889404224715,0.4623420833416028,0.4543656331155116,0.0438111687055196,0.006181271371331902,0.454 +/- 0.044
3316,HAT-P-13 c,HAT-P-13,12.3,340.0,1.258,5653.0,G,0.0254237169018236,0.5604777288290186,0.45435116025509814,0.18880267261022174,0.0048000656987499625,0.454 +/- 0.189
3317,K2-320 b,K2-320,2.62,698.0,0.0142,3157.0,M,0.1051399505614705,0.4396375311914042,0.4542531890231905,0.07343628463324005,0.007721087335756935,0.454 +/- 0.073
3318,HD 148156 b,HD 148156,13.9,195.52668837742468,2.45,6308.0,F,0.169439083807035,0.3376131275679471,0.45403326812257166,0.1829138646954232,0.030992757649596473,0.454 +/- 0.183
3319,TOI-6034 b,TOI-6034,11.92,714.0,0.02949,3635.0,M,0.2017993187664015,0.4588459499960464,0.4539687579273807,0.05577362592702592,0.01125507971720594,0.454 +/- 0.056
3320,K2-26 b,K2-26,2.67,430.0,0.0962,3785.0,K,0.126134803932433,0.4356937272364866,0.45388247170180707,0.06587186068631284,0.008308734232332613,0.454 +/- 0.066
3321,HD 220773 b,HD 220773,13.6,152.7717422980418,4.94,5940.0,G,0.1810330252661871,0.4133331797403879,0.4536742136451157,0.12513503281446997,0.02265357355718709,0.454 +/- 0.125
3322,HD 188641 b,HD 188641,11.9,104.59998609992044,12.027,5897.32,G,0.1576509598809801,0.4391174790670775,0.453399478307062,0.16396079773771816,0.0258485771462025,0.453 +/- 0.164
3323,HD 107148 c,HD 107148,4.7,731.4575153528637,0.1407,5752.92,G,0.1830256806938434,0.4408999832606287,0.45278855383451666,0.029409604045797517,0.0053827127994185014,0.453 +/- 0.029
3324,HD 203387 b,HD 203387,13.1,557.9538186092766,1.771,5174.32,K,0.1617910155006036,0.4155901753255877,0.4527586759992901,0.0984328475692693,0.0159255503668482,0.453 +/- 0.098
3325,HD 134987 c,HD 134987,13.9,114.35861955378986,5.8,5585.0,G,0.2308985587949867,0.4294227072091367,0.45275332495822823,0.08008415697133708,0.01849131642699322,0.453 +/- 0.080
3326,HD 74698 b,HD 74698,5.12,846.6039665853424,0.121,5783.0,G,0.1782406270346792,0.4510728500294966,0.4525677048065314,0.03850842259091351,0.00686376538872083,0.453 +/- 0.039
3327,HD 37605 b,HD 37605,13.2,426.0212368968921,0.277,5329.0,G,0.1879016099785885,0.4265219915210289,0.4523796377687943,0.06495443778907636,0.012205043435821518,0.452 +/- 0.065
3328,HD 170469 b,HD 170469,14.1,191.71367976107385,2.24,5842.0,G,0.1643506860880626,0.3778546811694377,0.45230116339784626,0.1789994904822099,0.02941868907016483,0.452 +/- 0.179
3329,HD 87646 b,HD 87646,12.4,926.3038059325846,0.117,5770.0,G,0.1437315429632075,0.4594636549241916,0.45225799822819945,0.08968240650826462,0.012890190664086476,0.452 +/- 0.090
3330,HD 210702 b,HD 210702,13.6,444.40637402559054,1.079,4912.0,K,0.1744816318776894,0.4451092038940727,0.45219837067157365,0.06043996965414786,0.010545664535893744,0.452 +/- 0.060
3331,HD 66428 b,HD 66428,12.4,145.45085203466544,3.395,5716.0,G,0.176084760816442,0.4491107467528749,0.45217694762704164,0.061402946559427865,0.010812123158341626,0.452 +/- 0.061
3332,TOI-5726.01,TOI-5726,2.554,1093.03,0.062186,5874.0,G,0.1202409071996013,0.4433279555584844,0.4520212359489767,0.06350580937611494,0.007635996131829007,0.452 +/- 0.064
3333,Kepler-96 b,Kepler-96,2.67,711.0,0.1261,5690.0,G,0.1091403134833557,0.4629167433415405,0.4513175040694415,0.051965595865669914,0.005671541423128587,0.451 +/- 0.052
3334,HD 4203 c,HD 4203,13.3,114.30120413357878,6.95,5582.0,G,0.1329519087724876,0.3362656513089737,0.4511706407043336,0.16854266798657475,0.022408069418422754,0.451 +/- 0.169
3335,HD 21411 b,HD 21411,9.52,373.3466045860318,0.362,5605.0,G,0.2241811599245005,0.4321419396695691,0.4508557617404671,0.0714706690806582,0.01602237749508209,0.451 +/- 0.071
3336,HD 11977 b,HD 11977,12.7,501.21958714441007,1.93,4970.0,K,0.1520868097589316,0.4327817114146012,0.4506901589790641,0.08006275809963266,0.012176489459874193,0.451 +/- 0.080
3337,HD 37124 b,HD 37124,14.0,335.214885468083,0.53364,5698.64,G,0.2185792118910501,0.434734885370336,0.4505620220312517,0.09828151145008084,0.021482295316219886,0.451 +/- 0.098
3338,TOI-2407 b,TOI-2407,4.26,705.0,0.033,3530.0,M,0.140864382815858,0.4488280251715189,0.4505546441650062,0.04517673433794215,0.0063637928001502005,0.451 +/- 0.045
3339,DMPP-1 c,DMPP-1,3.31,1239.0,0.0973,6196.0,F,0.1605161362109138,0.4447339646363624,0.45052457745290647,0.052312444160624284,0.00839699141241259,0.451 +/- 0.052
3340,xi Aql b,xi Aql,13.4,890.0506130941537,0.625,4841.0,K,0.171044622825455,0.4461447989830585,0.4503616916494199,0.04680507436828272,0.00800575629164029,0.450 +/- 0.047
3341,HD 25171 b,HD 25171,13.9,173.8249207042965,2.971,6125.0,F,0.172024425363086,0.4342931964743887,0.4502727889039742,0.0900476318773512,0.015490392129008042,0.450 +/- 0.090
3342,HIP 105854 b,HIP 105854,12.6,751.9978689601625,0.81,4780.0,K,0.1366470705672525,0.4678567355363071,0.449882354423854,0.05136562361282184,0.007018961994552197,0.450 +/- 0.051
3343,TOI-1062 c,TOI-1062,3.1,859.0,0.08,5328.0,G,0.1319007142315875,0.4427930488443768,0.4498358585253765,0.0604692878898583,0.007975942261747795,0.450 +/- 0.060
3344,HAT-P-54 b,HAT-P-54,10.581296,818.0,0.04117,4390.0,K,0.1817591320032744,0.4659958927815856,0.4495010505555219,0.049174324673655984,0.008937882569530911,0.450 +/- 0.049
3345,HD 34445 c,HD 34445,8.42,356.8346999139205,0.7181,5836.0,G,0.1892133992473182,0.4325628667793685,0.449141500716712,0.08948799709121472,0.01693232812146286,0.449 +/- 0.089
3346,TIC 139270665 c,TIC 139270665,12.9,200.0,2.0,5844.0,G,0.044926709068755,0.2501338234766228,0.44891793330611884,0.2793687420766749,0.012551118198182826,0.449 +/- 0.279
3347,HD 75898 c,HD 75898,12.6,123.66353936052704,7.39,6122.0,F,0.1374523724136518,0.4521230433599187,0.44887262872921213,0.07833221840825294,0.010766949256638694,0.449 +/- 0.078
3348,WASP-68 b,WASP-68,14.79588,1490.0,0.06206,5910.0,G,0.233656916235883,0.473541805423248,0.44858002181566603,0.049336174782787436,0.011527738458620648,0.449 +/- 0.049
3349,K2-212 b,K2-212,2.65,542.0,0.0785,4349.0,K,0.110922899801202,0.4524880320274353,0.44855538310050197,0.05228898348899193,0.005800045676256157,0.449 +/- 0.052
3350,HD 179949 b,HD 179949,13.9,1454.830468794746,0.0443,6168.0,F,0.2279689589332366,0.4495007415445161,0.44823040058510427,0.04990865218099677,0.011377623479462843,0.448 +/- 0.050
3351,TOI-519 b,TOI-519,11.54525012,687.0,0.0159,3322.0,M,0.2090391057301219,0.4194641284512162,0.44812036320885784,0.1033940011043864,0.021613389528720172,0.448 +/- 0.103
3352,HD 109271 b,HD 109271,4.31,1032.5505596467524,0.079,5783.0,G,0.1715828902056048,0.4404376922981007,0.44810221410496287,0.039444992259319675,0.006768085775991779,0.448 +/- 0.039
3353,TOI-2537 b,TOI-2537,11.25381662,338.0,0.3715,4870.0,K,0.1821085933379164,0.4380706980436634,0.4477376206556778,0.0995149379896184,0.018122525373399385,0.448 +/- 0.100
3354,K2-182 b,K2-182,2.71257333,965.8,0.05174,5128.0,K,0.073371125276288,0.4535842868839093,0.44700573025307205,0.10596461996423445,0.007774743406250095,0.447 +/- 0.106
3355,HD 50499 b,HD 50499,13.5,159.7846976731854,3.833,6102.0,F,0.1888470587781513,0.4272972060462675,0.4469434403488705,0.07686402890137606,0.014515545783863685,0.447 +/- 0.077
3356,HD 110082 b,HD 110082,3.2,957.2,0.113,6200.0,F,0.152652148244948,0.4300595619530915,0.44669588437566926,0.05755556232985521,0.008785980233098402,0.447 +/- 0.058
3357,HD 109271 c,HD 109271,5.27,655.5364371320252,0.196,5783.0,G,0.1715828902056048,0.4474249769304618,0.44661892597614117,0.027896835128378015,0.004786619598916344,0.447 +/- 0.028
3358,HD 94890 b,HD 94890,13.3,488.28752179743424,2.07,4867.0,K,0.161866265817154,0.4545134354113446,0.4459823973495588,0.05925554012981542,0.009591473009791738,0.446 +/- 0.059
3359,HD 125612 c,HD 125612,4.07,1191.965072019011,0.051,5900.0,G,0.1686078281260369,0.4300725050792833,0.4456822378362831,0.03588961653281918,0.006051270295874948,0.446 +/- 0.036
3360,HD 98649 b,HD 98649,12.5,104.47811223498609,5.97,5759.0,G,0.1967739237672063,0.4375751974612314,0.4455760560942283,0.06723677395025508,0.013230443831640376,0.446 +/- 0.067
3361,LTT 9779 b,LTT 9779,4.72,1978.0,0.01679,5443.0,G,0.168348798634615,0.4341794597380037,0.44554211683698064,0.07124448221498898,0.01199392299023859,0.446 +/- 0.071
3362,HD 43197 c,HD 43197,12.6,83.13228413987267,8.54,5508.0,G,0.1607210855305771,0.4537261982076108,0.44538044250775805,0.08967031717549084,0.01441191071631604,0.445 +/- 0.090
3363,HD 72659 c,HD 72659,12.1,65.77129480306877,21.5,5929.0,G,0.1785437152605511,0.4373050179854065,0.4445075869739543,0.07838205598605716,0.013994623485511164,0.445 +/- 0.078
3364,WASP-156 b,WASP-156,6.02802815,934.5,0.0458,4987.0,K,0.1674070768948365,0.4511315080375819,0.44434874320359624,0.045394146709421386,0.007599301408759595,0.444 +/- 0.045
3365,TOI-1694 b,TOI-1694,5.3422266,943.19,0.045,5058.0,K,0.1531032716141174,0.4605282558570803,0.44366600879406304,0.043820690102568935,0.006709091019091678,0.444 +/- 0.044
3366,HD 37124 d,HD 37124,14.0,146.15924029847713,2.807,5698.64,G,0.2185792118910501,0.4134762156633594,0.4436351148687613,0.08143154654326533,0.0177992432664963,0.444 +/- 0.081
3367,HD 117618 b,HD 117618,8.59,682.1594659081715,0.18,5990.0,G,0.2056141747736657,0.4523127437663218,0.4434706810248471,0.04784922201833274,0.009838478298861402,0.443 +/- 0.048
3368,TOI-7149 b,TOI-7149,13.2,593.0,0.02603,3363.0,M,0.2064040383606193,0.4373788296643767,0.44304904521692,0.07893252908867854,0.016291992761920303,0.443 +/- 0.079
3369,4 UMa b,4 UMa,12.6,884.9013414707281,0.877,4415.0,K,0.1439087581302888,0.421839509350062,0.4430439136949635,0.09947621475331955,0.01431549852865213,0.443 +/- 0.099
3370,KELT-6 b,KELT-6,14.5717,1313.0,0.07939,6102.0,F,0.2633577156754008,0.4284509425127686,0.44296898092079506,0.061046494995031265,0.01607706547188122,0.443 +/- 0.061
3371,HD 148164 c,HD 148164,12.8,124.18835980107936,6.15,6032.0,F,0.1386304104987209,0.4461927894884342,0.44293542932213475,0.06745589541646774,0.009351438472143708,0.443 +/- 0.067
3372,HD 35759 b,HD 35759,13.0,568.5329850996721,0.389,6060.0,F,0.147136315682905,0.4443121487526945,0.4427848258150734,0.06192924231950879,0.009112040547926366,0.443 +/- 0.062
3373,HD 103197 b,HD 103197,5.83,434.4455491018142,0.25,5250.0,G,0.1694096039712727,0.4339823271002583,0.4425171989888902,0.07577741833585969,0.012837422430243448,0.443 +/- 0.076
3374,HD 75898 b,HD 75898,13.2,306.5641375543346,1.2025,6122.0,F,0.1374523724136518,0.4357128400079803,0.4425052273445425,0.08046744364695879,0.01106044103133632,0.443 +/- 0.080
3375,LP 261-75 b,LP 261-75 A,12.1,1500.0,450.0,3138.0,M,0.2136848945790457,0.4238603982803005,0.4423044810673255,0.09701627447146687,0.020730912382887157,0.442 +/- 0.097
3376,DMPP-1 b,DMPP-1,4.26,877.0,0.1423,6196.0,F,0.1605161362109138,0.4351679001443817,0.4419287879474293,0.03658181205828384,0.005871971127189538,0.442 +/- 0.037
3377,HD 285507 b,HD 285507,13.8,673.5278902627351,0.06,4503.0,K,0.1912324061821634,0.4083590956829462,0.4418499527293422,0.09628102577974526,0.01841205222954759,0.442 +/- 0.096
3378,HD 89345 b,HD 89345,7.39794,1089.0,0.1066,5576.0,G,0.2586118548813532,0.4384098646735986,0.4413352532284322,0.0836265487045493,0.02162681687780932,0.441 +/- 0.084
3379,HD 72892 b,HD 72892,12.8,580.3323715525214,0.228,5688.0,G,0.1493767255855493,0.4225339854500803,0.4412712320849033,0.0909554910962458,0.013586633433982781,0.441 +/- 0.091
3380,Gaia-2 b,Gaia-2,14.81827249,1213.23,0.0467,5720.0,G,0.2461106098837541,0.44525063330692,0.44085310838257225,0.040591192363701525,0.009989923108539365,0.441 +/- 0.041
3381,HD 159868 c,HD 159868,14.0,350.6661336492472,1.032,5534.0,G,0.1716194412537671,0.4003081459308646,0.4408102546204779,0.14843191597635622,0.02547380248408836,0.441 +/- 0.148
3382,HD 159243 c,HD 159243,13.4,319.5457121890035,0.8,6123.0,F,0.1441317014014464,0.4244485501229839,0.4402888648678617,0.08998692597859854,0.012969968745181425,0.440 +/- 0.090
3383,gam Psc b,gam Psc,13.6,609.2398639374209,1.32,4742.0,K,0.1984774466253409,0.4029561863972426,0.44028381033258956,0.08807567179779041,0.01748103444823699,0.440 +/- 0.088
3384,2MASS J01225093-2439505 b,2MASS J01225093-2439505,11.209,1600.0,52.0,3530.0,M,0.2138984724531156,0.4083951683800854,0.43994427959164484,0.1018956529979799,0.02179532452588063,0.440 +/- 0.102
3385,HD 27894 c,HD 27894,8.24,456.3230856854209,0.198,4875.0,K,0.1935563093746136,0.447332623858962,0.43981153716813726,0.06697015114602273,0.01296249529408421,0.440 +/- 0.067
3386,Kepler-1539 b,Kepler-1539,2.7,301.0,0.4765,5176.0,K,0.0013349509501809,0.4347761148468376,0.43975694112272984,0.08754779666635958,0.00011687201434600095,0.440 +/- 0.088
3387,TOI-1173 b,TOI-1173,9.19,868.0,0.0696,5350.0,G,0.2516481001145261,0.4308872432801495,0.4396809552903042,0.0701621188113109,0.017656163898876042,0.440 +/- 0.070
3388,HD 49674 b,HD 49674,6.2,1018.7609325012336,0.06,5602.0,G,0.1950748780105455,0.4404454750853706,0.4393147835578396,0.04164336863836092,0.008123575057076433,0.439 +/- 0.042
3389,TOI-1438 b,TOI-1438,3.04,971.0,0.0553,5230.0,G,0.109408423814925,0.4337196678583181,0.4391460318354197,0.08070370309038988,0.008829664951147247,0.439 +/- 0.081
3390,75 Cet b,75 Cet,13.3,494.2130703871347,1.912,4809.0,K,0.1308654210158662,0.4414729894421728,0.4386691749213631,0.05040744618796662,0.006596591667722872,0.439 +/- 0.050
3391,HD 86226 b,HD 86226,14.3,176.0,2.73,5863.0,G,0.1899863969611634,0.4155749819453205,0.43861153956364374,0.10985425357409533,0.02087081382740038,0.439 +/- 0.110
3392,HD 6860 b,HD 6860,11.9,1094.0210590282245,2.03,3802.0,K,0.1628021361271016,0.4114383005589922,0.43854716999666826,0.0940403405414121,0.015309968322261962,0.439 +/- 0.094
3393,TOI-2969 b,TOI-2969,12.32987877,1186.0,0.0261,4738.0,K,0.1761306883618074,0.4544398819565257,0.4385039852935855,0.0489408001463207,0.008619976818749108,0.439 +/- 0.049
3394,HD 47186 c,HD 47186,13.0,167.5521537409746,2.395,5657.0,G,0.2062746379187544,0.3968245246342402,0.4378438884186942,0.11271216963549432,0.023249661980598815,0.438 +/- 0.113
3395,TOI-1052 b,TOI-1052,2.87,1135.0,0.09103,6146.0,F,0.1022253785647315,0.4324539925955621,0.43759347789811887,0.0660410331179184,0.006751069611285179,0.438 +/- 0.066
3396,K2-284 b,K2-284,2.78,653.0,0.04771,4140.0,K,0.1161950473060157,0.4315373401687581,0.437542386049061,0.04787487250439538,0.005562823075417691,0.438 +/- 0.048
3397,HIP 74890 b,HIP 74890,13.3,354.5885558688197,2.1,4850.0,K,0.1366223396856921,0.4498661198693914,0.43750780990656296,0.03379056000112296,0.004616545366643182,0.438 +/- 0.034
3398,Ross 458 c,Ross 458,14.01125,3.955344429917152,1100.0,3965.42,K,0.2673847078281708,0.4280385912862261,0.4374245478876446,0.11717707299253319,0.03133135742626873,0.437 +/- 0.117
3399,Kepler-896 b,Kepler-896,2.53,303.0,0.56378,5262.0,G,0.0011005939446829,0.393166116219914,0.43727520221794597,0.150987542510868,0.00016617597501001325,0.437 +/- 0.151
3400,HAT-P-34 b,HAT-P-34,13.417173,1520.0,0.06774,6442.0,F,0.2205595402346884,0.4395529732818808,0.43686221725033597,0.06130708817116286,0.013521863180159185,0.437 +/- 0.061
3401,TOI-2989 b,TOI-2989,12.55405838,1001.0,0.0384,4672.0,K,0.1426979082330056,0.4711864524312081,0.436214861743516,0.08391085194466244,0.011973903050552761,0.436 +/- 0.084
3402,HD 48265 c,HD 48265,12.9,113.67558609404392,10.4,5805.0,G,0.1213084498953626,0.3843816643580487,0.4360538388769834,0.16084506168898782,0.019511865106815088,0.436 +/- 0.161
3403,HD 112300 b,HD 112300,12.2,1134.5321407463048,1.33,3657.0,M,0.1612651773998059,0.4262858007169963,0.4359588116781031,0.08871765189833226,0.014307067871878779,0.436 +/- 0.089
3404,TOI-1410 c,TOI-1410,5.63,363.5456470000459,0.239,4635.0,K,0.1449328417314974,0.4320211607269594,0.4357783973931951,0.0864175344463807,0.012524738842743518,0.436 +/- 0.086
3405,HAT-P-6 b,HAT-P-6,16.58932,1675.0,0.05239,6570.0,F,0.2302420599054459,0.4396799754661539,0.4354981564617566,0.045360440310204905,0.0104438812152396,0.435 +/- 0.045
3406,51 Peg b,51 Peg,14.3,1199.506776545476,0.0527,5758.0,G,0.257023745265465,0.4192131370711601,0.4354125530305811,0.0545363002863676,0.014017124152524253,0.435 +/- 0.055
3407,81 Cet b,81 Cet,13.1,481.9621235503397,2.104,4734.0,K,0.1089819720655688,0.4410516818861134,0.4353942690425153,0.09248291242505001,0.010078970178449246,0.435 +/- 0.092
3408,HIP 14810 d,HIP 14810,14.1,181.60130395455624,1.94,5544.0,G,0.1810878865839126,0.395006786152737,0.4353911281663258,0.1405394389778191,0.025449989986182007,0.435 +/- 0.141
3409,HATS-72 b,HATS-72,8.0973816,739.3,0.066517,4656.1,K,0.2271063562610185,0.4261561859388864,0.43501991271622803,0.07625226028908569,0.017317372990921006,0.435 +/- 0.076
3410,WASP-20 b,WASP-20,15.46839337,1362.0,0.05999,5940.0,G,0.2548540913460882,0.4297822383980624,0.4349726544012826,0.055080784612895985,0.014037563313149204,0.435 +/- 0.055
3411,HD 154672 b,HD 154672,12.8,375.7118333858599,0.6,5743.0,G,0.1597002266839678,0.4213732982559622,0.4343207583800094,0.06877414055947043,0.010983245837342491,0.434 +/- 0.069
3412,HD 222076 b,HD 222076,13.5,317.2888912278409,1.83,4806.0,K,0.1205716852822061,0.4194172233113998,0.43368170388221927,0.11040494140147389,0.013311709848258916,0.434 +/- 0.110
3413,HD 136925 b,HD 136925,13.9,122.79941672223322,5.13,5773.19,G,0.1858690650829313,0.4214561638795516,0.433197410314004,0.06330954317465219,0.011767285600700077,0.433 +/- 0.063
3414,TOI-669 b,TOI-669,2.58606487,1124.85,0.048,5597.0,G,0.0904018202601413,0.4380296784013304,0.4329430791479962,0.06563326597111187,0.005933366713406504,0.433 +/- 0.066
3415,TOI-1422 c,TOI-1422,2.61,628.0,0.205,5840.0,G,0.0635846745208853,0.4393646097094235,0.43218145737220925,0.09423634686051548,0.0059919874431631276,0.432 +/- 0.094
3416,TOI-4600 b,TOI-4600,6.8,347.0,0.349,5170.0,K,0.0935087459547835,0.3922792316599268,0.4317759522143447,0.20020811514084252,0.01872120977679109,0.432 +/- 0.200
3417,HD 66428 c,HD 66428,13.5,87.37506354075332,9.408,5716.0,G,0.176084760816442,0.4230183925486821,0.4316105377960781,0.04629076809953109,0.008151098828815316,0.432 +/- 0.046
3418,HD 102195 b,HD 102195,14.2,946.8571114694232,0.05,5301.0,G,0.2237202695162758,0.4204000341997691,0.43115808455093635,0.07028935961545033,0.01572515447729498,0.431 +/- 0.070
3419,K2-124 b,K2-124,2.9,442.0,0.049,3570.0,M,0.080110084813221,0.4438895697792396,0.4311047796099288,0.07272196319976404,0.005825762639717034,0.431 +/- 0.073
3420,HR 8799 b,HR 8799,13.0,1200.0,68.0,7204.58,F,0.1986096766324981,0.419423227786264,0.4309432633841813,0.09163396464308897,0.018199392086317663,0.431 +/- 0.092
3421,K2-36 c,K2-36,3.2,854.0,0.05528,4916.0,K,0.1143250646423324,0.4073406892484095,0.43075869854299353,0.08115190390016402,0.0092776966592346,0.431 +/- 0.081
3422,XO-4 b,XO-4,14.01125,1630.0,0.05524,6397.0,F,0.2125430886801254,0.4461182615398406,0.430602820172971,0.04454915611288567,0.00946861523832581,0.431 +/- 0.045
3423,K2-123 b,K2-123,2.76,338.0,0.1649,4035.0,K,0.0664074012534414,0.4428929660084017,0.43049662914715686,0.07401205399265266,0.004914948167081455,0.430 +/- 0.074
3424,TOI-1472 b,TOI-1472,4.058,891.0,0.064,5100.0,K,0.1298396686144669,0.4308212909716681,0.4304928000096607,0.04640144245798148,0.00602474791197757,0.430 +/- 0.046
3425,HN Peg b,HN Peg,11.7768,9.847584169449629,773.0,6186.0,F,0.250284050445672,0.4058786527641703,0.4301930721100258,0.1114473670770159,0.02789349844354117,0.430 +/- 0.111
3426,HD 330075 b,HD 330075,14.3,990.0,0.04,5000.0,K,0.1907175379693035,0.4070490569817973,0.42997415333278205,0.13056563859862289,0.02490115713691922,0.430 +/- 0.131
3427,HD 213472 b,HD 213472,13.1,83.9290934043795,13.0,5729.54,G,0.157473229856813,0.4154037045987286,0.4299053969365548,0.11709359957488126,0.018439107320616897,0.430 +/- 0.117
3428,HD 103720 b,HD 103720,14.1,847.2187853364052,0.0498,5017.0,K,0.1902674044692658,0.4129076896045221,0.42924101503610096,0.07969763860770246,0.015163862840217097,0.429 +/- 0.080
3429,Kepler-82 e,Kepler-82,2.47,926.0,0.063,5428.0,G,0.0005652539892708,0.5597577631617846,0.42907646596870896,0.20861864179859743,0.00011792251951291325,0.429 +/- 0.209
3430,TOI-1107 b,TOI-1107,14.57167491,1728.0,0.0561,6311.0,F,0.1922154987821857,0.4634736271720341,0.42904364288234575,0.058490776127887015,0.011242833707578963,0.429 +/- 0.058
3431,WASP-8 c,WASP-8,12.5,107.01277811209192,5.28,5690.0,G,0.1220189639243417,0.4458430556777839,0.42861180093945705,0.1393430256797825,0.017002491623529997,0.429 +/- 0.139
3432,HD 133131 A c,HD 133131 A,14.3,117.9612930291268,4.49,5799.0,G,0.1792975066796249,0.1621151679222584,0.4285184899619893,0.14210102058087593,0.025478358686781118,0.429 +/- 0.142
3433,HIP 114933 b,HIP 114933,13.4,289.7798055012821,2.84,4823.0,K,0.1084319161021217,0.4006647754580697,0.4283993223595458,0.1160280264183219,0.01258114122608624,0.428 +/- 0.116
3434,HD 28109 b,HD 28109,2.69,867.0,0.1357,6189.0,F,0.0914534957855169,0.4304594766624495,0.42830583272601197,0.07786146599749473,0.007120703252456052,0.428 +/- 0.078
3435,HD 125390 b,HD 125390,11.9,292.93341898974904,3.496,4882.0,K,0.0645417611936397,0.6845998946012298,0.42813370220092406,0.2166002053975511,0.013979758731262053,0.428 +/- 0.217
3436,24 Sex b,24 Sex,13.4,431.1094209665288,1.333,5098.0,K,0.1459248078995455,0.4364313605181196,0.4281249940868138,0.02260486079091967,0.0032986099685109213,0.428 +/- 0.023
3437,HIP 18606 b,HIP 18606,14.0,371.2800498386104,1.61,4860.0,K,0.1874466880641123,0.4184304697823687,0.427966086874911,0.06190174090476682,0.011603276318001328,0.428 +/- 0.062
3438,HD 63454 b,HD 63454,12.31,931.2058651101336,0.04,4812.0,K,0.2057966354560397,0.3862566540346048,0.42784028772377736,0.10857579848584863,0.022344534020340617,0.428 +/- 0.109
3439,TOI-3331 A b,TOI-3331 A,12.97999965,1488.0,0.03144,5609.0,G,0.1798322635844386,0.4476716572592502,0.42777111832685827,0.04256499897069627,0.00765456011436961,0.428 +/- 0.043
3440,gam Lib b,gam Lib,13.7,659.2854022021618,1.319,4879.0,K,0.1867490010103034,0.4151833281298153,0.4276474551724278,0.0482645031229502,0.009013347742469618,0.428 +/- 0.048
3441,HD 181234 b,HD 181234,12.5,89.72202208389572,7.427,5386.0,G,0.1861075020297942,0.4134741305399049,0.42760183252600853,0.038568846969711766,0.007177951765702455,0.428 +/- 0.039
3442,HD 143105 b,HD 143105,13.7,1855.2082517163053,0.0379,6380.0,F,0.1879157031278234,0.4254185558664453,0.4275383088874658,0.06566034715685885,0.012338610303598112,0.428 +/- 0.066
3443,TOI-1803 b,TOI-1803,2.99,747.0,0.06,4687.0,K,0.1107661859299389,0.4426820206668245,0.42734768260772776,0.04222239921128969,0.004676814121445819,0.427 +/- 0.042
3444,HD 105618 b,HD 105618,5.44,935.894031724034,0.091,5671.0,G,0.148850950736925,0.394084175419416,0.42720269016366574,0.08101374925853393,0.012058973599895629,0.427 +/- 0.081
3445,HIP 91258 b,HIP 91258,13.7,937.5285227331292,0.06,5519.0,G,0.1896037702022538,0.4223405976748601,0.42703696430749827,0.06023805457912386,0.011421362257851023,0.427 +/- 0.060
3446,HD 28109 d,HD 28109,3.11,561.0,0.411,6189.0,F,0.119646100165426,0.4436004927615558,0.426978168246112,0.09708393048727884,0.011615713671534219,0.427 +/- 0.097
3447,HD 192699 b,HD 192699,13.4,452.87054728956105,1.063,5041.0,K,0.1462263077438546,0.4243095990733493,0.42689896078774486,0.04503590664542547,0.006585434344657491,0.427 +/- 0.045
3448,HD 5608 b,HD 5608,13.7,369.2769826253574,1.79,4807.0,K,0.1677840061708284,0.4187401367162862,0.4267894581675621,0.07362749412566189,0.012353515928722685,0.427 +/- 0.074
3449,HD 141399 e,HD 141399,14.1,130.10168377275403,5.0,5600.0,G,0.2071852819196858,0.400893281891419,0.4265412517366938,0.08555860058017757,0.017726482781857882,0.427 +/- 0.086
3450,HD 28109 c,HD 28109,4.13,643.0,0.308,6189.0,F,0.1485532219390909,0.4389391028710006,0.4263898804516379,0.07180288999962865,0.010666550653982965,0.426 +/- 0.072
3451,HD 59686 A b,HD 59686 A,12.7,716.2691630914172,1.086,4658.0,K,0.1228619631858475,0.4418348569550294,0.42618937286871555,0.04365141088142698,0.005363098036724185,0.426 +/- 0.044
3452,TOI-5300 b,TOI-5300,9.86390302,1043.0,0.0295,4610.0,K,0.1614045679698325,0.4441376078495418,0.4259615517329714,0.051205509598814654,0.00826480315447179,0.426 +/- 0.051
3453,HD 73526 c,HD 73526,13.3,301.09073566962206,1.03,5601.0,G,0.1134527527195683,0.3473247021685157,0.4258714719812489,0.16497816943408183,0.018717227460931928,0.426 +/- 0.165
3454,HD 46375 b,HD 46375,10.0,1117.1920358067,0.0398,5285.0,G,0.2232413503239014,0.4108503660607868,0.4257646148219828,0.0656267945823016,0.014650614239982306,0.426 +/- 0.066
3455,BD+60 1417 b,BD+60 1417,14.68376472,1303.0,1662.0,4993.0,K,0.1913758842843628,0.4364796192373207,0.42543025530559186,0.07643276800445035,0.014627388565153238,0.425 +/- 0.076
3456,HD 110537 b,HD 110537,11.9,66.62026555336267,16.714,5718.0,G,0.1911243903900052,0.4210392704556925,0.42532172048083006,0.05185007246020598,0.009909813490634465,0.425 +/- 0.052
3457,HD 68988 b,HD 68988,13.4,1078.7736257760291,0.07,5932.0,G,0.1632586045628258,0.4131516592011512,0.4250840835058074,0.06656584004895905,0.010867446157945318,0.425 +/- 0.067
3458,HD 147873 b,HD 147873,12.8,551.7051091255884,0.522,5972.0,G,0.1008094876435852,0.4305054345161632,0.42506725883858437,0.10453304410534404,0.010537922618084027,0.425 +/- 0.105
3459,K2-285 b,K2-285,2.59,1088.9,0.03817,4975.0,K,0.0718875363667864,0.4402287992050998,0.42473154910037325,0.0665125433285322,0.004781422877377314,0.425 +/- 0.067
3460,HD 62364 b,HD 62364,12.1,131.67809680049177,6.15,6255.0,F,0.1763838303442699,0.4162391169791197,0.4246223457430787,0.0843553945362726,0.014878927598509858,0.425 +/- 0.084
3461,HD 115954 b,HD 115954,12.6,144.9,5.0,5957.0,G,0.1248790257461145,0.4023697471819979,0.42445477043823115,0.10520919654019627,0.013138421963471189,0.424 +/- 0.105
3462,HIP 75092 b,HIP 75092,13.5,323.05450093031965,2.02,4891.0,K,0.1325667741929475,0.4004033814017321,0.42428139961143263,0.094290957695511,0.012499848097257571,0.424 +/- 0.094
3463,HD 67087 b,HD 67087,13.1,334.47402655037274,1.08,6330.0,F,0.1395698893399662,0.4221115018719073,0.4236500689261476,0.06494419679650566,0.009064254360161282,0.424 +/- 0.065
3464,WASP-52 b,WASP-52,14.24,1315.0,0.0272,5000.0,K,0.2420967569399087,0.4164208886630993,0.4235190412131629,0.07515639281493167,0.018195118963796813,0.424 +/- 0.075
3465,WASP-53 b,WASP-53,12.038466,1053.0,0.04101,4953.0,K,0.148215466299604,0.4506824509775037,0.4234000376084682,0.06483705288056567,0.009609854026185123,0.423 +/- 0.065
3466,HD 177830 b,HD 177830,13.5,365.5491631090384,1.14,4901.0,K,0.1601496154164173,0.4244775770092328,0.42302901892885636,0.050110812923082185,0.008025227417835647,0.423 +/- 0.050
3467,HR 8799 c,HR 8799,13.0,1200.0,38.0,7204.58,F,0.1986096766324981,0.3911729688933671,0.42301260138608804,0.10155798917106733,0.020170399388712425,0.423 +/- 0.102
3468,TOI-5350 b,TOI-5350,12.41955062,1195.0,0.0796,6220.0,F,0.1341558663415345,0.466542892737269,0.42247403564746133,0.07474532186378278,0.01002752340961262,0.422 +/- 0.075
3469,HD 200964 b,HD 200964,13.5,389.6133421773378,1.565,4982.0,K,0.1451634682493449,0.4252565569366447,0.4223850125857547,0.020887396110383028,0.003032086862081077,0.422 +/- 0.021
3470,HD 147873 c,HD 147873,13.3,341.80058612788224,1.36,5972.0,G,0.1008094876435852,0.4019907580114107,0.4221148928619568,0.11021343608000583,0.011110560022664416,0.422 +/- 0.110
3471,TOI-2497 b,TOI-2497,11.14172682,1595.0,0.1166,7360.0,F,0.1662883948967749,0.4414130173252094,0.42199562467189317,0.07648911221560947,0.012719251697412998,0.422 +/- 0.076
3472,HR 8799 d,HR 8799,13.0,1300.0,24.0,7204.58,F,0.1986096766324981,0.371206037173233,0.4216891958253177,0.10187549067966069,0.020233458260664482,0.422 +/- 0.102
3473,CoRoT-2 b,CoRoT-2,16.432,1521.0,0.02798,5625.0,G,0.2163798389150666,0.4824566333069029,0.4216442148906338,0.07640862091062538,0.016533285084363507,0.422 +/- 0.076
3474,HD 194490 b,HD 194490,12.4,83.1202197062672,11.116,5861.32,G,0.1344824187193004,0.4310127363030158,0.42145166921887556,0.058793165584125034,0.007906647111917464,0.421 +/- 0.059
3475,HD 151450 b,HD 151450,6.94,727.1723447443268,0.16,6091.98,F,0.1939849298103843,0.4183130276308732,0.4213432231444873,0.04821549896669246,0.009353080182826493,0.421 +/- 0.048
3476,75 Cet c,75 Cet,13.9,344.7602258241,3.929,4809.0,K,0.1308654210158662,0.4041599848725515,0.42124640445212286,0.13580819778287084,0.01777259698026142,0.421 +/- 0.136
3477,HD 75289 b,HD 75289,14.2,1260.0,0.05,6117.0,F,0.224219273961289,0.4208803264342905,0.4211059499659647,0.08531777651648703,0.019129889906518233,0.421 +/- 0.085
3478,TOI-3984 A b,TOI-3984 A,7.9,563.0,0.041,3476.0,M,0.1527845505550281,0.3762715600542893,0.4210998045194847,0.09768989390121344,0.014925506533465275,0.421 +/- 0.098
3479,TrES-2 b,TrES-2,15.24424,1466.0,0.03568,5850.0,G,0.1854789021089843,0.4320722133568432,0.4210462123872791,0.04980692407859628,0.009238133595523572,0.421 +/- 0.050
3480,HD 68988 c,HD 68988,12.2,80.03786945256523,13.2,5883.41,G,0.1632586045628258,0.4034573251754477,0.4205963874851598,0.08826655055792614,0.014410273873661133,0.421 +/- 0.088
3481,GU Psc b,GU Psc,14.179,1050.0,2000.0,4031.81,K,0.1864720710256753,0.4438648228930262,0.4196259791815072,0.07585171275916233,0.01414422596904564,0.420 +/- 0.076
3482,TOI-762 A b,TOI-762 A,8.33948164,555.4,0.03418,3266.0,M,0.1715744941127553,0.3931538558305009,0.4191686619522959,0.07000522994109525,0.012011111912390527,0.419 +/- 0.070
3483,kap And b,kap And,15.91675259,1791.0,55.0,11327.0,B,0.181926993985891,0.4170877387614929,0.41901141642133544,0.08505276440923068,0.015473393759161513,0.419 +/- 0.085
3484,HD 27894 b,HD 27894,14.1,574.3148278694108,0.125,4875.0,K,0.1935563093746136,0.4119082706370187,0.41854077071028045,0.0813390270132479,0.015743681876806262,0.419 +/- 0.081
3485,HD 219828 b,HD 219828,4.59,1466.0811132098436,0.049,5891.0,G,0.1444079780601001,0.4212817285923766,0.4182451735385958,0.08269369746179248,0.011941629648771084,0.418 +/- 0.083
3486,TOI-4515 b,TOI-4515,12.17,705.0,0.118,5433.0,G,0.1883119296130431,0.4232995784911714,0.41822283836494006,0.05692314104747394,0.010719306530285237,0.418 +/- 0.057
3487,HD 128717 b,HD 128717,12.1,138.9417423325014,4.85,6210.0,F,0.1436561324389127,0.2442572089575716,0.41748656801569645,0.1588122469084865,0.02281435317480684,0.417 +/- 0.159
3488,TOI-6330 b,TOI-6330,10.89,495.0,0.05763,3539.0,M,0.133884253042708,0.4141743735893626,0.4168650984739934,0.09861787476243299,0.013203380499227667,0.417 +/- 0.099
3489,K2-90 b,K2-90,2.6,502.0,0.096,4484.0,K,0.0868442874170647,0.4475103596480115,0.4165680288168652,0.06087943567034105,0.005287031209143799,0.417 +/- 0.061
3490,HIP 90988 b,HIP 90988,13.4,366.5811236565892,1.36,4883.0,K,0.1171474590091932,0.4221354911418663,0.4162444622473842,0.047307868319623296,0.0055419965647853795,0.416 +/- 0.047
3491,TOI-251 b,TOI-251,2.74,1041.19,0.05741,5875.0,G,0.1446209412565171,0.3482943909821807,0.41612281335490753,0.10819239843727516,0.015646886498798862,0.416 +/- 0.108
3492,TOI-1249 b,TOI-1249,3.2710301,726.89,0.109,5497.0,G,0.1011791093540305,0.432121061286741,0.4160466702239691,0.07580551672005803,0.007669934665857539,0.416 +/- 0.076
3493,BD+20 594 b,BD+20 594,2.57807,546.0,0.241,5766.0,G,0.0551786365891028,0.4414274538803436,0.4158929631491009,0.09820855895835735,0.005419014384702677,0.416 +/- 0.098
3494,HD 34445 g,HD 34445,13.6,119.90325850142747,6.36,5836.0,G,0.1892133992473182,0.3751866662420103,0.41573784000495906,0.1143883890360118,0.021643815923928455,0.416 +/- 0.114
3495,HD 132563 b,HD 132563,13.6,195.0741065810665,2.62,6289.0,F,0.1048187297236952,0.3304026040945776,0.4156054357175663,0.20567007911053084,0.02155807643453774,0.416 +/- 0.206
3496,HD 67087 c,HD 67087,12.9,176.92150449943406,3.86,6330.0,F,0.1395698893399662,0.3548068292844292,0.415442127421619,0.14805244484855778,0.020663663344024658,0.415 +/- 0.148
3497,TOI-5938 b,TOI-5938,3.82,1077.0,0.0308,4650.0,K,0.1201853169312522,0.4091543989578436,0.41510317194043805,0.05884914995724314,0.007072803738746054,0.415 +/- 0.059
3498,WASP-173 A b,WASP-173 A,13.4508,1880.0,0.0248,5800.0,G,0.1458181708584622,0.4332862167364618,0.4148720770058132,0.060774314886856036,0.008861999431977555,0.415 +/- 0.061
3499,WASP-42 b,WASP-42,12.576498,1021.0,0.0561,5315.0,G,0.2162112850999067,0.4340111135419625,0.41473636791275426,0.06566140427518449,0.014196736599802147,0.415 +/- 0.066
3500,WASP-25 b,WASP-25,13.80946422,1217.0,0.0473,5697.0,G,0.2256144020580697,0.4234489070141403,0.4146424854253337,0.047447417432926596,0.010704820713329366,0.415 +/- 0.047
3501,HD 95872 b,HD 95872,13.0,94.62345728701207,5.15,5312.0,G,0.1457055019478797,0.3934863624597402,0.41463334836337495,0.104680360494262,0.015252504469901442,0.415 +/- 0.105
3502,TOI-1853 b,TOI-1853,3.46,1479.0,0.0213,4985.0,K,0.0678975201603368,0.4130753392910776,0.4143491906625763,0.07376162252337537,0.005008231252340033,0.414 +/- 0.074
3503,HIP 67537 b,HIP 67537,12.3,295.6260542808522,4.807,4985.0,K,0.0940026031203456,0.3622016638833651,0.4141849201010621,0.17472043358505635,0.016424175575310753,0.414 +/- 0.175
3504,TOI-451 d,TOI-451,3.93,714.0,0.1168,5490.0,G,0.1310407402613846,0.405028109898992,0.4139635407667092,0.0700576741130927,0.009180409476770509,0.414 +/- 0.070
3505,K2-285 c,K2-285,3.53,741.4,0.0824,4975.0,K,0.0827031037345328,0.4354720932744657,0.4139364053678464,0.05374551052036223,0.004444920531830941,0.414 +/- 0.054
3506,HD 208897 b,HD 208897,13.7,463.9690654299722,1.063,4860.0,K,0.1527664790401723,0.4268730465941612,0.4137972412597701,0.0362620070250092,0.005539619136140649,0.414 +/- 0.036
3507,K2-370 b,K2-370,2.67,1267.0,0.0321,5662.0,G,0.0805593471406785,0.4141221230123018,0.4136431330089115,0.07186998039719762,0.005789798699811602,0.414 +/- 0.072
3508,TOI-1472 c,TOI-1472,3.334,662.0,0.116,5100.0,K,0.0887108739861992,0.4212336070628076,0.41363605436877937,0.08765548809156887,0.0077759949582899505,0.414 +/- 0.088
3509,WASP-6 b,WASP-6,12.5428494,1167.0,0.04217,5438.0,G,0.2118649007140705,0.4290750288266968,0.4133953600919142,0.07475599096771232,0.01583817060415632,0.413 +/- 0.075
3510,K2-53 b,K2-53,2.6,665.0,0.098,5263.0,G,0.0877880586369742,0.4242445117107875,0.41333300967249664,0.040870847646866285,0.0035879723697659362,0.413 +/- 0.041
3511,HD 165131 b,HD 165131,12.1,141.95502617966437,3.54,5870.0,G,0.1689359205464211,0.3969588203428551,0.41326978282745835,0.04918464854919873,0.008309053879411082,0.413 +/- 0.049
3512,HD 79498 b,HD 79498,13.6,150.4901219218153,2.98,5748.0,G,0.1838818578810835,0.3863387148053165,0.4132522650091344,0.08785736898615702,0.016155376237718438,0.413 +/- 0.088
3513,TOI-5143 c,TOI-5143,16.25302201,904.48,0.05602,5183.0,K,0.1344872716641701,0.4249854919098018,0.41319664716150506,0.07482076169451378,0.010062440104130207,0.413 +/- 0.075
3514,HAT-P-17 c,HAT-P-17,13.1,91.0968400469588,5.6,5336.96,G,0.1190985706055057,0.3857282195365744,0.4129408087825729,0.13220886551444386,0.0157458869041458,0.413 +/- 0.132
3515,HD 74156 b,HD 74156,13.5,621.6451700698865,0.28,6068.0,F,0.1686376743529284,0.3848168202467067,0.4125250171202748,0.07663996445679724,0.012924385368485381,0.413 +/- 0.077
3516,HD 216770 b,HD 216770,14.1,338.5950486173703,0.46,5399.0,G,0.2079208492141653,0.3932254630913963,0.41208479823705074,0.10197552113629413,0.021202836953715335,0.412 +/- 0.102
3517,K2-416 b,K2-416,2.66,447.0,0.088,3746.0,K,0.0900776858983795,0.123099807274925,0.41184155713834536,0.16462190502582397,0.014828760252909032,0.412 +/- 0.165
3518,HD 26161 b,HD 26161,11.9,101.50877497179594,10.087,6057.62,F,0.1992687616626928,0.3802170220941125,0.4117531776290298,0.09333763234025795,0.01859927441297091,0.412 +/- 0.093
3519,HD 107148 b,HD 107148,9.6,533.0586323833935,0.269,5797.0,G,0.1830256806938434,0.4160493475482542,0.41122959199713904,0.03924086639251162,0.007182086282505602,0.411 +/- 0.039
3520,TOI-4551 b,TOI-4551,11.85910158,1655.0,0.0994,4896.0,K,0.1922159827528723,0.4652963641735605,0.41100698637545086,0.12009280166562188,0.02308375589370329,0.411 +/- 0.120
3521,TOI-2374 b,TOI-2374,7.48759911,926.0,0.04818,5002.0,K,0.1577152444595718,0.4224127669094688,0.4108396048226847,0.06389480047148685,0.010077184076056112,0.411 +/- 0.064
3522,TOI-1386 b,TOI-1386,6.2163865,615.03,0.173,5735.0,G,0.1288372732852166,0.4272172783521553,0.41069280755238524,0.06588046053872441,0.008487858898583566,0.411 +/- 0.066
3523,HIP 65891 b,HIP 65891,12.8,394.2641146150733,2.794,5000.0,K,0.0667438711212266,0.415949314945331,0.4106364329758025,0.12295610051160377,0.008206566126115065,0.411 +/- 0.123
3524,TOI-6130 b,TOI-6130,14.3474953,1750.0,0.036,6110.0,F,0.2205820263432466,0.4022884023833368,0.4104015734120896,0.07844771144625563,0.017304155152805367,0.410 +/- 0.078
3525,Kepler-410 A b,Kepler-410 A,2.838,866.0,0.1226,6273.0,F,0.0942533910981166,0.4164131304110764,0.4102782553626295,0.06392172258022741,0.006024839118019485,0.410 +/- 0.064
3526,K2-287 b,K2-287,9.494023,804.0,0.1206,5695.0,G,0.2008875095241305,0.4089055033611053,0.4099244521288446,0.055983579735613284,0.011246401907332934,0.410 +/- 0.056
3527,HD 13724 c,HD 13724,8.18,359.52385592465606,0.534,5835.31,G,0.1942473748083295,0.3935640142024537,0.40974187805002615,0.06537792357682627,0.012699490025218094,0.410 +/- 0.065
3528,TOI-1836 b,TOI-1836,8.00321222,966.0,0.1597,6380.0,F,0.188319560444579,0.4283426801991234,0.4095856039467148,0.07006337108804395,0.01319430324656586,0.410 +/- 0.070
3529,KELT-18 b,KELT-18,17.59813,2085.0,0.0455,6670.0,F,0.2314590586724066,0.4148125274412548,0.40925567019053355,0.05962393845696903,0.013800500669591556,0.409 +/- 0.060
3530,HIP 67851 b,HIP 67851,13.7,768.995298605107,0.42,4840.0,K,0.1580010177806971,0.4147726811257018,0.40918242469625665,0.054813044345548324,0.00866051679425512,0.409 +/- 0.055
3531,HD 102843 b,HD 102843,13.1,116.47845112845113,4.074,5436.0,G,0.1601646701878296,0.3580937985076756,0.4090243866510646,0.16837312629884194,0.026967426242147798,0.409 +/- 0.168
3532,HD 47366 b,HD 47366,13.4,527.8185103933489,1.207,4866.0,K,0.1290539423430541,0.4082780442460064,0.4090078748071678,0.034984990899444075,0.004514950998409128,0.409 +/- 0.035
3533,HD 104985 b,HD 104985,12.8,824.1364947938902,0.715,4738.0,K,0.1097299639705437,0.4310433951568394,0.40896373319222906,0.06758045619314382,0.007415601023186578,0.409 +/- 0.068
3534,HD 102117 b,HD 102117,8.47,714.2401380707283,0.15,5655.0,G,0.2019440087668895,0.3947142471228594,0.40875478475191634,0.059570411298548974,0.012029887661521388,0.409 +/- 0.060
3535,TWA 7 b,TWA 7,12.7,316.0,52.0,3509.0,M,0.2135400653231867,0.3826605769376607,0.4084858898113032,0.1117911075103579,0.02387188040031321,0.408 +/- 0.112
3536,Kepler-92 c,Kepler-92,2.6,781.0,0.19054,5883.0,G,0.0050154110739468,0.3903911286865664,0.40814118261711063,0.13621238578366648,0.0006831611080681145,0.408 +/- 0.136
3537,HD 155193 b,HD 155193,14.0,358.4266778388301,1.04,6239.0,F,0.1683066266836807,0.4104793193810257,0.40802491831370136,0.08480966864288741,0.014274029239445114,0.408 +/- 0.085
3538,TOI-1883 b,TOI-1883,5.65,524.92,0.0468,3477.0,M,0.1261940408000692,0.4019633819206315,0.40796693126960704,0.06491324186650357,0.008191664292566313,0.408 +/- 0.065
3539,HD 141399 b,HD 141399,14.3,451.58953695320577,0.415,5600.0,G,0.2071852819196858,0.4119872223665775,0.40782448020520456,0.05789234502855032,0.011994441825731918,0.408 +/- 0.058
3540,Kepler-20 d,Kepler-20,2.606,430.0,0.3474,5495.0,G,0.0240545492330342,0.4204349425256272,0.4069562900524954,0.06434245759538966,0.0015477288140027159,0.407 +/- 0.064
3541,HD 2638 b,HD 2638,14.3,1108.8458123233493,0.04,5186.0,K,0.173150554740204,0.3573632118749242,0.40695199799523846,0.13161131176066548,0.02278857164144516,0.407 +/- 0.132
3542,HD 102888 b,HD 102888,12.8,629.8829296903431,1.05,4990.0,K,0.0846853374122284,0.4269043438106824,0.40679911799350776,0.09424503565325607,0.007981172643723486,0.407 +/- 0.094
3543,KELT-14 b,KELT-14,19.537287,1970.0,0.03005,5720.0,G,0.2374753533313026,0.4173368479795897,0.40575150221200074,0.06280702051649362,0.014915119388840693,0.406 +/- 0.063
3544,TOI-837 b,TOI-837,9.16894621,995.3,0.0888,5995.0,G,0.1687962150283113,0.4095198514643688,0.40570421535563567,0.07054114097586113,0.011907077600503876,0.406 +/- 0.071
3545,TOI-261.01,TOI-261,3.0449863,1722.49,0.034792189,5890.3,G,0.121567940295536,0.3912025854222936,0.4056655118501184,0.08637991832301607,0.010501028753425694,0.406 +/- 0.086
3546,K2-29 b,K2-29,13.33871,1171.0,0.04217,5358.0,G,0.1928390082823203,0.409666430551563,0.4055010943436172,0.05124790100992274,0.009882594407304024,0.406 +/- 0.051
3547,HD 9446 b,HD 9446,14.0,587.729301911592,0.189,5793.0,G,0.1813229099525199,0.4099130325442323,0.40519062310097437,0.043265483841372965,0.007845023430621476,0.405 +/- 0.043
3548,HD 171028 b,HD 171028,13.2,342.15735136853186,1.32,5671.0,G,0.0982182923663544,0.1772321955892032,0.4050944594439587,0.17956075781723516,0.01763615100881736,0.405 +/- 0.180
3549,Kepler-49 b,Kepler-49,2.579,509.0,0.05929,4095.6,K,0.0152486664514838,0.3965074462585874,0.4050418796493762,0.13007860775477995,0.0019835253021260333,0.405 +/- 0.130
3550,TOI-4495 c,TOI-4495,4.03,1365.0,0.06323,6210.0,F,0.1189112146047249,0.4146213699872144,0.4047330183521214,0.060923276982420435,0.007244460863679693,0.405 +/- 0.061
3551,HD 105779 b,HD 105779,14.1,134.72210096183733,3.38,5792.0,G,0.1726681379767954,0.38909135974791,0.40460471450676133,0.08795155162301453,0.015186430650915916,0.405 +/- 0.088
3552,HD 139357 b,HD 139357,12.1,408.8338980391276,2.949,4700.0,K,0.0977958824734684,0.3974219458949674,0.40453820226178755,0.11666991552842683,0.011409837347207517,0.405 +/- 0.117
3553,HD 108874 c,HD 108874,13.8,153.8549329432109,2.659,5551.0,G,0.1654398152592336,0.378259916418552,0.40434710788467676,0.12695766991450885,0.021003853456399105,0.404 +/- 0.127
3554,HD 16141 b,HD 16141,10.9,514.8498065018692,0.36,5757.0,G,0.2055977262976316,0.4077809723419395,0.40425859553273097,0.04790885084141204,0.009849950802526689,0.404 +/- 0.048
3555,11 Com b,11 Com,12.2,734.7283769658036,1.178,4874.0,K,0.1181478108216827,0.3987854334629687,0.4033184715868158,0.0643494327253327,0.007602744604115205,0.403 +/- 0.064
3556,HD 184010 c,HD 184010,11.8,418.4934837184368,1.334,4971.0,K,0.163332740796949,0.3918338122196563,0.4032921571463644,0.0876103943278731,0.014309645827872988,0.403 +/- 0.088
3557,K2-54 b,K2-54,2.6116925,560.0,0.0761,3990.0,K,0.0562369524852339,0.4053117868079631,0.40291650152285774,0.058046998461451206,0.003264386294387077,0.403 +/- 0.058
3558,Kepler-315 c,Kepler-315,4.15,291.0,0.791,5796.0,G,0.0012028241237932,0.4615524776835258,0.4025979572433428,0.19651636095623737,0.00023637461967821442,0.403 +/- 0.197
3559,HAT-P-57 b,HAT-P-57,19.50366,2200.0,0.0406,6330.0,F,0.2241327083446438,0.3736658376263579,0.402366019054077,0.07154436734635355,0.016035432820142317,0.402 +/- 0.072
3560,WASP-16 b,WASP-16,13.67498,1389.0,0.0415,5700.0,G,0.1952637583192435,0.4101283717103081,0.4023110637332632,0.05563253569426765,0.010863018004492166,0.402 +/- 0.056
3561,K2-241 b,K2-241,2.55,507.0,0.1567,5262.0,G,0.0779269235990743,0.3884612379601815,0.4019930937942665,0.06012192748390998,0.0046851168496677385,0.402 +/- 0.060
3562,bet Cnc b,bet Cnc,12.6,951.0371761332842,1.7,4092.1,K,0.1231385906920847,0.4145045157202754,0.4019864861284576,0.11005037639052445,0.013551448253862652,0.402 +/- 0.110
3563,WASP-104 b,WASP-104,12.745,1516.0,0.02918,5475.0,G,0.1713226330340253,0.4104015731817243,0.40177565330686654,0.06028757887118024,0.01032862675145707,0.402 +/- 0.060
3564,HD 120084 b,HD 120084,12.7,337.7410626412424,4.21,4879.0,K,0.1070549736179108,0.3952045530396779,0.40177230839382044,0.11403537448109576,0.012208054006582284,0.402 +/- 0.114
3565,WASP-132 d,WASP-132,12.8,107.0,2.71,4686.0,K,0.0877667278244363,0.4039458232708853,0.40170283915022686,0.1498763931161546,0.01315416060193376,0.402 +/- 0.150
3566,TOI-451 c,TOI-451,2.93,865.0,0.0795,5490.0,G,0.1105862069948499,0.3755708264346475,0.4012254717131867,0.11137857641687436,0.012316934306428176,0.401 +/- 0.111
3567,HAT-P-13 b,HAT-P-13,14.258,1740.0,0.04383,5653.0,G,0.2356812945411694,0.4098031472129018,0.4011433016744468,0.07823017777936822,0.018437389571227328,0.401 +/- 0.078
3568,HD 73344 c,HD 73344,13.5,514.5727579125927,0.3388,6148.0,F,0.2108574841404788,0.3921368289998899,0.40104142531900744,0.06479225290936903,0.013661931440263174,0.401 +/- 0.065
3569,TOI-2107 b,TOI-2107,13.57407563,1397.0,0.03515,5627.0,G,0.1836779928335336,0.4183470599447359,0.40062871673135847,0.05379987463793746,0.009881852988192082,0.401 +/- 0.054
3570,Kepler-1731 b,Kepler-1731,2.93295657,486.0,0.1399,4859.0,K,0.0600534440902067,0.4093133018583577,0.4005236727724223,0.06382870802891712,0.0038331337489647017,0.401 +/- 0.064
3571,Qatar-2 b,Qatar-2,14.056,1344.0,0.02153,4645.0,K,0.1706222531278294,0.4630176521836259,0.4005048650409698,0.09338597262370679,0.015933725059590644,0.401 +/- 0.093
3572,KELT-1 b,KELT-1,12.442,2361.0,0.02466,6516.0,F,0.1379175929405188,0.4013466033377909,0.40019643468631616,0.07313874726585946,0.010087119973592289,0.400 +/- 0.073
3573,HD 122562 c,HD 122562,10.1,504.9278095410689,0.406,4956.0,K,0.1761356566664139,0.4086280011856247,0.39995194551309265,0.04830475469298008,0.008508189687958086,0.400 +/- 0.048
3574,Kepler-1514 b,Kepler-1514,12.419572,387.9,0.753,6145.0,F,0.1357738499878329,0.4454859832792131,0.3995984700985775,0.11410114463966142,0.015491951695745415,0.400 +/- 0.114
3575,Kepler-196 d,Kepler-196,2.66065673,297.0,0.4545,5132.0,K,0.0047605579355849,0.382469957054841,0.39949449127961967,0.09259268798917149,0.000440792855583987,0.399 +/- 0.093
3576,TOI-1194 b,TOI-1194,8.71664516,1264.29,0.034,5394.0,G,0.1578407850402304,0.4149384736055447,0.39934929408628855,0.07115344076564747,0.01123091494876333,0.399 +/- 0.071
3577,HD 207832 c,HD 207832,14.0,164.49634925493396,2.112,5710.0,G,0.1664161326411641,0.3388593848020378,0.3993086001048204,0.14308137884569272,0.02381104972046545,0.399 +/- 0.143
3578,HATS-22 b,HATS-22,10.682177,858.0,0.05025,4803.0,K,0.1062952772068261,0.4425424696182222,0.39926388043934136,0.0919416850051745,0.00977296689448771,0.399 +/- 0.092
3579,HD 124330 b,HD 124330,14.0,319.0295237192442,0.86,5873.0,G,0.1643183121918368,0.3813488313106628,0.3983841342735154,0.10828714672763735,0.01779356118235515,0.398 +/- 0.108
3580,HD 200964 c,HD 200964,13.7,348.1472395307604,1.96,4982.0,K,0.1451634682493449,0.3958625432923451,0.39810704465362645,0.024382963307682862,0.0035395155199397627,0.398 +/- 0.024
3581,HD 136418 b,HD 136418,13.3,376.6771413061015,1.29,4989.0,K,0.104805104174511,0.3954096027594211,0.39809259581357864,0.10612898250836075,0.011122859067723605,0.398 +/- 0.106
3582,HAT-P-12 b,HAT-P-12,10.749,963.0,0.0384,4650.0,K,0.2026121306622845,0.402012135661191,0.3979242203104752,0.059638075546692565,0.012083397555113668,0.398 +/- 0.060
3583,TOI-4961 b,TOI-4961,12.34108775,919.0,0.0726,5380.0,G,0.1599177606623342,0.4125049579313191,0.39768601624052347,0.06306006830378115,0.01008442491035452,0.398 +/- 0.063
3584,HD 129445 b,HD 129445,13.3,158.56826515530642,2.9,5646.0,G,0.1528407415933245,0.3813714171435083,0.3974875335346549,0.10701937637455969,0.016356920849942815,0.397 +/- 0.107
3585,WASP-178 b,WASP-178,20.28829,2470.0,0.0558,9360.0,A,0.2507137930081796,0.4042249452665715,0.3972129759960835,0.08645408052854672,0.021675230450346552,0.397 +/- 0.086
3586,WASP-149 b,WASP-149,15.24421375,1855.0,0.024,5750.0,G,0.2111968464766192,0.4013993055750182,0.39716363310585984,0.06138511818123775,0.012964343380471996,0.397 +/- 0.061
3587,K2-317 b,K2-317,2.93,432.0,0.0542,3387.0,M,0.0521551166819809,0.3916278902164581,0.3971003420111047,0.07876369821047596,0.004107929870471704,0.397 +/- 0.079
3588,HD 28192 b,HD 28192,12.2,786.6081705514656,0.118,5919.87,G,0.1823119944532907,0.403521056728584,0.3969272309633878,0.05316489495623299,0.009692598034370531,0.397 +/- 0.053
3589,TOI-2529 b,TOI-2529,11.54525012,636.0,0.327,5802.0,G,0.1314325545142343,0.4515897534999906,0.39665960392454686,0.08268717661560412,0.01086778684815851,0.397 +/- 0.083
3590,TOI-132 b,TOI-132,3.42,1395.0,0.026,5397.0,G,0.0731284332851658,0.4093858762153205,0.3966071123151701,0.06718865703028291,0.00491340122315893,0.397 +/- 0.067
3591,TOI-5398 c,TOI-5398,3.52,1242.0,0.057,6000.0,F,0.1153032842315921,0.3850281150656472,0.3964739762243548,0.05713642434211817,0.006588017375896109,0.396 +/- 0.057
3592,TOI-2458 c,TOI-2458,3.18,844.031240203221,0.129,6005.0,F,0.0969506876656418,0.40784277071073,0.3956751438932862,0.06205463045434886,0.0060162390953864,0.396 +/- 0.062
3593,HD 185269 b,HD 185269,13.8,1331.423091859985,0.077,5923.0,G,0.1783709685670675,0.3991894750920144,0.39563863971614593,0.050522946215485455,0.009011826851317998,0.396 +/- 0.051
3594,TOI-2158 b,TOI-2158,10.76062147,1188.0,0.075,5673.0,G,0.1800248551194994,0.3944248246015517,0.39547504082562707,0.057481165565144814,0.010348038502965153,0.395 +/- 0.057
3595,KOI-1833 d,Kepler-968,2.58,613.0,0.0634,4413.0,K,0.017889760089002,0.3974957034733426,0.39542450978598215,0.09225962289329398,0.001650502519462826,0.395 +/- 0.092
3596,WASP-23 b,WASP-23,10.783,1076.55,0.0376,5150.0,K,0.135509396256669,0.4120152253484165,0.3949714188046291,0.05461766180850053,0.007401206376620835,0.395 +/- 0.055
3597,HD 219828 c,HD 219828,12.2,136.44667267408502,5.657,5891.0,G,0.1444079780601001,0.3505870749839789,0.39472881135067395,0.10824040874739932,0.015630778571610708,0.395 +/- 0.108
3598,HD 73526 b,HD 73526,13.1,379.01755599536847,0.65,5601.0,G,0.1134527527195683,0.388838677256733,0.3944889700265139,0.07293566529335718,0.008274751998964451,0.394 +/- 0.073
3599,HD 87816 b,HD 87816,12.7,518.9795165039168,1.618,4989.0,K,0.0791585239902134,0.3065186860917577,0.39420237594815405,0.15232028624678337,0.012057449033062174,0.394 +/- 0.152
3600,TOI-5027 b,TOI-5027,10.76062147,1056.0,0.093,5909.0,G,0.1457061302489988,0.3867458910510683,0.39406918108455125,0.07529161316400135,0.010970449594331215,0.394 +/- 0.075
3601,HD 105618 c,HD 105618,11.9,47.2307441755879,35.731,5671.0,G,0.148850950736925,0.404651984456677,0.3937626234795103,0.06331399433470046,0.009424348251672448,0.394 +/- 0.063
3602,TOI-1836 c,TOI-1836,2.59987579,2007.6,0.03089,6237.0,F,0.0525683236551353,0.3849165763447382,0.3937167831690412,0.14988923125433123,0.007879425620997107,0.394 +/- 0.150
3603,TOI-1246 e,TOI-1246,3.5141875,463.98,0.212,5213.0,G,0.0723392547734215,0.4237204618860137,0.3935354615265078,0.07892694039892922,0.005709516050004795,0.394 +/- 0.079
3604,HD 191939 e,HD 191939,13.0,390.0,0.407,5348.0,G,0.175509553032166,0.3738148429342834,0.39334894653570085,0.06995589913773946,0.01227792858962794,0.393 +/- 0.070
3605,HD 111591 b,HD 111591,12.9,386.0718535412113,2.5,4884.0,K,0.0957865687929041,0.3962536931688602,0.39317536256071206,0.11118856863870874,0.010650371478896215,0.393 +/- 0.111
3606,WASP-180 A b,WASP-180 A,13.89916,1540.0,0.048,6600.0,F,0.1942152827984445,0.404446470244267,0.39272007031916495,0.0609831829450279,0.01184386612161787,0.393 +/- 0.061
3607,TOI-4603 b,TOI-4603,11.67975789,1677.0,0.0888,6264.0,F,0.1595095074801163,0.3622083281448808,0.3926344902469893,0.08958985117211077,0.01429043303568031,0.393 +/- 0.090
3608,Kepler-1538 b,Kepler-1538,2.82,346.0,0.6095,5837.0,G,0.0006233302659419,0.3779850590388733,0.39259746376975346,0.0848178627149133,5.286954092271047e-05,0.393 +/- 0.085
3609,HD 184010 b,HD 184010,12.1,498.5430749762139,0.94,4971.0,K,0.163332740796949,0.3841789776656981,0.39237192009446176,0.08626331739409875,0.014089624060215274,0.392 +/- 0.086
3610,HD 168746 b,HD 168746,11.1,900.0,0.07,5570.0,G,0.1979672226177314,0.3995384959795176,0.39157816807179313,0.058059917858063435,0.011493960683774443,0.392 +/- 0.058
3611,K2-417 b,K2-417,3.31,558.0,0.063,3861.0,K,0.1171386732792365,0.2996811488819281,0.3914466978802102,0.12909962512866657,0.015122558808418783,0.391 +/- 0.129
3612,HD 47366 c,HD 47366,13.5,427.4933272782196,1.84,4866.0,K,0.1290539423430541,0.3859864478574243,0.3914368601276292,0.04089683600799119,0.005277897916188634,0.391 +/- 0.041
3613,TOI-2202 b,TOI-2202,10.95117414,652.07,0.09564,5169.0,K,0.1290784041865227,0.4216339422233884,0.39112146874195225,0.08024257676370397,0.010357583756473455,0.391 +/- 0.080
3614,HIP 65407 c,HIP 65407,13.9,418.05147994600713,0.316,5460.0,G,0.1617381184876678,0.4024650438569593,0.39105750496626135,0.07858014769163983,0.01270940523812888,0.391 +/- 0.079
3615,HD 83443 c,HD 83443,13.6,82.27770851731823,8.0,5442.0,G,0.1992960633531637,0.3117248150507405,0.3908413198398689,0.1035321371786842,0.02063354737025148,0.391 +/- 0.104
3616,Kepler-1935 b,Kepler-1935,2.50271696,1083.0,0.0463,5570.0,G,0.0003804494003943,0.3076236463756896,0.39074302220184703,0.13881403135182052,5.281171499411568e-05,0.391 +/- 0.139
3617,TOI-969 c,TOI-969,12.4,96.4,2.52,4435.0,K,0.1385496125242982,0.3552855089075222,0.39055239681796194,0.11024567083284931,0.015274494976372595,0.391 +/- 0.110
3618,Kepler-239 c,Kepler-239,2.51,366.0,0.268,4914.0,K,0.0012300152965739,0.3717374365523329,0.39016833221534747,0.08907586139672487,0.00010956467207346815,0.390 +/- 0.089
3619,K2-24 c,K2-24,7.5,542.0,0.247,5625.0,G,0.188631247939136,0.3899503187504174,0.38997108831663996,0.06710564065441658,0.012658220740397819,0.390 +/- 0.067
3620,HD 206255 b,HD 206255,6.47,545.5948450659183,0.461,5635.0,G,0.1413755004994766,0.4110196472230901,0.3899654860162137,0.06898547440272719,0.009752855970879387,0.390 +/- 0.069
3621,HD 95086 b,HD 95086,12.9,1000.0,55.7,7595.0,A,0.126659638204829,0.3809818409713177,0.3898056951748725,0.0924618197637594,0.011711180639037875,0.390 +/- 0.092
3622,TOI-470 b,TOI-470,4.34,660.0,0.119,5190.0,K,0.1177911798577867,0.3752158240337101,0.38958828805263557,0.052999909706037,0.006242921896630259,0.390 +/- 0.053
3623,WASP-186 b,WASP-186,12.44199,1378.4,0.06,6361.0,F,0.1249910947259912,0.4032462421670767,0.3892354517881104,0.07807165020311128,0.009758261025951532,0.389 +/- 0.078
3624,HD 109246 b,HD 109246,13.9,464.1409034273777,0.33,5844.0,G,0.1522362323606046,0.4053847434595232,0.3890255323355497,0.07138428044491957,0.010867273904707339,0.389 +/- 0.071
3625,HD 30669 b,HD 30669,14.3,138.52974445103123,2.69,5400.0,G,0.1678278035117433,0.3658367968171053,0.38842907163926527,0.12868676814324004,0.02159721763850496,0.388 +/- 0.129
3626,HD 74698 c,HD 74698,14.0,138.82469474909098,4.5,5783.0,G,0.1782406270346792,0.3294856530982618,0.3882339283226589,0.10242259274759646,0.01825586715384918,0.388 +/- 0.102
3627,HD 43691 b,HD 43691,13.2,696.7988223583276,0.238,6093.0,F,0.1274562890268141,0.3976428471864161,0.38774644607843867,0.07638743615296625,0.009736059140329776,0.388 +/- 0.076
3628,Qatar-1 b,Qatar-1,12.811887,1418.0,0.02332,5013.0,K,0.147857988192922,0.3801052361658745,0.3876831485714998,0.0614822307520722,0.009090638948614399,0.388 +/- 0.061
3629,17 Sco b,17 Sco,12.9,775.2079878110721,1.45,4157.0,K,0.0859918457292382,0.4174751217874636,0.38767577073721315,0.0764907978048526,0.006577584884541236,0.388 +/- 0.076
3630,Kepler-505 b,Kepler-505,2.6,314.0,0.1445,3931.0,K,0.0211618598403968,0.3953862106146307,0.38765783148021127,0.07610275823586107,0.0016104759032548952,0.388 +/- 0.076
3631,HD 80913 b,HD 80913,12.0,108.14233004213096,9.95,6013.24,F,0.1624190095336905,0.3213343424349082,0.3873009994684124,0.13449614763222925,0.02184473108452369,0.387 +/- 0.134
3632,K2-55 b,K2-55,4.43,900.0,0.03486,4300.0,K,0.0775886433865124,0.3999223712630868,0.38718979854729774,0.07355849605194503,0.0057073039182225435,0.387 +/- 0.074
3633,Kepler-411 d,Kepler-411,3.319,410.0,0.279,4974.0,K,0.0795242906562171,0.3935727379507739,0.3871884977563232,0.06552245898337765,0.005210627072704188,0.387 +/- 0.066
3634,HD 149143 b,HD 149143,13.6,1346.3224768058794,0.053,5856.0,G,0.1441683155033964,0.3894841597149382,0.38700019819229764,0.05960464913194213,0.008593101861523076,0.387 +/- 0.060
3635,HD 98219 b,HD 98219,13.4,415.0539919326848,1.26,4925.0,K,0.096230126570237,0.4018724594690461,0.3867422144855915,0.05025888188625018,0.004836418565192447,0.387 +/- 0.050
3636,HD 212771 b,HD 212771,13.3,464.3730921981673,1.19,5003.0,K,0.0987145621091293,0.4027747403134432,0.38661776972155465,0.052429590570253426,0.005175564074703502,0.387 +/- 0.052
3637,HD 457 b,HD 457,11.9,77.88324479597826,15.369,6114.04,F,0.1730200484289921,0.3556596687432142,0.38623697793047684,0.06409994408531007,0.011090575429936035,0.386 +/- 0.064
3638,HD 159243 b,HD 159243,13.7,861.7507008341796,0.11,6123.0,F,0.1441317014014464,0.3763935142343793,0.38595178788707474,0.062241305454569844,0.008970945252614278,0.386 +/- 0.062
3639,HD 31253 b,HD 31253,14.1,318.6390095032912,1.26,6130.0,F,0.1677281433984413,0.3651913420297282,0.38590015883575773,0.09375861311052304,0.015725958104640787,0.386 +/- 0.094
3640,2MASS J12073346-3932539 b,2MASS J12073346-3932539,15.69257298,1163.0,46.0,2825.0,M,0.1577012585593948,0.3877597544372411,0.3854115635812442,0.08263329932889886,0.013031375303082543,0.385 +/- 0.083
3641,TOI-908 b,TOI-908,3.186,1317.0,0.041657,5626.0,G,0.062962480660339,0.3997494818227399,0.3849232198765039,0.10126416959573607,0.006375843319756822,0.385 +/- 0.101
3642,HD 184010 d,HD 184010,14.3,348.83174501226125,1.92,4971.0,K,0.163332740796949,0.3791219336471356,0.3846784616190078,0.05854828944787089,0.00956285258449384,0.385 +/- 0.059
3643,K2-32 c,K2-32,3.134,634.0,0.13843,5271.0,G,0.0789131758333141,0.3983951269739375,0.38459953872859953,0.049383653987640344,0.0038970209704182056,0.385 +/- 0.049
3644,HD 1666 b,HD 1666,12.7,399.2365754683677,0.94,6317.0,F,0.0922684695362684,0.2817073331094449,0.3842666456032147,0.16653789303380537,0.015366196510023996,0.384 +/- 0.167
3645,K2-264 c,K2-264,2.668,331.0,0.11283,3660.0,M,0.0468866259898958,0.3815059938749826,0.3841869097296793,0.10554796337038563,0.004948787882542493,0.384 +/- 0.106
3646,TOI-5108 b,TOI-5108,6.6,1180.0,0.073,5808.0,G,0.1604030749588757,0.3814347915126871,0.38411137169641263,0.06296035084805746,0.010099033876518074,0.384 +/- 0.063
3647,HD 205739 b,HD 205739,13.6,331.8820928312078,0.896,6176.0,F,0.1189490767026489,0.3541313277061681,0.38385943019934987,0.13866633248818228,0.01649423221921181,0.384 +/- 0.139
3648,TOI-6038 A b,TOI-6038 A,6.41,1439.0,0.069,6110.0,F,0.1290078937666729,0.3957722171513131,0.38385491292148755,0.05958574488626584,0.007687031446295457,0.384 +/- 0.060
3649,WASP-39 b,WASP-39,14.336311,1166.0,0.04828,5485.0,G,0.2246805634378272,0.3914817924726863,0.3837751389316989,0.06847631711287783,0.015385297511068718,0.384 +/- 0.068
3650,HIP 111909 b,HIP 111909,13.7,399.6359189218381,1.32,4891.0,K,0.1243390955311279,0.3755042544801993,0.38359742872371094,0.055646741622505345,0.006919065522596683,0.384 +/- 0.056
3651,Kepler-436 b,Kepler-436,2.73,322.0,0.339,4651.0,K,0.0016995130197697,0.3137832240308774,0.38354221082928025,0.12082625786917517,0.00020534579837871436,0.384 +/- 0.121
3652,HD 94771 b,HD 94771,14.2,183.6622991202154,3.48,5631.0,G,0.1683382713039983,0.3137477105882899,0.38286568022258116,0.1304186264242451,0.021954446118099373,0.383 +/- 0.130
3653,TOI-1117 c,TOI-1117,2.91,1210.0,0.0534,5635.0,G,0.0561374122146232,0.3942331022632177,0.38277891063096964,0.06907588804840305,0.003877741601464366,0.383 +/- 0.069
3654,Kepler-1350 b,Kepler-1350,2.52,535.0,0.0413,3827.0,K,0.0111824165203702,0.390610239382809,0.3826810643210682,0.13111706915157417,0.0014662056801830851,0.383 +/- 0.131
3655,TOI-2000 b,TOI-2000,2.7,1488.0,0.04271,5611.0,G,0.0596094511491879,0.3771627231132659,0.3822677647701358,0.07449518316497691,0.004440616981722496,0.382 +/- 0.074
3656,TOI-1246 b,TOI-1246,3.01,955.0,0.049,5151.0,K,0.0663636897306576,0.3343995576414664,0.3821877792166578,0.08050506382444077,0.005342613077391974,0.382 +/- 0.081
3657,HIP 97233 b,HIP 97233,12.1,324.1844646009605,2.491,5020.0,K,0.1078813999014612,0.2989767740416599,0.38154575458202805,0.1567920714029551,0.016914948156400655,0.382 +/- 0.157
3658,TOI-1803 c,TOI-1803,4.29,588.0,0.097,4687.0,K,0.1243333473720117,0.3647106723841222,0.381468553929313,0.06932642772834995,0.008619586820809598,0.381 +/- 0.069
3659,K2-31 b,K2-31,11.88154,1688.0,0.022,5280.0,G,0.2185109471376979,0.300577094308985,0.38133650954189274,0.11324628049945283,0.024745552011756846,0.381 +/- 0.113
3660,HAT-P-32 b,HAT-P-32,22.19382,1835.7,0.03397,6001.0,F,0.2885331464154559,0.4109751950448674,0.3811787172871355,0.08100491341912258,0.023372602543931024,0.381 +/- 0.081
3661,TOI-2109 b,TOI-2109,15.098497,3646.0,0.01791,6540.0,F,0.1582353035598799,0.3626676502152981,0.38108737010861843,0.0630656745068576,0.009979216149801191,0.381 +/- 0.063
3662,Kepler-106 e,Kepler-106,2.56,531.0,0.24006,5858.0,G,0.006382990985558,0.3961931369391014,0.3810523819735272,0.075116771717032,0.0004794696767340334,0.381 +/- 0.075
3663,Kepler-549 c,Kepler-549,2.93,349.0,0.45332,5360.0,G,0.0017089693583032,0.3752268025281428,0.38084732440142455,0.08131448679232348,0.00013896396631423108,0.381 +/- 0.081
3664,WASP-70 A b,WASP-70 A,13.047,1387.0,0.04853,5763.0,G,0.1869932609667913,0.3876741844722182,0.3796310490199033,0.08606640766140822,0.016093838228303955,0.380 +/- 0.086
3665,HD 113996 b,HD 113996,12.7,730.5471480400855,1.6,4181.0,K,0.0937322650969703,0.4067735359253941,0.37923133755255173,0.06398985718802866,0.005997914257465573,0.379 +/- 0.064
3666,Kepler-1567 b,Kepler-1567,2.73,330.0,0.552,5655.0,G,0.0006421140142052,0.3823941504981376,0.37900712870339054,0.05064123824977122,3.251744877688252e-05,0.379 +/- 0.051
3667,K2-32 d,K2-32,3.484,550.0,0.18422,5271.0,G,0.0827750341473598,0.3720491678071527,0.37860134712954685,0.0797618609147599,0.006602290760876214,0.379 +/- 0.080
3668,DMPP-9 b,DMPP-9,3.89,910.639680610511,0.1097,6092.0,F,0.1003227485820982,0.4001286970329691,0.37851761509559556,0.06969881873533955,0.006992377068454706,0.379 +/- 0.070
3669,TOI-1117 d,TOI-1117,3.27,978.0,0.0817,5635.0,G,0.0561374122146232,0.39137631899443,0.37822875021404445,0.06589973942840648,0.003699440837128712,0.378 +/- 0.066
3670,HD 18742 b,HD 18742,13.1,365.8092260353567,1.82,4940.0,K,0.0589643176087414,0.3798862046671151,0.37800911725257386,0.09971860067793169,0.005879839241872819,0.378 +/- 0.100
3671,TOI-4638.01,TOI-4638,2.933,779.83,0.093013,5700.0,G,0.0689834817888084,0.3916752157498885,0.3776182301226911,0.0695037165013337,0.0047946083615242555,0.378 +/- 0.070
3672,HD 1605 b,HD 1605,13.8,331.55573252308324,1.492,4915.0,K,0.1234375641332979,0.378383532401712,0.37710775804428975,0.06229595862224119,0.007689661387678169,0.377 +/- 0.062
3673,TOI-3135 b,TOI-3135,13.65253849,1292.0,0.04756,5890.0,G,0.1748008118322153,0.3706927756067432,0.3770753848324259,0.04883081819766277,0.008535666663382764,0.377 +/- 0.049
3674,HATS-59 c,HATS-59,12.3,175.9,2.504,5670.0,G,0.0004842967088193,0.23725822161331,0.37644684605684775,0.2928537159042418,0.0001418280907779266,0.376 +/- 0.293
3675,Kepler-1881 b,Kepler-1881,2.98104391,289.0,0.53325,5135.0,K,0.0008052451597937,0.2854391785266649,0.37626243825556005,0.18136663384257193,0.0001460446040498073,0.376 +/- 0.181
3676,TOI-3486 b,TOI-3486,10.5700688,1190.0,0.03138,4930.0,K,0.1662195453458575,0.3798046331880054,0.37605659677025705,0.0920063371531683,0.015293251530537313,0.376 +/- 0.092
3677,TOI-6383 A b,TOI-6383 A,11.29,745.0,0.02292,3444.0,M,0.1027212832986493,0.3992638311926366,0.37605092423989084,0.07247950008541218,0.0074451872616181,0.376 +/- 0.072
3678,HD 217958 b,HD 217958,14.2,155.3927548413512,3.758,5930.64,G,0.1617133744485065,0.3456967831912962,0.3757450784480087,0.11111530870726273,0.017968831523938973,0.376 +/- 0.111
3679,Kepler-577 b,Kepler-577,2.55,314.0,0.1348,4984.0,K,0.0027884626013144,0.3867892411866881,0.37573400812066743,0.04218815839229113,0.00011764010189523204,0.376 +/- 0.042
3680,WASP-73 b,WASP-73,15.91678,1790.0,0.05512,6030.0,F,0.1342296371414992,0.4064581087341213,0.3756763251013729,0.07319944555684556,0.009825535016054304,0.376 +/- 0.073
3681,TOI-3629 b,TOI-3629,8.29464572,690.0,0.043,3870.0,K,0.1396592911911953,0.3785874339033569,0.37553916834901935,0.07184702551676833,0.010034104657867587,0.376 +/- 0.072
3682,TOI-532 b,TOI-532,5.82,867.0,0.0296,3927.0,K,0.1033684596290965,0.3984289598823815,0.37536724564801865,0.06136469182829542,0.006343173669905103,0.375 +/- 0.061
3683,K2-158 b,K2-158,2.64,794.0,0.0887,5503.0,G,0.049750942658346,0.3755720824702798,0.3753194287401934,0.05215892760962462,0.002594955816627255,0.375 +/- 0.052
3684,2MASS J0249-0557 c,2MASS J0249-0557 A,17.37392009,1723.0,1950.0,2859.0,M,0.1549603805136512,0.3877140211379803,0.37517593471897387,0.07317103805169713,0.01133861189906984,0.375 +/- 0.073
3685,TOI-530 b,TOI-530,9.30345398,565.0,0.052,3659.0,M,0.1229509100300288,0.3944026652330406,0.3749207905920293,0.07165148442102398,0.008809615214567329,0.375 +/- 0.072
3686,HD 64121 b,HD 64121,13.2,425.116919256867,1.51,5078.0,K,0.0817873408793301,0.3906739358375874,0.3748381293316641,0.05046386214425105,0.004127305095279382,0.375 +/- 0.050
3687,TOI-1439 b,TOI-1439,4.2427861,748.4,0.192,5841.0,G,0.0499166972533485,0.3826793204497855,0.3747546112195582,0.0864455895555399,0.00431507832273111,0.375 +/- 0.086
3688,Kepler-1116 b,Kepler-1116,2.54,488.0,0.233,5641.0,G,0.0006030242233424,0.3797736654513675,0.3747296184798154,0.026076725756272838,1.5724897296489186e-05,0.375 +/- 0.026
3689,PZ Tel b,PZ Tel,11.9,49.181718618326805,27.0,5169.0,K,0.1873792194014972,0.3207307195507048,0.3747016522034922,0.101963279350675,0.01910579969234628,0.375 +/- 0.102
3690,HD 114082 b,HD 114082,11.2089807,500.9759157252617,0.5109,6651.0,F,0.1155700078204893,0.3751401035855237,0.3744322823797928,0.10268256684602221,0.011867025053422704,0.374 +/- 0.103
3691,Kepler-139 c,Kepler-139,3.38,350.0,0.586,5594.0,G,0.0095468722940593,0.3842913321127734,0.37421811173901887,0.10618637910709135,0.0010137478007039677,0.374 +/- 0.106
3692,HD 187123 b,HD 187123,14.2,1327.1150688832588,0.0426,5790.0,G,0.1894707150633897,0.3898571685887074,0.3741873839951938,0.04933674992007441,0.009347869286260134,0.374 +/- 0.049
3693,HIP 54515 b,HIP 54515,12.2,92.12849467477342,24.8,8100.0,A,0.1310634391964619,0.3034435018206322,0.37391848046411036,0.14520845286237183,0.019031519232539776,0.374 +/- 0.145
3694,NGTS-34 b,NGTS-34,3.65,624.0,0.257,6134.0,F,0.089930079563784,0.3926036787529584,0.37383543937956903,0.09207718967409723,0.008280508993401194,0.374 +/- 0.092
3695,Kepler-517 b,Kepler-517,2.67,467.0,0.28682,5690.0,G,0.0230055267592607,0.3975476204481919,0.3736283907752649,0.044330177779188254,0.0010198390911418994,0.374 +/- 0.044
3696,Kepler-1388 b,Kepler-1388,2.59,434.0,0.0882,4098.0,K,0.0042699572464892,0.3863712213798141,0.3735974715767842,0.0609429083986393,0.00026022361333889743,0.374 +/- 0.061
3697,ups Leo b,ups Leo,14.2,657.7281568546297,1.18,4836.0,K,0.1772940182783391,0.3450551927079633,0.3735117232217124,0.06253802102123977,0.01108761704203084,0.374 +/- 0.063
3698,XO-7 b,XO-7,15.389957,1743.0,0.04421,6250.0,F,0.2255286681269819,0.3484061727768232,0.3733613705582775,0.05989673990735658,0.013508431976454377,0.373 +/- 0.060
3699,WASP-185 b,WASP-185,14.01125,1160.0,0.0904,5900.0,G,0.1706728126226205,0.3904321631037487,0.37330703701872037,0.0536807135625939,0.009161838367317151,0.373 +/- 0.054
3700,AB Pic b,AB Pic,12.3,14.452114830324591,260.0,5285.0,G,0.1818727878188032,0.3514651374005146,0.3729349250562315,0.10527175653297764,0.01914606783923495,0.373 +/- 0.105
3701,24 Sex c,24 Sex,13.9,345.12063016753063,2.08,5098.0,K,0.1459248078995455,0.36314141832147,0.3728918374236235,0.046317443458296054,0.0067588640390499125,0.373 +/- 0.046
3702,HIP 39017 b,HIP 39017,12.0,83.29225355979617,22.1,7201.0,F,0.1545573886059753,0.2467783558455416,0.37285866287333075,0.13977087701171995,0.021602621754098376,0.373 +/- 0.140
3703,Kepler-903 c,Kepler-903,2.53,462.0,0.30249,5682.0,G,0.0006761765193947,0.3820669168718298,0.37268320485522155,0.04898998947625824,3.3125880569239276e-05,0.373 +/- 0.049
3704,NGTS-11 b,NGTS-11,9.157753,435.0,0.201,5050.0,K,0.1206474886045276,0.3895097043411444,0.3725157278565114,0.07377010407192688,0.008900177790372615,0.373 +/- 0.074
3705,HD 180902 b,HD 180902,13.5,377.18689188901953,1.4,4961.0,K,0.1054263362728292,0.3903872515503024,0.37239379837347464,0.0767963286673724,0.008096355570605117,0.372 +/- 0.077
3706,K2-141 c,K2-141,7.0,695.0,0.0683,4570.0,K,0.1615874487842254,0.2671677325765441,0.37227333876494195,0.10776027233598305,0.017412707487064843,0.372 +/- 0.108
3707,HD 108147 b,HD 108147,10.9,890.0,0.102,6255.73,F,0.203279621014125,0.3434230196560578,0.37219780560678944,0.05309433926228035,0.010792997163231725,0.372 +/- 0.053
3708,K2-118 b,K2-118,2.54,360.9733902115194,0.245,4726.29,K,0.0150060508651673,0.3744166280481619,0.3718882865573057,0.07024043121251247,0.0010540314835662471,0.372 +/- 0.070
3709,Kepler-540 b,Kepler-540,2.71,355.0,0.58822,5946.0,G,0.0124126741026548,0.3955056534451833,0.3718212962448274,0.06414560744337938,0.0007962185203114963,0.372 +/- 0.064
3710,Kepler-676 b,Kepler-676,3.04,396.0,0.0798,3701.0,K,0.0182363873150729,0.3883770128365633,0.3716865865782039,0.09331711467939076,0.001701767046418445,0.372 +/- 0.093
3711,HAT-P-49 b,HAT-P-49,17.82231,2131.0,0.04378,6820.0,F,0.1755519047891866,0.3818027522982111,0.3713709355568845,0.05668894451528655,0.009951852190147067,0.371 +/- 0.057
3712,Kepler-1018 b,Kepler-1018,2.58,498.0,0.253,5518.0,G,0.0008484701983778,0.3762406788971363,0.371284571848806,0.015604663336519683,1.3240091796755639e-05,0.371 +/- 0.016
3713,HD 30856 b,HD 30856,13.5,332.9644654148253,1.85,4895.0,K,0.0807850945126408,0.3723101426855744,0.37123214709372915,0.08958079969207196,0.007236793369641978,0.371 +/- 0.090
3714,HD 62364 c,HD 62364,12.0,53.69627494192363,36.984,6255.0,F,0.1763838303442699,0.3252667909653485,0.37106196834397265,0.07512578283658042,0.013250973334327865,0.371 +/- 0.075
3715,HATS-71 b,HATS-71,11.478016,586.8,0.03745,3405.0,M,0.1495338832987891,0.3891895470700771,0.3708925627239651,0.09419065069307435,0.01408469376857519,0.371 +/- 0.094
3716,Kepler-1548 b,Kepler-1548,2.64,350.0,0.4679,5706.0,G,0.0006076021531513,0.3851739290484062,0.3703817208770625,0.05636239744644776,3.424591404523099e-05,0.370 +/- 0.056
3717,TOI-1246 d,TOI-1246,3.43139739,587.77,0.132,5213.0,G,0.074918073185592,0.3691993213439034,0.37022286683873173,0.0844323126451529,0.00632550617797835,0.370 +/- 0.084
3718,HD 82886 b,HD 82886,13.3,398.6000727858813,1.58,4953.0,K,0.0841981100181587,0.3607420801927879,0.37002914592730707,0.058341393115432454,0.0049122350361458286,0.370 +/- 0.058
3719,TOI-5786 b,TOI-5786,8.54,1040.0,0.114,6235.0,F,0.15345240681517,0.3547510488730722,0.36997760139594305,0.060101634607450445,0.009222740484039186,0.370 +/- 0.060
3720,TOI-2000 c,TOI-2000,8.14,1038.0,0.0878,5611.0,G,0.1498796723634936,0.3878375212377258,0.36984217906260763,0.0839363686884876,0.012580355438411923,0.370 +/- 0.084
3721,HD 40956 b,HD 40956,13.2,531.0279205259742,1.4,4869.0,K,0.0934898126418315,0.3268468270510606,0.36941428217775507,0.079557161603778,0.007437784132653116,0.369 +/- 0.080
3722,HAT-P-27 b,HAT-P-27,11.43,1091.99,0.04,5316.0,G,0.1345041358372415,0.3788380720092919,0.3694052616085459,0.061943408899851546,0.008331644684887425,0.369 +/- 0.062
3723,Kepler-977 b,Kepler-977,2.62,544.0,0.162,5315.0,G,0.002136866392486,0.3733756976915934,0.3691512838488821,0.05200974553427193,0.00011113787731393452,0.369 +/- 0.052
3724,HAT-P-18 b,HAT-P-18,11.153,852.0,0.0559,4803.0,K,0.2091303220649322,0.3484283594506333,0.36911861541478425,0.06899456216854671,0.014428855007037162,0.369 +/- 0.069
3725,CoRoT-7 c,CoRoT-7,2.83,1004.8624801086886,0.046,5256.0,G,0.0606259169842221,0.3866597902765995,0.36907484123872514,0.09211522299967646,0.005584569862561492,0.369 +/- 0.092
3726,TOI-1789 b,TOI-1789,16.14093221,1927.0,0.04882,5991.0,G,0.234802187364899,0.3292925791771839,0.36889805286326394,0.07782861837121396,0.018274329833149,0.369 +/- 0.078
3727,Kepler-849 b,Kepler-849,8.08167508,362.7,1.137,5950.0,G,0.013269708417027,0.3525609923851222,0.3687809022670503,0.17587831986197658,0.0023338540214450374,0.369 +/- 0.176
3728,WASP-32 b,WASP-32,10.76064,1388.0,0.0394,6140.0,F,0.1144729429054712,0.4141978694986173,0.3687405219788361,0.08641025497909378,0.009891636184669012,0.369 +/- 0.086
3729,HD 181342 b,HD 181342,13.2,375.1543053612861,1.592,4945.0,K,0.0900056525668352,0.3823627248198741,0.3686930618528157,0.03918968911989494,0.0035272935431275455,0.369 +/- 0.039
3730,2MASS J02192210-3925225 b,2MASS J02192210-3925225,16.14096,5.735672409491408,156.0,3064.0,M,0.2009158297626985,0.3685352375508183,0.3686633263752115,0.12383404091375676,0.024880219083055394,0.369 +/- 0.124
3731,Kepler-1388 d,Kepler-1388,2.86,363.0,0.126,4098.0,K,0.0045153042259114,0.3805804333233462,0.36865758830707435,0.07250746188043145,0.0003273932490388219,0.369 +/- 0.073
3732,Kepler-995 b,Kepler-995,2.7,517.0,0.1701,5206.0,G,0.0019243921116352,0.3702799224581053,0.36833185647044925,0.04401516752074313,8.470244116921995e-05,0.368 +/- 0.044
3733,HD 75784 b,HD 75784,13.8,389.64191865090265,1.032,4867.0,K,0.1276716169283116,0.3778105636508331,0.3682289575620176,0.06794283787364275,0.008674371970026098,0.368 +/- 0.068
3734,HD 110014 b,HD 110014,12.4,612.6927463634798,2.14,4445.0,K,0.1095304370606814,0.318703976975602,0.3681577788260545,0.09984730848501247,0.010936319337696098,0.368 +/- 0.100
3735,K2-58 b,K2-58,2.68,841.664331050359,0.0692,5413.0,G,0.0550590129798949,0.3765185124841491,0.36787103322568754,0.04001392139529468,0.002203127017480024,0.368 +/- 0.040
3736,HIP 107773 b,HIP 107773,13.4,875.4548628454609,0.72,4945.0,K,0.1047925283165766,0.3926376920670708,0.3677221821958673,0.06871997692982107,0.007201340128332765,0.368 +/- 0.069
3737,Kepler-396 b,Kepler-396,3.5,496.0,0.24067,5656.0,G,0.0432869908465475,0.3873152733246957,0.36758146547173537,0.07894777476141711,0.0034174116034527565,0.368 +/- 0.079
3738,TOI-1181 b,TOI-1181,17.02644168,1942.12,0.0364,6054.0,F,0.2041137326746105,0.3803869118866922,0.36754716628372414,0.05830030778162702,0.011899893437386533,0.368 +/- 0.058
3739,TOI-1768.01,TOI-1768,3.453,1566.0,0.076381,5994.0,G,0.0880904089364916,0.3663744367868601,0.36746100309736357,0.05654779133191131,0.0049813180628834625,0.367 +/- 0.057
3740,HD 33844 b,HD 33844,13.4,393.5181151754806,1.6,4861.0,K,0.1041666973070726,0.3633596510958055,0.36735413833707475,0.04683276403353737,0.004878414355135044,0.367 +/- 0.047
3741,TOI-849 b,TOI-849,3.64,1932.0,0.0155,5257.0,G,0.0388655771022365,0.3820730533738037,0.3672866011415487,0.0613743238266428,0.0023853485147820163,0.367 +/- 0.061
3742,Kepler-20 c,Kepler-20,2.894,828.0,0.0936,5495.0,G,0.0236327484405008,0.3753131540444831,0.3670464455628724,0.06523219031724342,0.001541615943990286,0.367 +/- 0.065
3743,HD 158038 b,HD 158038,13.5,371.2800498386104,1.5,4860.0,K,0.1161819474361485,0.3424622358470368,0.366986888129201,0.058915992092723087,0.0068449746964652945,0.367 +/- 0.059
3744,Kepler-1550 b,Kepler-1550,3.02,348.0,0.7681,5991.0,G,0.0009096574119926,0.3569169278499836,0.36694022085901135,0.09177652437668934,8.348519564617499e-05,0.367 +/- 0.092
3745,Kepler-944 b,Kepler-944,2.63,459.0,0.2288,5409.0,G,0.0006884105491189,0.3731452880106949,0.36681325821937616,0.038811889447530466,2.6718514126916486e-05,0.367 +/- 0.039
3746,Kepler-1266 b,Kepler-1266,2.58,489.0,0.16431,5044.0,K,0.000581294601411,0.376907126881481,0.3663133633797669,0.03568581832503379,2.074397353927588e-05,0.366 +/- 0.036
3747,TOI-1859 b,TOI-1859,9.75181321,615.0,0.337,6341.0,F,0.2055914124463471,0.3431048511032264,0.3662731168876132,0.06579677239246136,0.013527251370576948,0.366 +/- 0.066
3748,TOI-858 B b,TOI-858 B,14.06727078,1529.0,0.04435,5842.0,G,0.1770500241209925,0.3941762336100891,0.365886390395447,0.06967073601235578,0.012335205491514891,0.366 +/- 0.070
3749,HD 83443 b,HD 83443,14.1,1154.9526097680396,0.0406,5442.0,G,0.1992960633531637,0.3589805170797085,0.36564715452106505,0.05320432337933521,0.010603412202870198,0.366 +/- 0.053
3750,Kepler-487 c,Kepler-487,2.68,487.0,0.21864,5444.0,G,0.0006385339123343,0.3713634598869327,0.36563454408922086,0.02988323960937669,1.9081461900998616e-05,0.366 +/- 0.030
3751,Kepler-1333 b,Kepler-1333,2.81,428.0,0.4382,5628.0,G,0.0008777443464993,0.3713622683335434,0.36530891811352323,0.020666939247031484,1.8140289083526386e-05,0.365 +/- 0.021
3752,HD 72490 b,HD 72490,13.5,353.48075656319907,1.88,4934.0,K,0.0848082202199817,0.3777806974872127,0.365261181134823,0.07057401480080222,0.005985256589034683,0.365 +/- 0.071
3753,Kepler-1453 b,Kepler-1453,2.67,503.0,0.262,5665.0,G,0.0005358440925149,0.3701507601308628,0.3652073489622123,0.017297154325286543,9.268577962523345e-06,0.365 +/- 0.017
3754,TOI-4145 A b,TOI-4145 A,13.30506009,1074.0,0.04823,5281.0,G,0.167328268865889,0.3847382503625633,0.3650872820938069,0.06778619488719213,0.011342546643479636,0.365 +/- 0.068
3755,HIP 111909 c,HIP 111909,13.9,327.12848913400643,1.97,4891.0,K,0.1243390955311279,0.3327578761212251,0.3650058023961638,0.09020629294099841,0.01121616887549971,0.365 +/- 0.090
3756,Kepler-572 b,Kepler-572,2.58,553.0,0.1192,5212.0,G,0.0033036595256356,0.3737453864205827,0.3649672479430471,0.028682107951459267,9.4755919149147e-05,0.365 +/- 0.029
3757,TOI-5126 c,TOI-5126,3.86,971.0,0.1439,6150.0,F,0.097155882134641,0.3773151033244654,0.3648626065411784,0.06958760906546213,0.0067608455443955145,0.365 +/- 0.070
3758,Kepler-1043 b,Kepler-1043,2.55,532.0,0.2159,5629.0,G,0.0008036983077077,0.3710049864942761,0.364647207016055,0.021448894052181006,1.7238439851939627e-05,0.365 +/- 0.021
3759,HD 207832 b,HD 207832,14.2,311.24490873634187,0.586,5726.0,G,0.1664161326411641,0.3363835607398555,0.36463191772024817,0.09332781814133533,0.0155312545629189,0.365 +/- 0.093
3760,HD 155358 b,HD 155358,13.8,385.4729322774667,0.63,5905.0,G,0.19394710643697,0.2994833452751783,0.36447496166388593,0.11144123104844206,0.021613704299619157,0.364 +/- 0.111
3761,Kepler-1681 b,Kepler-1681,2.55321772,442.0,0.32,5756.4,G,0.0009171273798787,0.3660381872845073,0.36404973082512343,0.06040112141417993,5.5395522224322075e-05,0.364 +/- 0.060
3762,Kepler-1684 b,Kepler-1684,2.87084792,347.0,0.2253,4706.54,K,0.0015504174498806,0.3736350302773789,0.36388320006005476,0.0668769151747653,0.0001036871362811408,0.364 +/- 0.067
3763,NGTS-30 b,NGTS-30,10.40193409,500.0,0.408,5455.0,G,0.1200073801188436,0.3695225246340404,0.36375172429889135,0.0791835340110724,0.009502608465220146,0.364 +/- 0.079
3764,Kepler-1023 b,Kepler-1023,2.63,524.0,0.30284,5494.0,G,0.0013777893657266,0.371778452325039,0.3637460248636118,0.026634017618736825,3.66960662416705e-05,0.364 +/- 0.027
3765,Kepler-122 e,Kepler-122,2.6,618.0,0.227,6050.0,F,0.0006467346720725,0.3567580295525864,0.3637363655968736,0.1012110041372469,6.545666557083082e-05,0.364 +/- 0.101
3766,Kepler-1726 b,Kepler-1726,2.50861954,582.0,0.12794,5316.0,G,0.0073976141894435,0.3541383620994131,0.36314468723034543,0.08235735143543962,0.0006092479115837932,0.363 +/- 0.082
3767,Kepler-722 c,Kepler-722,2.82,401.0,0.4471,5863.0,G,0.000552834937576,0.3724160482170253,0.3631259310102225,0.01760843537906724,9.734558273597668e-06,0.363 +/- 0.018
3768,K2-290 b,K2-290,3.06,1230.0,0.0923,6302.0,F,0.0195835998701896,0.3880001776338287,0.3626319187807637,0.10964295614097955,0.002147203781649691,0.363 +/- 0.110
3769,Kepler-159 c,Kepler-159,3.41,275.0,0.218,4625.0,K,0.0105103151022824,0.3322144084884525,0.3623551611485943,0.12672753202721612,0.0013319462937406263,0.362 +/- 0.127
3770,Kepler-580 b,Kepler-580,2.57,558.0,0.0683,4298.0,K,0.0134718275990818,0.3809545644020705,0.36231954545093875,0.05446263293846273,0.0007337112015390437,0.362 +/- 0.054
3771,K2-138 g,K2-138,3.013,445.0,0.23109,5356.3,G,0.0476318595179255,0.3158894098166988,0.36228959068150607,0.14660779762522314,0.00698320202071708,0.362 +/- 0.147
3772,TOI-332 b,TOI-332,3.2,1871.0,0.0159,5251.0,G,0.0368557110565388,0.3548575873112157,0.36223660078515196,0.08252481339356775,0.003041510677428116,0.362 +/- 0.083
3773,Kepler-1411 b,Kepler-1411,2.82,441.0,0.4001,5664.0,G,0.0005549709285253,0.3652169058415751,0.36177389798724924,0.03161513230307535,1.754547932968793e-05,0.362 +/- 0.032
3774,HD 81688 b,HD 81688,13.5,876.8685922969513,0.648,4797.0,K,0.1273067431441061,0.3340801380087486,0.36162398654845695,0.06038638264346883,0.0076875937045937925,0.362 +/- 0.060
3775,Kepler-902 b,Kepler-902,2.54,556.0,0.223,5647.0,G,0.0007481905924869,0.3732863925069147,0.36149483070251154,0.029254720314427034,2.188810652508971e-05,0.361 +/- 0.029
3776,HD 25723 b,HD 25723,13.3,638.8146066679606,1.49,4766.0,K,0.0951659752099,0.3670368992993475,0.3614245441916697,0.057311001026667245,0.0054540573029583685,0.361 +/- 0.057
3777,2MASS J22501512+2325342 b,2MASS J22501512+2325342,11.9,1600.0,518.0,3352.0,M,0.1692663440538026,0.331413942426682,0.36129012347268274,0.09137291153144288,0.015466358680478876,0.361 +/- 0.091
3778,Kepler-1102 b,Kepler-1102,2.66,546.0,0.2731,5724.0,G,0.0007728029222786,0.3637442123704398,0.36122536166690467,0.01540818029591769,1.1907486759680736e-05,0.361 +/- 0.015
3779,TOI-564 b,TOI-564,11.43318,1714.0,0.02734,5640.0,G,0.1201314874177509,0.3804398150890458,0.3611468085714464,0.06910669863352767,0.008301890497375933,0.361 +/- 0.069
3780,Kepler-1045 b,Kepler-1045,2.69,512.0,0.1616,5301.0,G,0.0006653359541271,0.3688836990312611,0.3607884946703044,0.028984798662945763,1.928462867359291e-05,0.361 +/- 0.029
3781,Kepler-1996 c,Kepler-1996,2.81,276.0,0.3608,4580.0,K,0.0055551846316979,0.2626003690382213,0.3607195992318098,0.162604574035084,0.000903298430723482,0.361 +/- 0.163
3782,HD 32518 b,HD 32518,13.2,837.9197374909864,0.594,4580.0,K,0.0884672542134558,0.3967765669874173,0.36071195096068026,0.07392535059636249,0.006539972784027247,0.361 +/- 0.074
3783,Kepler-665 b,Kepler-665,2.6,593.0,0.1148,4913.0,K,0.0016397037053582,0.369736926263573,0.36032552569409504,0.030598229889709814,5.0172030927559206e-05,0.360 +/- 0.031
3784,Kepler-26 c,Kepler-26,2.72,385.0,0.10725,3914.0,K,0.0122987091528302,0.3394336202153097,0.35994105897151263,0.15051369409737253,0.0018511241472216403,0.360 +/- 0.151
3785,K2-95 b,K2-95,3.31,474.0,0.0525,3566.0,M,0.0551125513163225,0.3247984546184151,0.3598454131613721,0.09442372251457518,0.00520393225256272,0.360 +/- 0.094
3786,Kepler-1036 b,Kepler-1036,3.01,326.0,0.47726,5533.0,G,0.0042219787548549,0.3616588914907638,0.3597452313558449,0.07371637809745055,0.0003112289822122873,0.360 +/- 0.074
3787,Kepler-413 b,Kepler-413,4.347,306.38239941488024,0.3553,4700.0,K,6.256323177049593e-05,0.3589564082867964,0.35962432193369925,0.14907785433331985,9.326792352503722e-06,0.360 +/- 0.149
3788,HD 33844 c,HD 33844,13.5,329.48387500837646,2.24,4861.0,K,0.1041666973070726,0.3433104270483348,0.3593621176686069,0.07744901694335564,0.008067608304668865,0.359 +/- 0.077
3789,Kepler-1700 b,Kepler-1700,2.90129941,329.0,0.76094,6031.0,F,0.0016131280742637,0.3483931204683308,0.3590257860865906,0.13179883178096902,0.00021260839570103987,0.359 +/- 0.132
3790,TIC 172900988 b,TIC 172900988 Aa,11.25,330.41620114971914,0.90281,6050.0,F,0.0243912015402231,0.3138692093872666,0.35825183221874257,0.2123394595388551,0.005179214552554263,0.358 +/- 0.212
3791,WASP-65 b,WASP-65,12.464,1480.0,0.0334,5600.0,G,0.121117648109334,0.3830012995294695,0.3581274286725536,0.05916304707780643,0.007165689117045721,0.358 +/- 0.059
3792,Kepler-660 b,Kepler-660,2.57,649.0,0.0759,4779.0,K,0.0021504814921602,0.3644411838345378,0.3575663550223408,0.028841810861608315,6.20237804582737e-05,0.358 +/- 0.029
3793,Kepler-219 d,Kepler-219,2.81,598.0,0.272,5786.0,G,0.0008979116435916,0.3677217020772377,0.35754402628366294,0.09432966007707501,8.469970011924335e-05,0.358 +/- 0.094
3794,Kepler-1314 b,Kepler-1314,5.11,625.0,0.0504,4188.0,K,0.0768326362942575,0.37075741626453,0.35734917451315734,0.08495019123520742,0.006526947146302313,0.357 +/- 0.085
3795,NGTS-35 b,NGTS-35,10.9,451.0,0.16,4717.0,K,0.1331030379718213,0.3404710813398411,0.35686868305028746,0.07035416273744331,0.009364352794317613,0.357 +/- 0.070
3796,Kepler-1789 b,Kepler-1789,2.83137505,380.0,0.3543,5436.0,G,0.0018809219290811,0.3713944780374227,0.35684508523290004,0.033287295256775366,6.261080360826607e-05,0.357 +/- 0.033
3797,Kepler-879 b,Kepler-879,2.57,580.0,0.2012,5792.0,G,0.0009162040142155,0.3680369905202902,0.35646934249548967,0.029995322586727057,2.7481834961648185e-05,0.356 +/- 0.030
3798,TOI-6651 b,TOI-6651,5.09,1493.0,0.0633,5940.0,G,0.06740827760888,0.3652046811149821,0.3563439973475091,0.06643036096696794,0.004477956213719481,0.356 +/- 0.066
3799,EPIC 212737443 c,EPIC 212737443,2.69,316.0,0.28,4684.0,K,0.0122722319532601,0.3639225430139768,0.35633745168981484,0.06184979416524859,0.000759035020257324,0.356 +/- 0.062
3800,Kepler-1129 c,Kepler-1129,2.73,503.0,0.35367,5831.0,G,0.0005157509885934,0.3623995610839142,0.3563193127388735,0.019781321520223653,1.0202236129739248e-05,0.356 +/- 0.020
3801,Kepler-1359 b,Kepler-1359,2.83,369.0,0.26657,4709.0,K,0.0017333881526863,0.3306080119273638,0.3560649198487177,0.10206148900444306,0.0001769121758858247,0.356 +/- 0.102
3802,Kepler-1118 b,Kepler-1118,2.74,502.0,0.2079,5688.0,G,0.0007295035572507,0.3629517637562696,0.35578196560284464,0.022323300443578768,1.628492708316684e-05,0.356 +/- 0.022
3803,HIP 65407 b,HIP 65407,14.3,558.5816612968471,0.177,5460.0,G,0.1617381184876678,0.3302725258324981,0.3555071486860929,0.0974220807768552,0.01575686404400215,0.356 +/- 0.097
3804,Kepler-1458 b,Kepler-1458,2.76,493.0,0.24869,5653.0,G,0.0027507554505609,0.3682815703411379,0.3553330355911819,0.03261515468158286,8.97163145112509e-05,0.355 +/- 0.033
3805,TOI-3364 b,TOI-3364,12.22899794,1264.0,0.0675,5706.0,G,0.1198628090353606,0.3834276067994092,0.3549015223606772,0.06664223976111361,0.007987926058175075,0.355 +/- 0.067
3806,Kepler-581 b,Kepler-581,2.63,521.0,0.2259,5772.0,G,0.0011733214419586,0.3696065895058724,0.35464256941755773,0.03208685939132136,3.764820012894803e-05,0.355 +/- 0.032
3807,TOI-1422 b,TOI-1422,3.83,870.0,0.107,5840.0,G,0.0993009824555978,0.3864052944683129,0.3546225509890793,0.09558771246673475,0.009491953758629955,0.355 +/- 0.096
3808,Kepler-985 b,Kepler-985,2.98,323.0,0.44664,5434.0,G,0.0022557050926957,0.3632168703145241,0.3544400040200371,0.06222397703334971,0.0001403589418819072,0.354 +/- 0.062
3809,Kepler-1897 b,Kepler-1897,2.81407954,505.0,0.1546,5165.0,K,0.0005089742180736,0.3585581657257049,0.3543904686854393,0.03941624602084573,2.0061852997856603e-05,0.354 +/- 0.039
3810,Kepler-945 b,Kepler-945,2.63,616.0,0.2037,5718.0,G,0.0003864779157572,0.3613345606966721,0.3543889404600006,0.02920223270076602,1.12860180296488e-05,0.354 +/- 0.029
3811,Kepler-782 b,Kepler-782,3.21,350.0,0.54494,5867.0,G,0.0093662360964361,0.3673207236268385,0.3543616940410847,0.0661823137756492,0.0006198791762311457,0.354 +/- 0.066
3812,KIC 9663113 b,KIC 9663113,4.6,264.0,1.55346,6065.0,F,0.0057008576711628,0.1985246745961514,0.35401940444140323,0.2438847708722403,0.001390352366906793,0.354 +/- 0.244
3813,HD 148164 b,HD 148164,13.7,309.06072915716175,0.993,6032.0,F,0.1386304104987209,0.2742046301885712,0.35391465260646743,0.1165588658950755,0.016158603426299677,0.354 +/- 0.117
3814,K2-119 b,K2-119,2.53,666.0,0.0698,4740.0,K,0.009492144577442,0.3663764938781373,0.35382098489343267,0.0530633283853273,0.0005036847847938086,0.354 +/- 0.053
3815,K2-138 e,K2-138,3.39,757.0,0.0782,5356.3,G,0.0498447051267029,0.3640065860759934,0.3536231040119412,0.062448691791588455,0.0031127366279000783,0.354 +/- 0.062
3816,TrES-3 b,TrES-3,14.975,1638.0,0.02282,5650.0,G,0.1481999398332354,0.3481249257188708,0.3535906621986527,0.09196929618633204,0.013629844161319415,0.354 +/- 0.092
3817,TOI-1272 b,TOI-1272,4.13204907,975.0,0.0417,5065.0,K,0.1009179954408263,0.3447209841908484,0.3535600276458397,0.08513156521729025,0.008591306910468905,0.354 +/- 0.085
3818,HD 11506 c,HD 11506,14.0,342.49373375693244,0.771,6123.0,F,0.1796790986673797,0.3163497974045302,0.3534835939651911,0.08002715133071711,0.014379206420021245,0.353 +/- 0.080
3819,HAT-P-21 b,HAT-P-21,12.44199,1367.0,0.05037,5588.0,G,0.1141669455849214,0.3526889883916875,0.3534100265754468,0.061358742208515685,0.00700514018287883,0.353 +/- 0.061
3820,HD 38529 b,HD 38529,14.1,1252.6242632102596,0.115,5697.0,G,0.1964178886783448,0.3024877377964577,0.35320890608966843,0.09342294876439367,0.018349938350407387,0.353 +/- 0.093
3821,Kepler-1237 b,Kepler-1237,2.86,366.0,0.3778,5472.0,G,0.000659003054858,0.3703512470100598,0.3530677341040049,0.04299561540099302,2.833424189475407e-05,0.353 +/- 0.043
3822,K2-319 b,K2-319,2.79,641.0,0.1516,5440.0,G,0.0410585174910919,0.3640691998816772,0.3530382568199785,0.05961567246595605,0.0024477311306866623,0.353 +/- 0.060
3823,HD 180314 b,HD 180314,12.0,546.6565524682778,1.448,4917.0,K,0.0882490097384326,0.2540356956559753,0.3529452222519897,0.10982014664204515,0.009691519190489937,0.353 +/- 0.110
3824,TOI-1794 b,TOI-1794,3.29701268,992.91,0.082,5631.0,G,0.0855647747855988,0.3418715277946084,0.35290982998495546,0.09204971418855012,0.00787621306362203,0.353 +/- 0.092
3825,HD 152079 b,HD 152079,13.2,135.23053223661495,4.187,5907.0,G,0.1245733220469345,0.2833145024404114,0.3528000023422387,0.12668320990968798,0.015781348306018964,0.353 +/- 0.127
3826,Kepler-1419 b,Kepler-1419,2.86,510.0,0.2391,5796.0,G,0.0004631192759665,0.3557003772349445,0.3523527227604311,0.030657331258927667,1.419800105569973e-05,0.352 +/- 0.031
3827,Kepler-549 b,Kepler-549,2.57,487.0,0.23236,5360.0,G,0.0017616891876576,0.3631529507930253,0.3522011627646021,0.026725153487105833,4.708141393672415e-05,0.352 +/- 0.027
3828,TOI-3593 b,TOI-3593,11.02963701,1170.0,0.0481,5550.0,G,0.1181700481282126,0.3516478017265375,0.35206419623036955,0.07738536560522502,0.009144632377988769,0.352 +/- 0.077
3829,Kepler-57 b,Kepler-57,3.135,850.0,0.05988,5187.9,K,0.0011211361374142,0.3675291653205277,0.3517298122289707,0.09905240174195597,0.0001110512270905761,0.352 +/- 0.099
3830,HD 177830 c,HD 177830,7.87,492.9672109155352,0.5137,4949.0,K,0.1601496154164173,0.3125347846269864,0.3514482178540017,0.07816192973273417,0.012517602986902411,0.351 +/- 0.078
3831,HD 45652 b,HD 45652,14.3,465.027255473155,0.237,5294.0,G,0.211715094010375,0.2600539595361996,0.3514180433722942,0.11448750201985004,0.02423873225314555,0.351 +/- 0.114
3832,Kepler-892 b,Kepler-892,2.81,556.0,0.1015,4747.0,K,0.0018651262300602,0.3604672689924682,0.3513306216323421,0.05007965799291054,9.34048837150214e-05,0.351 +/- 0.050
3833,Kepler-1490 b,Kepler-1490,3.04,348.0,0.3729,5515.0,G,0.0007358776126615,0.3643301878185742,0.3510138227720035,0.03520564125328535,2.590704323768484e-05,0.351 +/- 0.035
3834,Kepler-385 b,Kepler-385,2.73,951.0,0.097,6326.0,F,0.0003284194890119,0.3540128409880362,0.3509489318267954,0.09100903758610054,2.9889141619491942e-05,0.351 +/- 0.091
3835,Kepler-819 b,Kepler-819,2.76,485.0,0.1894,5279.0,G,0.0015583703911076,0.3677209082957408,0.350873608037385,0.04144935845144037,6.459345294113024e-05,0.351 +/- 0.041
3836,Kepler-1134 b,Kepler-1134,2.64,611.0,0.1242,5281.0,G,0.0005381841031832,0.3587088028252575,0.3507037781692591,0.05786910303551166,3.114423131918304e-05,0.351 +/- 0.058
3837,Kepler-48 c,Kepler-48,2.71,736.0,0.08633,5194.0,K,0.0173611638558409,0.3925851170931617,0.35068159608933924,0.12489249777033337,0.002168279118156002,0.351 +/- 0.125
3838,Kepler-1140 b,Kepler-1140,2.77,500.0,0.1478,4850.0,K,0.0011394852236276,0.3645602760569639,0.35063965901641486,0.041186466737515144,4.693137026082815e-05,0.351 +/- 0.041
3839,Kepler-201 c,Kepler-201,2.85,378.0,0.573,6065.0,F,0.0023360876328248,0.37335642063602,0.35061889019995085,0.04357239841115885,0.00010178894106082315,0.351 +/- 0.044
3840,Kepler-1241 b,Kepler-1241,2.63,612.0,0.1336,5261.0,G,0.0005475932565666,0.3598921140663729,0.3503794460018721,0.036236157243921624,1.9842675350658434e-05,0.350 +/- 0.036
3841,HD 116029 b,HD 116029,13.6,365.90985028543184,1.65,4819.0,K,0.087473201217799,0.3610340946531243,0.350347776191012,0.09168236987597095,0.008019750388285481,0.350 +/- 0.092
3842,Kepler-277 c,Kepler-277,3.36,778.0,0.21781,5946.0,G,0.0008865329233008,0.3735889217629755,0.3502371560103091,0.07420809760957674,6.578792170640917e-05,0.350 +/- 0.074
3843,Kepler-1321 d,Kepler-1321,2.62843782,509.0,0.0501,3640.0,M,0.0008129114456174,0.3410605417174825,0.35017936658329385,0.09963978503310847,8.099832169227118e-05,0.350 +/- 0.100
3844,TOI-1338 b,TOI-1338 A,7.661,254.65,0.4607,5723.2,G,0.0378897289797167,0.2372083284308007,0.35005372073972324,0.22642015356091183,0.008578998253968786,0.350 +/- 0.226
3845,HAT-P-19 b,HAT-P-19,11.29865255,981.2,0.04599,4962.0,K,0.1595430246664969,0.3435126185339519,0.34992205052014147,0.06633546194488381,0.010583360241336064,0.350 +/- 0.066
3846,HD 88133 b,HD 88133,13.8,1611.751875763909,0.0479,5392.0,G,0.1436901829771301,0.3381366564556459,0.3496589191098967,0.1152003933208749,0.01655316559531387,0.350 +/- 0.115
3847,HD 208487 b,HD 208487,14.3,400.2575646017135,0.53,6134.0,F,0.1910074580480329,0.3337924415333064,0.34965110653000875,0.0516428112374572,0.009864162100921088,0.350 +/- 0.052
3848,Kepler-1184 b,Kepler-1184,2.68,529.0,0.2863,5983.0,G,0.0005136450903477,0.3541172933041593,0.3496135204898104,0.02330904885420829,1.197257850463877e-05,0.350 +/- 0.023
3849,Kepler-478 b,Kepler-478,2.71,640.0,0.1032,5210.0,G,0.0059991043144598,0.3668571704944433,0.34960763526305233,0.040901870783467506,0.00024537458948657715,0.350 +/- 0.041
3850,HD 190984 b,HD 190984,13.0,139.2999239806123,5.5,5988.0,G,0.0681637211015017,0.1837163288169011,0.34932565037200636,0.23205603801803124,0.01581780305538056,0.349 +/- 0.232
3851,TOI-1408 b,TOI-1408,25.0,1293.0,0.05778,6117.0,F,0.1956782901101547,0.3035415954922842,0.34917301172141074,0.09277030994213514,0.01815313562246609,0.349 +/- 0.093
3852,Kepler-24 c,Kepler-24,2.514,915.0,0.10612,6028.0,F,0.0005861741489081,0.3471758114734777,0.34912888447403895,0.09977076284780147,5.8483041998221906e-05,0.349 +/- 0.100
3853,Kepler-411 e,Kepler-411,3.28,503.0,0.186,4974.0,K,0.0645230467966123,0.360101274372246,0.3486285280408431,0.08407753930509194,0.005424939003126458,0.349 +/- 0.084
3854,Kepler-466 b,Kepler-466,2.85,503.0,0.26769,5927.0,G,0.0050652450881912,0.3556165241734333,0.34862267459380797,0.034292285322319906,0.0001736988297917321,0.349 +/- 0.034
3855,TOI-4010 b,TOI-4010,3.02,1441.0,0.0229,4960.0,K,0.058773046837288,0.3460857486088582,0.34856552622622955,0.059628632021727565,0.003504556382656405,0.349 +/- 0.060
3856,HD 109749 b,HD 109749,11.1,1144.1117368854752,0.0615,5824.0,G,0.1596464167750542,0.3563582689677482,0.3483398947068824,0.05860844531871067,0.009356628287888857,0.348 +/- 0.059
3857,ome Ser b,ome Ser,14.0,754.5559410855215,0.838,4724.0,K,0.139243816859226,0.3423544332218457,0.34810696453121626,0.08215958249652605,0.011440213858376742,0.348 +/- 0.082
3858,Kepler-1535 b,Kepler-1535,2.55,384.0,0.5329,6021.0,F,0.0010605875189426,0.3790438572231525,0.34792089158531986,0.05316742812077158,5.638871067916816e-05,0.348 +/- 0.053
3859,Kepler-361 c,Kepler-361,2.52,568.0,0.3,6169.0,F,0.0010573157344497,0.3694079156234727,0.3479063798151974,0.06675184900244768,7.057778025389844e-05,0.348 +/- 0.067
3860,K2-73 b,K2-73,2.58,968.0,0.07619,5867.0,G,0.025457193522938,0.3290794172499285,0.34779565070618734,0.07227365414487306,0.0018398844001759238,0.348 +/- 0.072
3861,TOI-5126 b,TOI-5126,4.74,1442.0,0.06519,6150.0,F,0.1094796306559994,0.3379302644033017,0.34777381018057635,0.07952469740437765,0.00870633449986138,0.348 +/- 0.080
3862,tau Gem b,tau Gem,12.1,926.2874972830616,1.17,4388.0,K,0.0973597104495444,0.3261722793616537,0.34724737408808704,0.1071555734720581,0.010432635606294458,0.347 +/- 0.107
3863,NGTS-2 b,NGTS-2,17.878355,1468.0,0.063,6478.0,F,0.2070972916959494,0.3798922008334487,0.3471048033595562,0.060182922740355214,0.012463720305874131,0.347 +/- 0.060
3864,Kepler-551 b,Kepler-551,2.73,483.0,0.0893,4286.0,K,0.0155713885564753,0.38422733739738,0.34635955381798744,0.07135268772773541,0.0011110604251574148,0.346 +/- 0.071
3865,HD 180053 b,HD 180053,13.3,496.6563142080809,0.843,5131.0,K,0.0761993151147042,0.3619647305516576,0.3463589402209787,0.06782920483176745,0.005168538952955664,0.346 +/- 0.068
3866,Kepler-599 b,Kepler-599,2.84,623.0,0.1128,5127.0,K,0.0021130023546666,0.3508341260392862,0.3462746697835528,0.034340139788264445,7.256079623218297e-05,0.346 +/- 0.034
3867,Kepler-324 c,Kepler-324,3.15,410.0,0.26,5194.0,K,0.0040321138660914,0.3165217982895222,0.3458732900149844,0.1430604805684691,0.0005768361473898236,0.346 +/- 0.143
3868,TOI-1842 b,TOI-1842,12.3485023,1199.55,0.1,6039.0,F,0.2105616344214446,0.3144284137575452,0.3457480357566098,0.07818180301638121,0.016462088225144656,0.346 +/- 0.078
3869,Kepler-1916 b,Kepler-1916,2.61757235,635.0,0.2053,6246.0,F,0.0002655513499803,0.3599162605058373,0.34568349154154343,0.053245255848613095,1.413934957064567e-05,0.346 +/- 0.053
3870,Kepler-1495 b,Kepler-1495,2.94,443.0,0.3677,5831.0,G,0.0007002817401782,0.3561973697005219,0.3455481336198575,0.026126121375834668,1.8295645741176368e-05,0.346 +/- 0.026
3871,Kepler-1469 b,Kepler-1469,2.8,551.0,0.1466,5507.0,G,0.0005680301011726,0.3569260770808423,0.345519295766474,0.03328225221588774,1.8905321093442704e-05,0.346 +/- 0.033
3872,Kepler-385 d,Kepler-385,2.6186448,535.0,0.2872,5829.0,G,0.0004219919945303,0.3539758309777976,0.34542981790311394,0.036710401364187635,1.5491495491681388e-05,0.345 +/- 0.037
3873,Kepler-1494 b,Kepler-1494,3.07,415.0,0.3982,5659.0,G,0.0007469580419206,0.3544542997554266,0.34533327693707044,0.03837063947565313,2.866125772997514e-05,0.345 +/- 0.038
3874,Kepler-218 d,Kepler-218,2.66,356.0,0.49884,5542.0,G,0.0021340128848677,0.3497706301257577,0.34528288449703465,0.04502589758430057,9.608584559763087e-05,0.345 +/- 0.045
3875,Kepler-921 b,Kepler-921,2.87,492.0,0.2716,5663.0,G,0.0007071038968638,0.3493423125708337,0.34501491718720073,0.027217018396398427,1.924525976910706e-05,0.345 +/- 0.027
3876,HD 5319 b,HD 5319,13.5,345.49044210426257,1.57,4871.0,K,0.0890976068221281,0.3603290552209854,0.34484032292462174,0.05034260090910678,0.004485405262202904,0.345 +/- 0.050
3877,Kepler-1533 b,Kepler-1533,3.46,330.0,0.93416,6431.0,F,0.0029898639641831,0.2933057056680851,0.34476628696958134,0.15307255568272737,0.00045766611814119753,0.345 +/- 0.153
3878,TOI-2196 b,TOI-2196,3.51,1860.0,0.02234,5634.0,G,0.0286194433822143,0.3553706561391752,0.3447298339347036,0.07833015859746495,0.002241765539100015,0.345 +/- 0.078
3879,Kepler-130 c,Kepler-130,2.9,683.0,0.178,5879.0,G,0.0192417018099202,0.3731964100789134,0.3446307498395943,0.05010105469792661,0.0009640295548600054,0.345 +/- 0.050
3880,Kepler-105 b,Kepler-105,2.53,1418.0,0.06016,5933.0,G,0.0048965661810373,0.348369312702612,0.3442927123912721,0.09238130829677667,0.0004523511899659772,0.344 +/- 0.092
3881,Kepler-292 e,Kepler-292,2.67,678.0,0.097,5299.0,G,0.0004441662431907,0.3531582852933966,0.34414000055413835,0.04478983587950505,1.9894133135727784e-05,0.344 +/- 0.045
3882,Kepler-1919 b,Kepler-1919,2.62390658,479.0,0.2107,5513.0,G,0.0004345523530023,0.3663324880376969,0.34399557728489083,0.05541597539367312,2.4081142501238215e-05,0.344 +/- 0.055
3883,WASP-26 b,WASP-26,13.56289,1650.0,0.04,6034.0,F,0.1561349271492466,0.39684960978485,0.3438110413711101,0.08389918035301037,0.013099592412298775,0.344 +/- 0.084
3884,TOI-2368 b,TOI-2368,10.83908434,1000.0,0.05649,5360.0,G,0.1076862006052181,0.3659192079225443,0.3433508405592098,0.06378863613618604,0.006869155867294595,0.343 +/- 0.064
3885,EPIC 212737443 b,EPIC 212737443,2.586,536.0,0.098,4684.0,K,0.0119797847300689,0.3382184538320271,0.3433140174665537,0.06293243587872255,0.0007539170343659605,0.343 +/- 0.063
3886,Kepler-1369 b,Kepler-1369,2.69,667.0,0.1741,5761.0,G,0.0005346292928705,0.3461004578220258,0.3431708607146522,0.01686338484195652,9.015659513458324e-06,0.343 +/- 0.017
3887,Kepler-1183 b,Kepler-1183,2.82,555.0,0.1793,5765.0,G,0.0005230784819007,0.3517856708944548,0.3429387031187936,0.024039818839137785,1.2574711943544039e-05,0.343 +/- 0.024
3888,Kepler-531 b,Kepler-531,2.78,453.0,0.17446,4893.0,K,0.0289330592943012,0.3841213023877888,0.3427290776500515,0.07044488813916483,0.0020381861255108712,0.343 +/- 0.070
3889,HATS-57 b,HATS-57,12.767051,1413.4,0.03493,5587.0,G,0.1036728662295218,0.3759675399664837,0.34243566944244397,0.06510990431947088,0.006750130400729468,0.342 +/- 0.065
3890,HD 22532 b,HD 22532,13.4,384.54061183830174,1.9,5038.0,K,0.0598566462717383,0.3573555434262985,0.34232953341871486,0.07910688598984902,0.004735072892353124,0.342 +/- 0.079
3891,Kepler-689 b,Kepler-689,2.89,536.0,0.1449,5518.0,G,0.0007368153320224,0.3526663081646389,0.3423049841331439,0.02485050906296727,1.831023608615589e-05,0.342 +/- 0.025
3892,TOI-159 b,TOI-159,18.18,1891.0,0.056,7287.0,F,0.2048372300154167,0.3582682551560367,0.3422798794286128,0.06070891307421925,0.012435445591369788,0.342 +/- 0.061
3893,Kepler-733 b,Kepler-733,2.82,595.0,0.1483,5418.0,G,0.0007544096429272,0.3475728756424842,0.3421237532190165,0.019923854784999424,1.5030748174084801e-05,0.342 +/- 0.020
3894,Kepler-1077 b,Kepler-1077,2.77,576.0,0.2101,5816.0,G,0.0005241052507639,0.3517982693928249,0.34201759697314527,0.027038296446158967,1.4170913139142811e-05,0.342 +/- 0.027
3895,WASP-47 b,WASP-47,12.86,1275.0,0.052,5565.0,G,0.141853939731345,0.3613336776329478,0.34201110329926826,0.06159266095392147,0.008737161614850742,0.342 +/- 0.062
3896,HAT-P-7 b,HAT-P-7,16.92559,2733.0,0.03809,6389.0,F,0.1634235902852077,0.3113132732706299,0.34168908761475125,0.07009173164962712,0.011454642435489387,0.342 +/- 0.070
3897,Kepler-1033 b,Kepler-1033,2.51,914.0,0.0761,5547.0,G,0.0003798519757838,0.340299911397931,0.3415696794085946,0.06773893138145887,2.5730766922730403e-05,0.342 +/- 0.068
3898,omi CrB b,omi CrB,13.7,866.7998173304635,0.699,4769.0,K,0.1284962183418858,0.2996021823324549,0.34153144486846965,0.08451915981184191,0.010860392413255177,0.342 +/- 0.085
3899,Kepler-1447 b,Kepler-1447,2.9,522.0,0.2836,5722.0,G,0.0010319764717837,0.350017363722115,0.341189578679527,0.02569437129276886,2.6515986631411993e-05,0.341 +/- 0.026
3900,2MASS J11550485-7919108 b,2MASS J11550485-7919108,12.1,2506.0,587.0,3021.0,M,0.1094165846196695,0.2961142530126568,0.3411815678019024,0.13498797168057497,0.01476992282602518,0.341 +/- 0.135
3901,TOI-1820 b,TOI-1820,12.778238,1375.0,0.061,5734.0,G,0.1236138596351687,0.3451275224084425,0.3410515990899316,0.06252601975980086,0.007729082630133809,0.341 +/- 0.063
3902,Kepler-600 b,Kepler-600,2.9,528.0,0.1536,5279.0,G,0.0017928690102377,0.3509774104210814,0.3408475999808127,0.04608933059442327,8.263213252534179e-05,0.341 +/- 0.046
3903,K2-24 b,K2-24,5.4,686.0,0.154,5625.0,G,0.1170131389442159,0.3716011713820175,0.340729175749682,0.06553012413694526,0.007667885520668091,0.341 +/- 0.066
3904,Kepler-937 c,Kepler-937,2.67,377.0,0.5545,6095.0,F,0.0004020398672727,0.3666057328077285,0.3406834455308167,0.07400630956131786,2.9753486873374578e-05,0.341 +/- 0.074
3905,Kepler-1672 b,Kepler-1672,2.97022762,423.0,0.55374,6131.95,F,0.0107644734743195,0.350340548732972,0.34033768189638813,0.043659834641598345,0.00046997513189266104,0.340 +/- 0.044
3906,KOI-13 b,KOI-13,16.948008,2550.0,0.03641,7650.0,A,0.1168845786993761,0.3591967378674245,0.3398957688796715,0.08584569619584531,0.010034038033006013,0.340 +/- 0.086
3907,TOI-1601 b,TOI-1601,14.19902343,1493.97,0.069,5982.0,G,0.1559642565848613,0.3467261643805929,0.3398574771019735,0.06835206438303708,0.010660478907540953,0.340 +/- 0.068
3908,Kepler-899 b,Kepler-899,2.68,640.0,0.1392,5595.0,G,0.0005972407096331,0.348089358387723,0.33969741835148026,0.02160747212721758,1.2904861986636856e-05,0.340 +/- 0.022
3909,HATS-33 b,HATS-33,13.78707,1429.0,0.03727,5659.0,G,0.1433574325177729,0.3350224323828603,0.33949088129543153,0.07992251180154329,0.01145748609224065,0.339 +/- 0.080
3910,HD 13908 b,HD 13908,13.9,908.5104064749004,0.154,6255.0,F,0.1354046191384933,0.3654633337239112,0.3394448753475428,0.09226720938926357,0.012493406346324848,0.339 +/- 0.092
3911,Kepler-1234 b,Kepler-1234,2.81,625.0,0.096,4967.0,K,0.0004357334987241,0.3453745014563114,0.3393839663167466,0.03764050260261143,1.6401227892769472e-05,0.339 +/- 0.038
3912,Kepler-1854 b,Kepler-1854,2.58746104,420.0,0.20894,5026.0,K,0.0049060679581479,0.2630691443822329,0.3393331948694672,0.1154734238279646,0.0005665204646600093,0.339 +/- 0.115
3913,Kepler-1204 b,Kepler-1204,3.05,448.0,0.3877,5825.0,G,0.0007407451773035,0.3474468210020169,0.3392942828024627,0.02262712321245003,1.6760932395874436e-05,0.339 +/- 0.023
3914,WASP-49 b,WASP-49,12.44199,1400.0,0.0379,5600.0,G,0.2000022046412058,0.3044959257646353,0.3391122101851499,0.07378771968430077,0.014757706612307452,0.339 +/- 0.074
3915,Kepler-1709 b,Kepler-1709,3.12424875,472.0,0.32704,5918.0,G,0.0252747035105629,0.3604496399716296,0.3389638006210717,0.06242218969826669,0.0015777023371038043,0.339 +/- 0.062
3916,Kepler-1685 b,Kepler-1685,2.57673985,625.0,0.1485,5484.0,G,0.0004183886855364,0.3421403685392451,0.33869419674170714,0.05045866631594574,2.1111335073848362e-05,0.339 +/- 0.050
3917,TOI-5678 b,TOI-5678,4.91,513.0,0.249,5485.0,G,0.112206747075593,0.3867728063360369,0.3386860870681981,0.10042316911221655,0.011268157137103985,0.339 +/- 0.100
3918,Kepler-681 b,Kepler-681,3.08,489.0,0.1635,5021.0,K,0.0015978121199841,0.3466899196263326,0.3385641472962868,0.022716759538029145,3.629711371662737e-05,0.339 +/- 0.023
3919,TOI-6041 c,TOI-6041,10.5,403.5,0.3721,5445.0,G,0.1453364609367263,0.2917063442094842,0.33846156037688524,0.09933355429919981,0.014436787234111835,0.338 +/- 0.099
3920,Kepler-277 b,Kepler-277,2.92,964.0,0.14168,5946.0,G,0.0008096229144668,0.3519718900957388,0.33824395877775,0.08433981586997893,6.828344753024562e-05,0.338 +/- 0.084
3921,Kepler-25 b,Kepler-25,2.748,1185.0,0.0695,6354.0,F,0.0344983065270777,0.3573362682239008,0.3382345187826851,0.06217700068436061,0.0021450012285433922,0.338 +/- 0.062
3922,Kepler-749 b,Kepler-749,3.1,454.0,0.1054,5009.0,K,0.0012202199910559,0.34144585061098,0.3378599769233602,0.04592426084132821,5.6037701153054324e-05,0.338 +/- 0.046
3923,K2-138 f,K2-138,2.904,653.0,0.10447,5356.3,G,0.0463122684678004,0.1905350705050881,0.3378488515947881,0.16832216964178137,0.007795381509532821,0.338 +/- 0.168
3924,TOI-2485 b,TOI-2485,12.1393261,1134.0,0.1093,6016.4,F,0.0812822273838858,0.3863245362880053,0.3376927715158003,0.07131389330658368,0.005796552091375906,0.338 +/- 0.071
3925,11 UMi b,11 UMi,12.3,819.9468700837081,1.53,4213.0,K,0.0856759772913483,0.356767728506265,0.33750584557177665,0.0885544259255367,0.007586986984644667,0.338 +/- 0.089
3926,Kepler-1325 b,Kepler-1325,2.86,564.0,0.2004,5550.0,G,0.0006560770690052,0.3523609800305203,0.33698234802801136,0.03624165167530169,2.377731660703933e-05,0.337 +/- 0.036
3927,Kepler-169 f,Kepler-169,2.58,321.0,0.359,4997.0,K,0.0075772833131387,0.3197548873033738,0.3367795288979673,0.08128732291375472,0.0006159370754841107,0.337 +/- 0.081
3928,K2-121 b,K2-121,7.16,716.0,0.0525,4526.0,K,0.1073314642617096,0.3524160668878181,0.3367753446779213,0.08563553144198481,0.009191386982497902,0.337 +/- 0.086
3929,DMPP-8 b,DMPP-8,10.8,530.2455799266311,0.3098,6009.0,F,0.1401127526663583,0.3258303431920412,0.3367439865404838,0.0653257466499551,0.009152970183110343,0.337 +/- 0.065
3930,K2-105 b,K2-105,3.4,805.0,0.0796,5373.0,G,0.0546957384049722,0.3430898171418831,0.33644004564251884,0.04679657160112124,0.0025595730385444783,0.336 +/- 0.047
3931,Kepler-84 e,Kepler-84,2.6,672.0,0.181,6031.0,F,0.0005128564471727,0.3493495040769859,0.3363371132174318,0.03144532247090832,1.6126936362629907e-05,0.336 +/- 0.031
3932,Kepler-993 b,Kepler-993,2.97,352.0,0.13,3843.0,K,0.014264344185714,0.3873880188081374,0.33552501279716074,0.1131037230291226,0.0016133504339730716,0.336 +/- 0.113
3933,Kepler-533 b,Kepler-533,3.38,423.0,0.16704,4758.0,K,0.0191868542636124,0.3593838177496516,0.3354444333010299,0.04733665974238827,0.0009082415918034118,0.335 +/- 0.047
3934,WASP-15 b,WASP-15,15.80469,1676.0,0.05165,6300.0,F,0.1867384961835065,0.3429687070454504,0.33525803691020706,0.05050786962247453,0.009431763618733503,0.335 +/- 0.051
3935,Kepler-1941 b,Kepler-1941,2.64976949,666.0,0.2054,6404.0,F,0.0002797212059286,0.3543269581607721,0.3352484934435497,0.042938241858945056,1.2010736793238002e-05,0.335 +/- 0.043
3936,Kepler-123 b,Kepler-123,2.94,817.0,0.135,6089.0,F,0.0007849792824142,0.3463047562895953,0.335222515323174,0.07625886179645217,5.986162661070267e-05,0.335 +/- 0.076
3937,HD 14787 b,HD 14787,13.7,374.50121528453445,1.7,4946.0,K,0.0911414298903137,0.3332396940730395,0.33511899161709724,0.07294740395976597,0.006648530703679402,0.335 +/- 0.073
3938,Kepler-532 b,Kepler-532,2.57,620.0,0.10151,5192.0,K,0.0156170811977405,0.3506727031408719,0.33504644369460324,0.058112865094509594,0.000907553332814296,0.335 +/- 0.058
3939,Kepler-506 b,Kepler-506,2.73,1080.0,0.07437,6236.0,F,0.037403151534891,0.3357694018980384,0.33469247562865095,0.05914502951026921,0.0022122105013081994,0.335 +/- 0.059
3940,Kepler-450 c,Kepler-450,2.62,944.0,0.13351,6197.21,F,0.0060360767984613,0.336501698704845,0.33447399830707386,0.09619781494677743,0.0005806573988629169,0.334 +/- 0.096
3941,HD 145457 b,HD 145457,13.2,756.2719279712774,0.762,4757.0,K,0.0775453149608844,0.3412590557035833,0.3342738342968878,0.07523364045524585,0.005834016344755974,0.334 +/- 0.075
3942,Kepler-156 c,Kepler-156,2.55,588.0,0.117,5094.0,K,0.0051471591869427,0.329952382823166,0.33389191117779327,0.05872047147350484,0.0003022436142064572,0.334 +/- 0.059
3943,Kepler-709 b,Kepler-709,2.92,613.0,0.1173,5071.0,K,0.0017279963589645,0.3399502657451745,0.33388271317377555,0.022558542168818675,3.89810787312658e-05,0.334 +/- 0.023
3944,Kepler-1202 b,Kepler-1202,2.94,547.0,0.179,5834.0,G,0.0004953287284841,0.3400863977063165,0.33355653465560514,0.026666950493008247,1.320890668025022e-05,0.334 +/- 0.027
3945,Kepler-1914 b,Kepler-1914,2.9429803,585.0,0.1954,5982.0,G,0.0003985077088085,0.3407740304348583,0.33348086926924697,0.03310830089387015,1.3193913131758607e-05,0.333 +/- 0.033
3946,Kepler-604 b,Kepler-604,2.59,637.0,0.1735,5890.0,G,0.0006158523431016,0.3523302103715364,0.3334779570624975,0.028722365060256144,1.7688735821778275e-05,0.333 +/- 0.029
3947,Kepler-563 b,Kepler-563,3.09,546.0,0.1418,5066.0,K,0.0026895964210894,0.3378192592263103,0.33333933807243177,0.04238905377850163,0.0001140094473360241,0.333 +/- 0.042
3948,HD 131496 b,HD 131496,13.4,317.6739354446914,2.01,4846.0,K,0.08026169429183,0.3015249767459509,0.3331203698598872,0.09566506535625605,0.0076782402300317595,0.333 +/- 0.096
3949,Kepler-752 b,Kepler-752,2.81,632.0,0.1353,5373.0,G,0.0006627978770754,0.3376308868382048,0.33300032100363597,0.031619455987018395,2.0957308302474837e-05,0.333 +/- 0.032
3950,EPIC 220674823 c,EPIC 220674823,2.712,838.0,0.1078,5578.0,G,0.0336583760623005,0.3322315333641896,0.3329477112860107,0.06099421311436902,0.0020529661626275337,0.333 +/- 0.061
3951,Kepler-1110 b,Kepler-1110,2.66,609.0,0.0754,4781.0,K,0.0009073069053533,0.3491736210222081,0.33275499730594293,0.057038050201774264,5.1751016815957975e-05,0.333 +/- 0.057
3952,Kepler-350 d,Kepler-350,2.8,782.0,0.1786,6492.3,F,0.0007965607106246,0.3553968175507196,0.3326632250298189,0.11295484160470054,8.99753888971294e-05,0.333 +/- 0.113
3953,Kepler-630 b,Kepler-630,3.18,343.0,0.56201,5829.0,G,0.0022910205325542,0.3614338812053841,0.3326288564346846,0.084174418492436,0.0001928453210819808,0.333 +/- 0.084
3954,Kepler-603 b,Kepler-603,2.65,731.0,0.16052,5808.0,G,0.000586672801753,0.3460168236729624,0.3325552610934474,0.0298536879316415,1.7514346741515842e-05,0.333 +/- 0.030
3955,TOI-5153 b,TOI-5153,11.88151954,906.0,0.158,6300.0,F,0.0676090110461127,0.3902545979759342,0.33254882005284364,0.08022298052118632,0.005423796376208969,0.333 +/- 0.080
3956,Kepler-610 c,Kepler-610,3.3,318.0,0.5594,5943.0,G,0.0011222539487246,0.3325265759643621,0.33252632616138544,0.05187625212060537,5.8218328787382286e-05,0.333 +/- 0.052
3957,TOI-942 b,TOI-942,3.89,1120.0,0.04866,4969.0,K,0.0845034701433411,0.2267187639563929,0.3323818377179863,0.11012779600017303,0.00930618092125258,0.332 +/- 0.110
3958,WASP-71 b,WASP-71,13.22662,2016.1,0.046,6050.0,F,0.1270225476248219,0.3638371130535148,0.33220495652732135,0.07054965266548345,0.008961396615616015,0.332 +/- 0.071
3959,WASP-187 b,WASP-187,18.38276,1760.0,0.0653,6150.0,F,0.1704198208778043,0.2899682292609096,0.33189662009784643,0.09607745106729593,0.016373502001284578,0.332 +/- 0.096
3960,Kepler-26 b,Kepler-26,2.78,431.0,0.08551,3914.0,K,0.0131741448581404,0.2960827477183014,0.33132731425932077,0.12948531254430795,0.0017058582644602972,0.331 +/- 0.129
3961,Kepler-1052 b,Kepler-1052,2.93,522.0,0.20988,5888.0,G,0.000856151269126,0.3368234530488902,0.3306738865632595,0.027679603694575863,2.3697927832015842e-05,0.331 +/- 0.028
3962,Kepler-965 b,Kepler-965,3.38,393.0,0.50998,5886.0,G,0.0037474344699108,0.3440689733085971,0.3301355630738038,0.042408203575062704,0.0001589219638841844,0.330 +/- 0.042
3963,WASP-45 b,WASP-45,10.603714,1153.0,0.03963,5150.0,K,0.1119421600659346,0.3093054656737237,0.3299791861478235,0.09721182192670885,0.010882101330420774,0.330 +/- 0.097
3964,Kepler-655 b,Kepler-655,2.71,588.0,0.25697,6170.0,F,0.0013982603717814,0.3434286119310834,0.32986990830021745,0.03321208837627831,4.643914704065162e-05,0.330 +/- 0.033
3965,Kepler-727 b,Kepler-727,2.53,964.0,0.0546,5441.0,G,0.0006103814320072,0.3361867175421434,0.32985885529624914,0.04332147774773154,2.6442625624328427e-05,0.330 +/- 0.043
3966,Kepler-1696 b,Kepler-1696,2.80982017,454.0,0.3244,5712.0,G,0.0004807626032235,0.3687503071073446,0.32957656337047114,0.046931016330812626,2.256267758312607e-05,0.330 +/- 0.047
3967,HD 212301 b,HD 212301,14.2,1711.149954122069,0.03,6239.0,F,0.1744221437845154,0.2876878924486148,0.32929511653252463,0.07553421066182549,0.013174838952706802,0.329 +/- 0.076
3968,WASP-87 b,WASP-87,15.524465,2049.54,0.02946,6450.0,F,0.1500475403404669,0.4052502019790848,0.32927590033325776,0.07875048845798079,0.011816317093730346,0.329 +/- 0.079
3969,K2-197 b,K2-197,2.56,848.0,0.0806,5667.0,G,0.02927745015429,0.3242980480784573,0.3290950681236812,0.045940501015115535,0.0013450207285331543,0.329 +/- 0.046
3970,WASP-106 b,WASP-106,12.10569916,1140.0,0.0901,6002.0,F,0.0899107394028532,0.3680900150019854,0.3290695946726748,0.06374895607256917,0.005731715776644703,0.329 +/- 0.064
3971,Kepler-859 b,Kepler-859,3.09,528.0,0.13157,5020.0,K,0.0010778275194766,0.3390221366956054,0.32894937831674614,0.046136467936332456,4.97271547932289e-05,0.329 +/- 0.046
3972,Kepler-1294 b,Kepler-1294,3.19,401.0,0.4684,5776.0,G,0.0007599789562472,0.3411795804169145,0.3288840005990503,0.03212696909521805,2.4415820440369863e-05,0.329 +/- 0.032
3973,Kepler-721 b,Kepler-721,2.64,850.0,0.0583,5075.0,K,0.0007921842459812,0.3387696981235448,0.3287419536345848,0.04069318042853833,3.223649645435856e-05,0.329 +/- 0.041
3974,HD 231701 b,HD 231701,13.7,442.0383285170963,0.567,6101.0,F,0.1009890883287801,0.3393325047342623,0.32871978080378045,0.09142600111070588,0.009233028501716225,0.329 +/- 0.091
3975,K2-99 c,K2-99,12.6,390.0,1.43,6069.0,F,0.0016677784554744,0.2499966794285544,0.32860477541886746,0.22205572236157792,0.0003703397496694446,0.329 +/- 0.222
3976,HD 206610 b,HD 206610,13.4,400.52588538272266,1.74,4842.0,K,0.0688453355348155,0.3316237395549332,0.3283446249419316,0.0638845386635225,0.004398152499777101,0.328 +/- 0.064
3977,TOI-3568 b,TOI-3568,5.3,899.0,0.0485,4969.0,K,0.0740776060571624,0.3584408034250919,0.3280526838207976,0.06695231217658912,0.004959667006033526,0.328 +/- 0.067
3978,NGTS-4 b,NGTS-4,3.18,1650.0,0.019,5143.0,K,0.0218275401319802,0.3267334770578076,0.32801495473866826,0.07559452677155762,0.0016500425668642255,0.328 +/- 0.076
3979,Kepler-344 c,Kepler-344,2.95,360.0,0.488,5774.0,G,0.0008430697633789,0.3314198436297932,0.3279651348771635,0.03478677666836447,2.9327679574512676e-05,0.328 +/- 0.035
3980,HD 86950 b,HD 86950,13.0,381.20184430775936,2.72,4805.0,K,0.0367961225691994,0.3493877550151424,0.3279414816999014,0.18550264655836315,0.006825778119672407,0.328 +/- 0.186
3981,TOI-2384 b,TOI-2384,11.48920522,889.7,0.02793,3943.0,K,0.1089137214170047,0.3582543658097656,0.32793800663670153,0.07119832859189744,0.007754474925614278,0.328 +/- 0.071
3982,TOI-5293 A b,TOI-5293 A,11.9,675.0,0.034,3586.0,M,0.1393319506370055,0.2961496850366316,0.32789839563690043,0.07345847104204317,0.010235112061099859,0.328 +/- 0.073
3983,Kepler-781 b,Kepler-781,2.89,629.0,0.1019,5162.0,K,0.0006778834299447,0.3350243136332156,0.32785732428481573,0.039807214225834456,2.6984650915952114e-05,0.328 +/- 0.040
3984,Kepler-411 c,Kepler-411,4.421,838.0,0.0739,4974.0,K,0.0811006055552089,0.3154332006517175,0.32784669312466924,0.057845721998942105,0.004691323082892474,0.328 +/- 0.058
3985,Kepler-417 c,Kepler-417,2.69,616.0,0.1194,5177.0,K,0.0006985814747049,0.3346053735851278,0.3276628391230621,0.06056431496890192,4.2309108465467555e-05,0.328 +/- 0.061
3986,TOI-1694 c,TOI-1694,13.8,632.4169569644671,0.1,5058.0,K,0.086226924204196,0.2954573770447862,0.3276535483080722,0.13285342601692562,0.011455542295429208,0.328 +/- 0.133
3987,Kepler-297 b,Kepler-297,2.87,509.0,0.217,5619.0,G,0.0018428185790707,0.3272445952255405,0.3276444262351941,0.07539652300507128,0.0001389421133910768,0.328 +/- 0.075
3988,Kepler-1175 b,Kepler-1175,2.99,515.0,0.2181,5453.0,G,0.0006168168559085,0.342094997778342,0.3275286116744061,0.03804015916482786,2.3463811374308027e-05,0.328 +/- 0.038
3989,Kepler-716 b,Kepler-716,2.9,720.0,0.08628,5099.0,K,0.0016009553428915,0.3308830594040184,0.3273706840991908,0.027192520570445435,4.3534011093941636e-05,0.327 +/- 0.027
3990,Kepler-837 b,Kepler-837,2.56,701.0,0.1144,5403.0,G,0.000518481357476,0.3325396104555872,0.32718903966789786,0.048483517658374824,2.5137800050725793e-05,0.327 +/- 0.048
3991,Kepler-251 e,Kepler-251,2.77,360.0,0.404,5526.0,G,0.0008058211614572,0.3281433709738229,0.32688806137232557,0.030652610364120755,2.4700522085310792e-05,0.327 +/- 0.031
3992,TOI-5916 b,TOI-5916,11.35469745,683.0,0.0262,3613.0,M,0.0891126524285269,0.3361376651469649,0.32621488533398907,0.0848673468368235,0.007562754381201094,0.326 +/- 0.085
3993,K2-70 b,K2-70,2.89,717.1081181071877,0.1112,5622.0,G,0.034505443476069,0.3271333244820235,0.3261383244449466,0.04260337532268366,0.001470048359086614,0.326 +/- 0.043
3994,TOI-2031 A b,TOI-2031 A,14.20177855,1358.0,0.066,6490.0,F,0.163757001264837,0.3193084980033043,0.32554405540461745,0.05725238843847078,0.009375479445933598,0.326 +/- 0.057
3995,Kepler-1187 b,Kepler-1187,2.61,701.0,0.1401,5975.0,G,0.0005826404111657,0.3353543449738503,0.32542980496740453,0.02338489806637296,1.3624986624459524e-05,0.325 +/- 0.023
3996,Kepler-1931 b,Kepler-1931,2.65323514,619.0,0.23329,6167.0,F,0.0031992714200827,0.359989295165517,0.3253944981913325,0.06603091558558519,0.000211250821074856,0.325 +/- 0.066
3997,K2-255 b,K2-255,2.9,1034.0,0.0274,4676.0,K,0.0486930415315673,0.3235054418635777,0.3252746259940712,0.056099651555704566,0.0027316626631083765,0.325 +/- 0.056
3998,Kepler-109 c,Kepler-109,2.65,859.0,0.1546,5950.0,G,0.0050499214520593,0.3137438760557023,0.32525176093918556,0.09091208798166876,0.0004590989033501316,0.325 +/- 0.091
3999,Kepler-663 b,Kepler-663,2.6,917.0,0.0559,5264.0,G,0.0005282175110429,0.3323131221018513,0.3252441688346268,0.0544786688075566,2.877658684245802e-05,0.325 +/- 0.054
4000,Kepler-1299 b,Kepler-1299,2.98,588.0,0.1357,5609.0,G,0.0004530400838399,0.3349244779254396,0.32524189990144736,0.0249759842966265,1.1315122019727697e-05,0.325 +/- 0.025
4001,Kepler-870 b,Kepler-870,2.78,691.0,0.1539,5857.0,G,0.0005378133162783,0.3306553597187568,0.325146722904598,0.023890110032437004,1.2848419302798431e-05,0.325 +/- 0.024
4002,Kepler-961 b,Kepler-961,2.55,642.0,0.12585,5582.0,G,0.0022459550000412,0.3363189015597858,0.32498906956894313,0.03924004950238394,8.813138538174342e-05,0.325 +/- 0.039
4003,Kepler-58 b,Kepler-58,2.78,920.0,0.09291,5843.0,G,0.0004527190480779,0.2876151048570772,0.3249469963145629,0.13132351524257632,5.9452656810862744e-05,0.325 +/- 0.131
4004,WASP-67 b,WASP-67,12.89035,1003.0,0.05179,5200.0,G,0.1718103426418247,0.3065964624603701,0.3247863506394244,0.11390475487248256,0.01957001496317428,0.325 +/- 0.114
4005,Kepler-800 b,Kepler-800,2.85,675.0,0.1106,5315.0,G,0.0006630711704686,0.3330778050551546,0.324331423988881,0.04047588844356415,2.683839472603056e-05,0.324 +/- 0.040
4006,Kepler-607 c,Kepler-607,2.76001201,473.0,0.21507,5244.0,G,0.0026453891297805,0.323180548361185,0.32421005758900995,0.04709605370872654,0.00012458738853662378,0.324 +/- 0.047
4007,Kepler-94 c,Kepler-94,12.5,145.48026871681722,1.596806621,4781.0,K,0.044024331717632,0.1844601755063731,0.3240955904950872,0.20433392369297618,0.008995664437824888,0.324 +/- 0.204
4008,Kepler-385 c,Kepler-385,3.04,829.0,0.127,6326.0,F,0.0004010345662334,0.3223187910415564,0.3240154216121632,0.08612672069339097,3.4539792074379246e-05,0.324 +/- 0.086
4009,Kepler-305 d,Kepler-305,2.76,576.0,0.12091,5090.0,K,0.0006644598649119,0.3157872853447084,0.3238845980215727,0.09221317350252126,6.127195280858286e-05,0.324 +/- 0.092
4010,Kepler-1987 d,Kepler-1987,2.66,744.0,0.0571,4769.0,K,0.0017889448697826,0.3417818996314723,0.3238178596393828,0.04196341943627243,7.507024391905501e-05,0.324 +/- 0.042
4011,Kepler-1886 b,Kepler-1886,2.58158428,580.0,0.16,5745.0,G,0.0005155598481692,0.3503828636143106,0.32331864670164323,0.04894171600372139,2.5232383672018704e-05,0.323 +/- 0.049
4012,Kepler-287 c,Kepler-287,3.26,513.0,0.246,5806.0,G,0.0008272117141052,0.3044578186321817,0.3225932985927795,0.09274108150317426,7.671650899821084e-05,0.323 +/- 0.093
4013,Kepler-1467 b,Kepler-1467,3.3,411.0,0.2388,5332.0,G,0.0012603781065149,0.3365246393455446,0.32254862548543795,0.0405297780490995,5.108284491499318e-05,0.323 +/- 0.041
4014,WASP-154 b,WASP-154,10.76062147,994.0,0.044,4774.0,K,0.0967065360402426,0.3459141953395275,0.32207105953090315,0.06734704007384114,0.0065128989581045805,0.322 +/- 0.067
4015,TYC 8998-760-1 c,TYC 8998-760-1,12.3299,1240.0,320.0,4573.0,K,0.1164667092497242,0.3783752447923061,0.3219974162364547,0.10094972682292533,0.011757282482724729,0.322 +/- 0.101
4016,Qatar-8 b,Qatar-8,14.403565,1457.0,0.0474,5738.0,G,0.1863355700333816,0.3284793926439977,0.3219486669446109,0.0618415091132959,0.011523272852350556,0.322 +/- 0.062
4017,Kepler-809 b,Kepler-809,3.01,478.0,0.2901,5734.0,G,0.0010519828029359,0.3498295739795886,0.32187692609036606,0.03462686693398557,3.642686853410257e-05,0.322 +/- 0.035
4018,HD 211810 b,HD 211810,14.0,162.6043114261787,2.656,5652.0,G,0.1571859461089799,0.2442111929654529,0.32149687400601656,0.12633269834326685,0.01985772471358676,0.321 +/- 0.126
4019,TOI-4791 b,TOI-4791,12.44196858,1472.0,0.0555,6058.0,F,0.089292437009636,0.3621233991428608,0.32141548730311165,0.056486678243239885,0.005043833158918074,0.321 +/- 0.056
4020,TOI-4010 d,TOI-4010,6.18,650.0,0.113,4960.0,K,0.0974073012938047,0.3394106185344448,0.32133170639092734,0.05957618768306578,0.005803155663580645,0.321 +/- 0.060
4021,Kepler-253 c,Kepler-253,2.65,680.0,0.089,5208.0,G,0.0008833302594434,0.3286091192510307,0.3213050020105126,0.03326124209495652,2.938066160914768e-05,0.321 +/- 0.033
4022,TOI-4010 e,TOI-4010,13.3,174.0,1.57,4960.0,K,0.0508430010891225,0.2049506073387291,0.3212630866346502,0.19951567207794837,0.010143975532756137,0.321 +/- 0.200
4023,K2-32 b,K2-32,5.299,837.0,0.0795,5271.0,G,0.1049361400026235,0.3213268886695373,0.3211866786642514,0.06126376302687665,0.006428782814075877,0.321 +/- 0.061
4024,Kepler-500 b,Kepler-500,2.58,909.0,0.08361,5813.0,G,0.0009812535975056,0.3339864785544005,0.3208576612347218,0.025291941041114107,2.481780813449275e-05,0.321 +/- 0.025
4025,Kepler-182 b,Kepler-182,2.58,935.0,0.096,6250.0,F,0.0003927004621858,0.3307417658933954,0.32084868694974505,0.03884313271052573,1.525371616816782e-05,0.321 +/- 0.039
4026,Kepler-1211 b,Kepler-1211,2.55,840.0,0.09763,5705.0,G,0.0003166229043362,0.3365976097184917,0.3208088252685457,0.05560604405905265,1.760614716862395e-05,0.321 +/- 0.056
4027,GJ 900 b,GJ 900 A,12.4,1.3547953163294837,12000.0,3976.0,K,0.2436462734910909,0.1934234298452849,0.32056110069580124,0.1372301132992077,0.03343560571611215,0.321 +/- 0.137
4028,Kepler-838 b,Kepler-838,2.73,777.0,0.1266,5770.0,G,0.0004947060523973,0.3283489316072326,0.3205501235664629,0.02361875650849646,1.168434179485132e-05,0.321 +/- 0.024
4029,Kepler-1113 b,Kepler-1113,2.81,558.0,0.2415,5931.0,G,0.0005294119811459,0.3196554648085157,0.32036382116616496,0.02918650904925029,1.5451687578496334e-05,0.320 +/- 0.029
4030,Kepler-875 b,Kepler-875,2.9,569.0,0.1771,5958.0,G,0.0005009413334883,0.3243376825550555,0.3203027671093893,0.027857126258326592,1.395478597499806e-05,0.320 +/- 0.028
4031,Kepler-1801 c,Kepler-1801,2.91,371.0,0.4572,5738.0,G,0.0008505004274966,0.3116652806010725,0.3202100802737935,0.045547126536985394,3.873785059094781e-05,0.320 +/- 0.046
4032,HD 220197 b,HD 220197,9.32,150.20820045054495,2.729,5683.0,G,0.1575389098869979,0.1900783764478691,0.3201550615774669,0.16226729960970365,0.025563413490819593,0.320 +/- 0.162
4033,Kepler-748 b,Kepler-748,2.52,938.0,0.0745,5934.0,G,0.0003362880625544,0.3204004245144002,0.31999917789294635,0.0524673738507195,1.764415149957585e-05,0.320 +/- 0.052
4034,Kepler-263 b,Kepler-263,2.67,548.0,0.12,5265.0,G,0.001203009942097,0.3172954111496985,0.31985954320788507,0.02835492372322257,3.4111255146438834e-05,0.320 +/- 0.028
4035,EPIC 211945201 b,EPIC 211945201,5.76,817.0,0.1493,6069.0,F,0.1122192671843097,0.3242238226159442,0.3195521155350782,0.07307175198718459,0.008200058459875481,0.320 +/- 0.073
4036,Kepler-1682 b,Kepler-1682,2.88940836,694.0,0.1134,5619.12,G,0.0006355687786516,0.3266261720653406,0.3191797857640935,0.028623799867624766,1.81923935222341e-05,0.319 +/- 0.029
4037,Kepler-1925 b,Kepler-1925,3.00177922,531.0,0.2588,5856.0,G,0.0003209224019549,0.3287534538702736,0.3190591861575565,0.05008776414196276,1.60742855769892e-05,0.319 +/- 0.050
4038,TOI-640 b,TOI-640,19.2794468,1816.0,0.06608,6460.0,F,0.200506480357839,0.2931434702715988,0.3189233077008059,0.06351306405053173,0.01273478092951411,0.319 +/- 0.064
4039,XO-2 S d,XO-2 S,13.0,101.51450323471948,5.46,5325.0,G,0.0660097510738233,0.3109784333328536,0.3189190029562262,0.16324096057299595,0.010775495172475266,0.319 +/- 0.163
4040,TOI-2019 b,TOI-2019,5.33275337,917.46,0.128,5626.0,G,0.0821562486232686,0.3253250979098646,0.31822648713822765,0.0740161812260845,0.006080891786955104,0.318 +/- 0.074
4041,Kepler-1991 c,Kepler-1991,2.57,634.0,0.1528,5478.0,G,0.0007285789959883,0.327669212065203,0.31820032574685686,0.040598465712721944,2.9579189387640376e-05,0.318 +/- 0.041
4042,Kepler-1896 b,Kepler-1896,3.09935997,536.0,0.2529,6122.0,F,0.0003925921736974,0.3301086490590018,0.31776336327212473,0.04016908598160165,1.5770068780954747e-05,0.318 +/- 0.040
4043,HAT-P-59 b,HAT-P-59,12.58768533,1277.8,0.05064,5678.0,G,0.10179920449909,0.3274208952246468,0.3176520332465054,0.06299359824397828,0.006412698189772262,0.318 +/- 0.063
4044,Kepler-127 d,Kepler-127,2.64,590.0,0.28,6106.0,F,0.0137777784270727,0.3258535807355038,0.31729911067464683,0.0632536717886792,0.0008714950746032013,0.317 +/- 0.063
4045,Kepler-1233 b,Kepler-1233,2.6,604.0,0.263,6198.0,F,0.0004696121531085,0.3337184343753126,0.3172815449025368,0.040752017558435584,1.913764270913233e-05,0.317 +/- 0.041
4046,Kepler-449 c,Kepler-449,2.764,661.0,0.1979,5649.18,G,0.0305927626508803,0.2869713037956242,0.31663346862181124,0.11373398295375817,0.0034794367458435894,0.317 +/- 0.114
4047,Kepler-1147 b,Kepler-1147,2.61,872.0,0.0961,5941.0,G,0.0002478046190307,0.3161319529999529,0.31658456628118725,0.042922177607324676,1.0636313869951132e-05,0.317 +/- 0.043
4048,Kepler-129 c,Kepler-129,2.52,525.0,0.39,5770.0,G,0.0088418527980591,0.2684878587279782,0.31640281319453184,0.11175999581753611,0.000988165431730355,0.316 +/- 0.112
4049,Kepler-175 b,Kepler-175,2.56,827.0,0.105,6064.0,F,0.0005660899148288,0.3229603771234512,0.31619570225350163,0.03981206224036658,2.2537206922808005e-05,0.316 +/- 0.040
4050,HATS-1 b,HATS-1,14.594,1359.0,0.0444,5870.0,G,0.1153824803980483,0.3467135315450676,0.3161481054802149,0.06716047740543916,0.00774914246775665,0.316 +/- 0.067
4051,Kepler-990 b,Kepler-990,2.6,903.0,0.08595,5948.0,G,0.0005778317920758,0.3176670477422713,0.315897900749932,0.02708778449584382,1.5652183058596505e-05,0.316 +/- 0.027
4052,Oph 11 b,Oph 11,12.3,2175.0,243.0,2375.0,M,0.0768708357040627,0.2664816336220296,0.3157738287517018,0.1943223150847465,0.014937718756512654,0.316 +/- 0.194
4053,Kepler-1083 b,Kepler-1083,3.36,448.0,0.1899,5049.0,K,0.0008203808102198,0.327991296036685,0.31544366124936635,0.061468298922465914,5.042741287284545e-05,0.315 +/- 0.061
4054,Kepler-668 b,Kepler-668,2.7,790.0,0.0768,5352.0,G,0.0008215147345003,0.3245021341055196,0.31540380281481073,0.041764098028365976,3.430982190341758e-05,0.315 +/- 0.042
4055,Kepler-11 g,Kepler-11,3.33,376.0,0.466,5663.0,G,0.0033406007091619,0.3365928969108655,0.3153382204623744,0.1292826567890989,0.0004318817349519983,0.315 +/- 0.129
4056,K2-214 b,K2-214,2.51,1001.0,0.0834,5875.0,G,0.0188451111179869,0.2902710887607769,0.3151236764543914,0.08183298335882044,0.001542151664513344,0.315 +/- 0.082
4057,Kepler-661 b,Kepler-661,3.07,678.0,0.0585,4483.0,K,0.0026155848339224,0.3193496952825446,0.31507587507553364,0.05923786086574927,0.00015494165047445904,0.315 +/- 0.059
4058,Kepler-571 b,Kepler-571,2.64,978.0,0.0546,5527.0,G,0.0010243770824438,0.3236848708736571,0.3147945848229102,0.03284812818989837,3.364886971890804e-05,0.315 +/- 0.033
4059,HD 95089 b,HD 95089,13.7,419.23317622619,1.36,4918.0,K,0.0762648747122892,0.2698737367028499,0.3145704153137191,0.10660551553581799,0.008130256285978158,0.315 +/- 0.107
4060,Kepler-65 c,Kepler-65,2.58,1246.0,0.068,6211.0,F,0.0189598066848288,0.2638420388786728,0.3143607183826256,0.13064315383115124,0.0024769689413349787,0.314 +/- 0.131
4061,K2-43 b,K2-43,4.51,939.3,0.03784,3840.6,K,0.0593809823764711,0.3415250260004577,0.3140465129138593,0.08219026625526091,0.004880538752021116,0.314 +/- 0.082
4062,Kepler-591 b,Kepler-591,3.39,436.0,0.3554,5677.0,G,0.0018382474727409,0.3254822844670506,0.3138558865882629,0.025837708225334877,4.74961018466386e-05,0.314 +/- 0.026
4063,Kepler-227 c,Kepler-227,3.04,443.0,0.29,5854.0,G,0.0006826415611189,0.3404140210034365,0.31384065929158056,0.04184148836950842,2.8562738940099528e-05,0.314 +/- 0.042
4064,Kepler-512 b,Kepler-512,2.69,652.0,0.21395,5997.0,G,0.0048914975525706,0.3223654150127099,0.31382026301911065,0.056797426308161376,0.0002778244717786804,0.314 +/- 0.057
4065,TOI-1248 b,TOI-1248,6.8084859,952.09,0.051,5205.0,G,0.1091453732702595,0.3236089139808115,0.31372021311495163,0.06934677992066302,0.007568880179531301,0.314 +/- 0.069
4066,TOI-3321 b,TOI-3321,15.55806521,1616.0,0.047,5850.0,G,0.1840105513200859,0.3126759393256827,0.31339668086564215,0.04792106866734568,0.008817982265325973,0.313 +/- 0.048
4067,Kepler-616 c,Kepler-616,3.41,413.0,0.4024,5753.0,G,0.001210560240531,0.321151101645947,0.3133552254731279,0.023079617546972228,2.7939267369026185e-05,0.313 +/- 0.023
4068,Kepler-836 b,Kepler-836,2.73,869.0,0.1013,5895.0,G,0.0005989585782325,0.3216739751713958,0.3133354760489451,0.026222830312204248,1.570638916102996e-05,0.313 +/- 0.026
4069,Kepler-701 b,Kepler-701,2.84,777.0,0.0895,5343.0,G,0.000802646378203,0.32471171877946,0.3133268240291237,0.03233431821112248,2.5953023403820765e-05,0.313 +/- 0.032
4070,Kepler-1924 b,Kepler-1924,2.65446572,821.0,0.1216,5726.0,G,0.0001572833063506,0.3212485312029219,0.3131219982025633,0.06957711763580582,1.094331910810418e-05,0.313 +/- 0.070
4071,Kepler-692 b,Kepler-692,3.11,639.0,0.1495,5440.0,G,0.00086554786906,0.3210405219750719,0.31307629080520355,0.02596582325314321,2.2474662985146704e-05,0.313 +/- 0.026
4072,Kepler-980 b,Kepler-980,2.67,845.0,0.09993,5935.0,G,0.0005702200516034,0.3176643168680907,0.3129886974265799,0.03112524775115918,1.7748240378834598e-05,0.313 +/- 0.031
4073,Kepler-949 b,Kepler-949,2.91,782.0,0.07739,5403.0,G,0.0036270789509618,0.3275524186789229,0.3128928440923524,0.03080358388298339,0.0001117270307161552,0.313 +/- 0.031
4074,Kepler-979 b,Kepler-979,2.72,792.0,0.0753,5310.0,G,0.0018146657971811,0.3386914013596593,0.312891658755133,0.04670170195702023,8.474798121155026e-05,0.313 +/- 0.047
4075,Kepler-955 b,Kepler-955,3.13,664.0,0.1083,5350.0,G,0.0027885453365353,0.3190808130022834,0.3125874778615561,0.053329875803836566,0.0001487127764707952,0.313 +/- 0.053
4076,Kepler-1475 b,Kepler-1475,2.92,441.0,0.373,6214.0,F,0.0004888992598558,0.3269032202276138,0.3125497176985979,0.038208989245405396,1.8680346561916918e-05,0.313 +/- 0.038
4077,KELT-15 b,KELT-15,19.50366,1642.0,0.04613,6003.0,F,0.1561731356459906,0.3472493677456602,0.31236547523958447,0.05404915080056914,0.008441025359527886,0.312 +/- 0.054
4078,Kepler-1041 b,Kepler-1041,2.94,644.0,0.1688,5957.0,G,0.0006217081400662,0.3174049250467272,0.312103245802736,0.04153639445704332,2.582351454294442e-05,0.312 +/- 0.042
4079,WASP-163 b,WASP-163,13.473218,1638.0,0.0266,5500.0,G,0.1237962467216859,0.2889378091782342,0.31210295622191997,0.056762439727656586,0.0070269769930498,0.312 +/- 0.057
4080,Kepler-414 c,Kepler-414,3.01,890.0,0.07195,5536.0,G,0.0069426861261129,0.3386412008072569,0.312043713773903,0.088449404006387,0.0006140764500580977,0.312 +/- 0.088
4081,Kepler-963 b,Kepler-963,2.66,802.0,0.0849,5461.0,G,0.0010238703220628,0.334253605951383,0.3119181167349204,0.03537920928730827,3.622372240732352e-05,0.312 +/- 0.035
4082,HD 169142 b,HD 169142,13.1,64.96378736400126,37.2,7246.0,F,0.0963302579611682,0.245910336076872,0.31155466353591976,0.2109735206733634,0.020323133669440947,0.312 +/- 0.211
4083,Kepler-357 c,Kepler-357,2.67,576.0,0.12,5036.0,K,0.0008070582501232,0.3077924456001371,0.3115284309845604,0.0520585096265142,4.2014249683196307e-05,0.312 +/- 0.052
4084,Kepler-58 c,Kepler-58,2.86,799.0,0.12307,5843.0,G,0.000497414642631,0.3114507498755798,0.31141938911742506,0.08918537145473279,4.4362109670068904e-05,0.311 +/- 0.089
4085,Kepler-539 b,Kepler-539,8.373123,387.6,0.4988,5820.0,G,0.0800561134266181,0.3437893285715189,0.31095448034292633,0.1292124216291643,0.010344244282072378,0.311 +/- 0.129
4086,Kepler-711 b,Kepler-711,3.41,487.0,0.1429,5222.0,G,0.0017448396218879,0.3178400646278694,0.3107568989179315,0.035531311451705634,6.199644003857527e-05,0.311 +/- 0.036
4087,HD 6434 b,HD 6434,14.2,719.697923324432,0.14,5769.0,G,0.1964096393002585,0.1927433275196755,0.31073058180144625,0.11385221141665094,0.022361671777881186,0.311 +/- 0.114
4088,Kepler-1129 b,Kepler-1129,2.96,737.0,0.16481,5831.0,G,0.0005333661308446,0.3132253800001947,0.31049199860093507,0.02434765119408919,1.2986212512545256e-05,0.310 +/- 0.024
4089,K2-419 A b,K2-419 A,10.55,377.0,0.1208,3711.0,K,0.0627640363463319,0.285634267977867,0.3104919427506817,0.13801310739356296,0.008662259688719793,0.310 +/- 0.138
4090,Kepler-242 b,Kepler-242,2.61,742.0,0.075,5020.0,K,0.0015719468638732,0.3131005374690155,0.31048799363753166,0.07475816645525915,0.00011751586530825528,0.310 +/- 0.075
4091,Kepler-573 b,Kepler-573,2.79,646.0,0.14527,5746.0,G,0.0012743743224716,0.3424356167498757,0.3103212263516467,0.04328154463796063,5.5156889123525387e-05,0.310 +/- 0.043
4092,Kepler-1316 b,Kepler-1316,3.54,446.0,0.39765,5884.0,G,0.0025339865286211,0.3205920721724863,0.3101095389384132,0.033427642769188505,8.470519646068219e-05,0.310 +/- 0.033
4093,TOI-2025 b,TOI-2025,11.89272852,1166.0,0.0892,5977.0,G,0.075797408962167,0.3202412409192647,0.3100766870511844,0.0778088550832588,0.0058977096096237535,0.310 +/- 0.078
4094,Kepler-344 b,Kepler-344,2.61,643.0,0.153,5774.0,G,0.0004826047158241,0.3148567840964379,0.31000138143849,0.02830156269253062,1.365846762060669e-05,0.310 +/- 0.028
4095,TOI-615 b,TOI-615,18.97680433,1666.0,0.0678,6850.0,F,0.2460270687500383,0.2524227117238036,0.3097077475838153,0.0814410418336847,0.02003670079829069,0.310 +/- 0.081
4096,Kepler-1883 b,Kepler-1883,3.25107395,416.0,0.4438,6208.0,F,0.000649063994727,0.3340460434941566,0.30966819327552275,0.05435567387389821,3.52803108206704e-05,0.310 +/- 0.054
4097,Kepler-107 e,Kepler-107,2.903,955.0,0.12638,5854.0,G,0.00415996856127,0.2810390515555451,0.30964970945682857,0.11837116007059716,0.0004924203044547429,0.310 +/- 0.118
4098,Kepler-115 c,Kepler-115,2.6,960.0,0.087,5979.0,G,0.0017097177058374,0.3239996429472059,0.3096260096493695,0.04513520724163987,7.716846297767213e-05,0.310 +/- 0.045
4099,Kepler-679 b,Kepler-679,3.01,677.0,0.0983,5403.0,G,0.0006684646921635,0.3179354478660237,0.3096176041290628,0.030420800645465883,2.0335231138838556e-05,0.310 +/- 0.030
4100,K2-268 c,K2-268,2.69,696.0,0.0819,5106.0,K,0.014391820615776,0.293418608668784,0.30956853908431997,0.04718105831069715,0.0006790213276700208,0.310 +/- 0.047
4101,K2-10 b,K2-10,3.773,649.0,0.137,5533.0,G,0.0308624495973927,0.3231749370830578,0.3094869352910195,0.062472905434699584,0.0019280668951810965,0.309 +/- 0.062
4102,TOI-6223 b,TOI-6223,5.07,714.0,0.04018,3895.0,K,0.1015836740049952,0.2605747244798143,0.30928678396370485,0.07450757624388211,0.007568753336060845,0.309 +/- 0.075
4103,Kepler-304 d,Kepler-304,2.75,611.0,0.08,4731.0,K,0.0054512867587381,0.3086680889429783,0.3091603033591031,0.03505142850673547,0.00019107538809362223,0.309 +/- 0.035
4104,Kepler-264 c,Kepler-264,2.83,511.0,0.566,6158.0,F,0.0017600199437877,0.3151247054407659,0.3090009092085688,0.06986460310114948,0.00012296309482283507,0.309 +/- 0.070
4105,WASP-167 b,WASP-167,17.71022,2329.0,0.0365,7000.0,F,0.1300533961086069,0.2949822417485401,0.3089958175024042,0.05776811426143081,0.007512939446489124,0.309 +/- 0.058
4106,Kepler-726 b,Kepler-726,3.26,543.0,0.1406,5452.0,G,0.0010876659808605,0.3167763197989972,0.30864807370478736,0.029573112600179956,3.216566852337274e-05,0.309 +/- 0.030
4107,Kepler-151 b,Kepler-151,3.06,639.0,0.116,5460.0,G,0.0015379928175767,0.317091717438522,0.3085204429770477,0.038385071630612604,5.9035964470049337e-05,0.309 +/- 0.038
4108,2MASS J03590986+2009361 b,2MASS J03590986+2009361,12.2,2369.0,572.0,2943.0,M,0.0927059331830891,0.272274849096923,0.30848554549346807,0.14802664766166929,0.013722948507439386,0.308 +/- 0.148
4109,TOI-4666 b,TOI-4666,12.53164042,695.0,0.034,3793.0,K,0.1705383205443069,0.2402857782591755,0.3084112216196473,0.09456936613302401,0.01612770087526557,0.308 +/- 0.095
4110,Kepler-63 b,Kepler-63,6.11,791.0,0.08,5576.0,G,0.0848779871200423,0.2947947201600556,0.3083801780581958,0.06935917748104446,0.005887067372892819,0.308 +/- 0.069
4111,Kepler-987 b,Kepler-987,3.26,351.0,0.4238,5637.0,G,0.0013656067558704,0.3081754464206535,0.3079549359703947,0.05629368866511376,7.687504155394431e-05,0.308 +/- 0.056
4112,HD 86081 b,HD 86081,13.6,1701.59586237417,0.0346,5939.0,G,0.1061042896074593,0.3073581139261328,0.30787225708239396,0.12767639382102863,0.013547013066022448,0.308 +/- 0.128
4113,Kepler-212 c,Kepler-212,2.74,664.0,0.207,5852.0,G,0.0019311212662516,0.3221253452656703,0.30768088674982796,0.039472934580934246,7.622702341060031e-05,0.308 +/- 0.039
4114,Kepler-1843 b,Kepler-1843,2.70909809,772.0,0.17871,5422.0,G,0.0009519264240543,0.3291405393131138,0.30760037951828156,0.05260880841770615,5.007971487082477e-05,0.308 +/- 0.053
4115,WASP-100 b,WASP-100,14.90797,2190.0,0.04574,6900.0,F,0.1442607917366449,0.2827754080395694,0.3075405922071272,0.09896018246148527,0.014276074272296707,0.308 +/- 0.099
4116,WASP-126 b,WASP-126,10.51358773,1480.0,0.0449,5800.0,G,0.1512215735574896,0.2979871283604055,0.3070809583060017,0.06769094403052361,0.010236331071887738,0.307 +/- 0.068
4117,Kepler-1929 b,Kepler-1929,3.07250761,566.0,0.30883,5786.0,G,0.0053897553689355,0.318388122942123,0.3069184463242401,0.06522328655939502,0.00035153755891311795,0.307 +/- 0.065
4118,Kepler-863 b,Kepler-863,2.9,718.0,0.122,5678.0,G,0.0006520892787007,0.31530246880989,0.30685823160222503,0.03474267878988631,2.265532835222707e-05,0.307 +/- 0.035
4119,Kepler-545 b,Kepler-545,2.69,806.0,0.11248,5882.0,G,0.0009981482153512,0.3360861535815749,0.3068476580412715,0.03195406368356,3.1894891638964e-05,0.307 +/- 0.032
4120,KELT-21 b,KELT-21,17.777474,2051.0,0.05224,7598.0,A,0.1548465583060141,0.3153115006845698,0.3067582233730947,0.06546597097720946,0.010137180291982292,0.307 +/- 0.065
4121,WASP-129 b,WASP-129,10.42437,1100.0,0.0628,5900.0,G,0.1066328810208695,0.3305069615209078,0.30646220650363676,0.06276054879175536,0.006692338132115724,0.306 +/- 0.063
4122,Kepler-561 c,Kepler-561,2.68,989.0,0.05947,5646.0,G,0.0014512738994387,0.3173293547513083,0.30635637635693713,0.029916301212053464,4.341674711679954e-05,0.306 +/- 0.030
4123,Kepler-593 b,Kepler-593,2.87,706.0,0.1508,5967.0,G,0.000773438032401,0.3165510055670329,0.30629384719820696,0.031913838041091956,2.4683376100866346e-05,0.306 +/- 0.032
4124,Kepler-576 b,Kepler-576,3.27,541.0,0.179,5672.0,G,0.0021847631983739,0.3187681737829269,0.3062605108008267,0.03271999514625338,7.148544124650701e-05,0.306 +/- 0.033
4125,TOI-5344 b,TOI-5344,10.60369574,689.0,0.04041,3747.0,K,0.1365844064954548,0.2243461509948286,0.3061740906669888,0.11236479682778984,0.015347279085706038,0.306 +/- 0.112
4126,Kepler-152 b,Kepler-152,2.79,551.0,0.124,5088.0,K,0.0061076067082923,0.3031642434716738,0.3061274377301694,0.03578454525005079,0.00021855792862239952,0.306 +/- 0.036
4127,HD 33142 b,HD 33142,13.7,436.7583728118507,1.074,5025.4,K,0.0891243401139681,0.324527641241763,0.30584132097734473,0.07328993375987307,0.00653191698334512,0.306 +/- 0.073
4128,TOI-4588 b,TOI-4588,2.92922558,1768.0,0.1376,7746.12,A,0.0518806561977372,0.2710429827164169,0.3058292431285927,0.08130211323338442,0.004218006984810717,0.306 +/- 0.081
4129,Kepler-1001 b,Kepler-1001,3.15,693.0,0.11147,5491.0,G,0.0006842370249207,0.3121942292989,0.3058277342409996,0.02772869096427855,1.8972997010343453e-05,0.306 +/- 0.028
4130,HD 4313 b,HD 4313,13.4,459.5261256509622,1.157,4943.0,K,0.0767614433715122,0.2921300793172526,0.3057863662241361,0.053954529882190766,0.004141627590188349,0.306 +/- 0.054
4131,Kepler-1451 b,Kepler-1451,3.35,523.0,0.2101,5782.0,G,0.0006364399515158,0.3131657029587016,0.3055625485046868,0.02858943920001745,1.8195461298323017e-05,0.306 +/- 0.029
4132,Kepler-2000 b,Kepler-2000,2.73,530.0,0.0562,3757.0,K,0.0144858758464318,0.283328890501871,0.30519253263099333,0.07818272378717829,0.001132545230116935,0.305 +/- 0.078
4133,Kepler-419 c,Kepler-419,12.6,288.6261479797984,1.68,6430.0,F,1.2157396544279549e-05,0.248269513071867,0.3051146800054661,0.1937435254576191,2.3554168668749955e-06,0.305 +/- 0.194
4134,HD 5319 c,HD 5319,13.8,311.60700269579144,1.93,4871.0,K,0.0890976068221281,0.2785427149433114,0.30495131308319284,0.09089033201465016,0.008098111065773982,0.305 +/- 0.091
4135,TIC 4672985 b,TIC 4672985,11.5004142,517.2,0.33,5757.0,G,0.0238058768021384,0.2541943962590476,0.3048167412271346,0.17605671842981513,0.004191184549128949,0.305 +/- 0.176
4136,HD 108863 b,HD 108863,13.3,448.6580801862577,1.32,4878.0,K,0.0577638111346654,0.2904356282759376,0.3045599912035472,0.06431620953239257,0.003715149380326691,0.305 +/- 0.064
4137,HD 1502 b,HD 1502,13.2,419.7351986124559,1.262,4947.0,K,0.0444450002205611,0.3144030618240853,0.3045482754537355,0.08586983951469632,0.0038164850361702245,0.305 +/- 0.086
4138,Kepler-940 b,Kepler-940,3.34,486.0,0.3059,5769.0,G,0.0007240253944086,0.3053510430312458,0.304512746431977,0.028300586879175832,2.049034357719013e-05,0.305 +/- 0.028
4139,Kepler-338 d,Kepler-338,3.0,680.0,0.257,5923.0,G,0.0036800612754463,0.3067246484491197,0.304385208280133,0.0542966199914728,0.00019981488861824245,0.304 +/- 0.054
4140,Kepler-1551 b,Kepler-1551,2.66,722.0,0.1772,6136.0,F,0.0003558167367851,0.3134117919428162,0.30437314399175247,0.032157757662299766,1.1442268393725549e-05,0.304 +/- 0.032
4141,Kepler-194 c,Kepler-194,2.59,815.0,0.131,6089.0,F,0.0005972528565232,0.2982901079800283,0.3042870273413389,0.030352323731055578,1.8128012050489855e-05,0.304 +/- 0.030
4142,Kepler-1836 b,Kepler-1836,2.55303229,1093.0,0.0602,6123.0,F,0.000270597815991,0.3098124964669352,0.3040629269985953,0.06643380601724064,1.7976842816235072e-05,0.304 +/- 0.066
4143,Kepler-896 c,Kepler-896,3.15,515.0,0.1792,5510.0,G,0.0009129433107193,0.2762903043962645,0.3040330870522517,0.10889298877552064,9.94131256868434e-05,0.304 +/- 0.109
4144,K2-33 b,K2-33,5.04,850.0,0.0409,3540.0,M,0.0944892975285641,0.2651109317709006,0.3039859517091461,0.11086408661071952,0.010475469664992776,0.304 +/- 0.111
4145,K2-16 c,K2-16,2.54,485.0,0.1229,4742.0,K,0.0122993008612326,0.2732784396465729,0.303899215027478,0.06661912689507049,0.0008193686847951043,0.304 +/- 0.067
4146,Kepler-127 c,Kepler-127,2.66,698.0,0.2,6106.0,F,0.0133152483565418,0.3105043115886426,0.3037265113227334,0.074369840183516,0.0009902528922798377,0.304 +/- 0.074
4147,Kepler-978 b,Kepler-978,2.99,546.0,0.2726,6002.0,F,0.0017605109246372,0.3323187302202495,0.3036694626017976,0.045637456306287565,8.034524039987213e-05,0.304 +/- 0.046
4148,Kepler-1889 b,Kepler-1889,2.94360686,493.0,0.2082,5646.0,G,0.0004693176946656,0.3087842129216217,0.3036275802223047,0.06196298727179196,2.908032634099132e-05,0.304 +/- 0.062
4149,WASP-4 b,WASP-4,15.12091496,1653.0,0.02261,5436.0,G,0.1265527557369416,0.3161338501889166,0.30355669993671897,0.06052296113577811,0.007659347517092538,0.304 +/- 0.061
4150,HD 96167 b,HD 96167,14.0,305.1654844164662,1.332,5733.0,G,0.1278396155394502,0.1711662385993733,0.30319494599824015,0.19570245190524396,0.02501852621169413,0.303 +/- 0.196
4151,Kepler-175 c,Kepler-175,3.1,583.0,0.213,6064.0,F,0.0007663633194861,0.3082535456957612,0.30298824279872255,0.028257315580175232,2.165537016778938e-05,0.303 +/- 0.028
4152,Kepler-671 b,Kepler-671,2.69,1012.0,0.0503,5624.0,G,0.0005107657861284,0.3111660106124825,0.30297338966864923,0.019589533342251667,1.0005663397443677e-05,0.303 +/- 0.020
4153,Kepler-461 b,Kepler-461,2.58,886.0,0.07895,5634.0,G,0.0020779052923254,0.2971298374806262,0.30295959580664233,0.03883325900184451,8.069183439817569e-05,0.303 +/- 0.039
4154,Kepler-238 d,Kepler-238,3.07,888.0,0.115,5751.0,G,0.0004843029640216,0.2918036183406221,0.3027524424068805,0.08799988170829401,4.261860354487697e-05,0.303 +/- 0.088
4155,Kepler-1172 b,Kepler-1172,3.2,675.0,0.168,5558.0,G,0.0007193057723898,0.305809014951691,0.30274091402159525,0.02430660645421656,1.748388232972514e-05,0.303 +/- 0.024
4156,Kepler-251 d,Kepler-251,2.77,536.0,0.182,5526.0,G,0.0008866640512959,0.3002861296615229,0.3026172646011846,0.031182014742348975,2.7647971519019622e-05,0.303 +/- 0.031
4157,Kepler-290 c,Kepler-290,2.7,437.0,0.205,5147.0,K,0.0013299228745535,0.2912337722848985,0.30223872922363326,0.052469292592294235,6.978011243013261e-05,0.302 +/- 0.052
4158,Kepler-294 c,Kepler-294,2.71,895.0,0.071,5913.0,G,0.0004716516146432,0.3097973334897607,0.302165513245672,0.02596749431244341,1.2247610620702047e-05,0.302 +/- 0.026
4159,Kepler-241 c,Kepler-241,2.57,397.0,0.189,4699.0,K,0.0033352466501321,0.2632325222614209,0.30179898658495163,0.07866292358638197,0.00026236025238107784,0.302 +/- 0.079
4160,Kepler-735 b,Kepler-735,2.95,657.0,0.0965,5107.0,K,0.0012510387061615,0.3273950371242918,0.30172231672737243,0.057875366254576226,7.240432331774799e-05,0.302 +/- 0.058
4161,HD 76700 b,HD 76700,9.6,1303.0677714227322,0.05,5644.0,G,0.1631959252938635,0.2352382816522073,0.301092412247043,0.09268418645508658,0.015125681568646826,0.301 +/- 0.093
4162,Qatar-9 b,Qatar-9,11.309881,1134.0,0.0234,4309.0,K,0.1035461718862963,0.3524919585904876,0.3010590405651796,0.08587945788179135,0.008892489107329912,0.301 +/- 0.086
4163,TOI-2152 A b,TOI-2152,14.35870428,1802.0,0.05064,6630.0,F,0.128709993514311,0.305422607210194,0.30098073037696,0.055127534704637625,0.007095464634293863,0.301 +/- 0.055
4164,Kepler-712 b,Kepler-712,3.41,521.0,0.13615,5148.0,K,0.0012045712964585,0.2928986621309707,0.3008805263337339,0.04264579322582969,5.136989843453879e-05,0.301 +/- 0.043
4165,Kepler-704 b,Kepler-704,2.61,1121.0,0.047,5616.0,G,0.0003908933864042,0.3094216582246471,0.3008486805532501,0.029543844087655348,1.1548493262821302e-05,0.301 +/- 0.030
4166,TOI-3261 b,TOI-3261,3.82,1722.0,0.01714,5068.0,K,0.0204746070113834,0.3064062525460565,0.30078720226478983,0.07158528352226366,0.001465680547916808,0.301 +/- 0.072
4167,Kepler-1642 c,Kepler-1642,2.66,1095.0,0.0678,5355.0,G,0.0063667288628917,0.3257492238638019,0.3007480441361957,0.04708296705286772,0.0002997644852860719,0.301 +/- 0.047
4168,TOI-4201 b,TOI-4201,13.67495645,725.0,0.04,3794.0,K,0.1167955059958974,0.2974916571399798,0.30055576764242153,0.06880613661202292,0.008036247541224058,0.301 +/- 0.069
4169,Kepler-760 b,Kepler-760,3.06,748.0,0.08087,5322.0,G,0.0010065681824804,0.3086333653272343,0.3004832036088814,0.032590611631088236,3.280467271542907e-05,0.300 +/- 0.033
4170,Kepler-1128 b,Kepler-1128,3.65,424.0,0.302,5543.0,G,0.000875354672587,0.3108515054354313,0.30034362529029185,0.05173393050855122,4.528553780195147e-05,0.300 +/- 0.052
4171,HD 103774 b,HD 103774,13.3,1360.2096808332378,0.07,6489.0,F,0.1706634476309647,0.2352372273545124,0.3003310476493066,0.07191687318500638,0.012273581520592065,0.300 +/- 0.072
4172,Kepler-1354 b,Kepler-1354,2.97,466.0,0.3521,6168.0,F,0.0008427846288438,0.3227031029817567,0.30031631953058313,0.04201930412015415,3.5413223627178876e-05,0.300 +/- 0.042
4173,Kepler-722 b,Kepler-722,2.63,1182.0,0.0514,5863.0,G,0.0003281038125965,0.3035628092570991,0.30025790193821,0.029404502508080552,9.647729380404577e-06,0.300 +/- 0.029
4174,Kepler-1230 b,Kepler-1230,2.71,946.0,0.0921,5961.0,G,0.0003789474257391,0.3017876856509109,0.300160488171419,0.017215232793398684,6.523668150557767e-06,0.300 +/- 0.017
4175,Kepler-911 b,Kepler-911,2.6,931.0,0.15594,6112.0,F,0.0027431213106483,0.3201048223205749,0.29995234538397064,0.06011774177234476,0.00016491025860377042,0.300 +/- 0.060
4176,Kepler-623 b,Kepler-623,3.01,825.0,0.0854,5443.0,G,0.0010127794793407,0.3070217616552194,0.2998379270789249,0.029666499877249262,3.004562229954145e-05,0.300 +/- 0.030
4177,Kepler-569 b,Kepler-569,3.16,526.0,0.19784,5616.0,G,0.0022940764216453,0.3383765563952455,0.2998327326860357,0.03825747418615985,8.776556948217303e-05,0.300 +/- 0.038
4178,K2-248 b,K2-248,2.57,886.0,0.0699,5528.0,G,0.006876004451128,0.2617983149217907,0.29977470808509366,0.050389860589886974,0.00034648090570778224,0.300 +/- 0.050
4179,DP Leo b,DP Leo,12.7,22.31235724701376,8.19,13500.0,B,0.0141108284053648,0.1407746212295209,0.29969286228257147,0.21267988632064874,0.0030010893811431667,0.300 +/- 0.213
4180,Kepler-687 b,Kepler-687,3.52,518.0,0.1326,4841.0,K,0.0023222072428879,0.309773525026942,0.29963172407843985,0.0462808293827118,0.00010747367719939249,0.300 +/- 0.046
4181,Kepler-1094 b,Kepler-1094,3.18,480.0,0.3625,6112.0,F,0.0007002343112028,0.3064102004025358,0.29950295579256736,0.02826947879153492,1.9795259009652616e-05,0.300 +/- 0.028
4182,HD 150010 b,HD 150010,13.3,623.1034238367491,1.4,4153.0,K,0.0707308957026866,0.3043961429043805,0.2994932269834971,0.0795327921240314,0.0056254256246683195,0.299 +/- 0.080
4183,KELT-12 b,KELT-12,19.95202,1800.0,0.06708,6279.0,F,0.1805082073433745,0.2756395032665443,0.29910903838776354,0.0613535026126148,0.011074810770840143,0.299 +/- 0.061
4184,Kepler-282 e,Kepler-282,3.1,484.0,0.23332,5656.0,G,0.0006772148383082,0.2367252764810706,0.29906618976729776,0.13012241274475075,8.812082870720924e-05,0.299 +/- 0.130
4185,Kepler-788 b,Kepler-788,2.55,984.0,0.0835,6159.0,F,0.0002749232243048,0.2990858633232682,0.2988920298523298,0.05746673700413633,1.579894062745312e-05,0.299 +/- 0.057
4186,Kepler-588 b,Kepler-588,2.63,1176.0,0.052,5835.0,G,0.0005859938135107,0.3018229055058741,0.2988788346130592,0.024375261939836662,1.428375269944711e-05,0.299 +/- 0.024
4187,Kepler-162 c,Kepler-162,3.03,681.0,0.137,5816.0,G,0.0012827725794508,0.3162663043786936,0.29886843939713875,0.030744057618186032,3.943763409366451e-05,0.299 +/- 0.031
4188,Kepler-210 b,Kepler-210,2.94,737.0,0.032,4559.0,K,0.0330220366261115,0.3008350596906945,0.2987151372317021,0.06835960053035488,0.00225737323245973,0.299 +/- 0.068
4189,Kepler-299 c,Kepler-299,2.65,946.0,0.07,5617.0,G,0.0003649037322934,0.2932669041019909,0.2982435529014919,0.03640759172879763,1.3285266105652574e-05,0.298 +/- 0.036
4190,Kepler-1524 b,Kepler-1524,3.54,438.0,0.3392,6179.0,F,0.0108034987526707,0.3107525095139956,0.2982390319387847,0.046245505619638916,0.0004996132622783948,0.298 +/- 0.046
4191,TOI-7009 b,TOI-7009,3.71,872.0,0.0287,4080.0,K,0.0538178995749895,0.2997479710363372,0.29822533747279256,0.05959991318705826,0.003207542142579194,0.298 +/- 0.060
4192,Kepler-351 c,Kepler-351,3.19,431.0,0.287,5643.0,G,0.0009774128668433,0.306188841178288,0.29822496133390575,0.04604008249260912,4.500016901880311e-05,0.298 +/- 0.046
4193,TOI-4127 b,TOI-4127,12.07,556.0,0.303,6096.0,F,0.1071788185177726,0.298357128854829,0.2979239699483951,0.0941177251046932,0.010087426578301523,0.298 +/- 0.094
4194,Kepler-68 e,Kepler-68,11.2,134.7791952566492,4.6,5847.0,G,0.0709604354583662,0.1318976171532821,0.2979090282578953,0.2572001479837192,0.01825103450088094,0.298 +/- 0.257
4195,24 Boo b,24 Boo,13.9,1683.8065057610968,0.194,4816.0,K,0.1148836037681738,0.1199688089450628,0.2975609951412024,0.10077535007705322,0.011577435387851186,0.298 +/- 0.101
4196,Kepler-253 d,Kepler-253,3.17,563.0,0.13,5208.0,G,0.0012339279028816,0.3017211333372445,0.29735203797450577,0.03558463581030226,4.3908875040211745e-05,0.297 +/- 0.036
4197,Kepler-802 b,Kepler-802,3.54,489.0,0.2265,5507.0,G,0.0014628594996207,0.3093157666433861,0.2973001445736903,0.04256910343725659,6.2272617353527e-05,0.297 +/- 0.043
4198,Kepler-83 b,Kepler-83,2.83,460.0,0.07295,4082.0,K,0.0069547312671558,0.2226017048223309,0.29710076185681317,0.1382457589277962,0.0009614621021668272,0.297 +/- 0.138
4199,Kepler-1044 b,Kepler-1044,2.67,1058.0,0.0741,5985.0,G,0.0003250052362609,0.2971395923894759,0.2970865303729405,0.03325163111374597,1.0806954226183302e-05,0.297 +/- 0.033
4200,HD 99706 b,HD 99706,13.7,358.0606661652009,1.98,4862.0,K,0.0692541086959035,0.202321914555921,0.2969745235115728,0.10441645676767375,0.007231268646629586,0.297 +/- 0.104
4201,Kepler-1011 b,Kepler-1011,2.87,920.0,0.0633,5416.0,G,0.0007406981139229,0.3043223652366863,0.29680566482234044,0.03702235438040704,2.742238806255271e-05,0.297 +/- 0.037
4202,HD 106906 b,HD 106906,12.4,1800.0,650.0,6516.0,F,0.1070710330683821,0.2753170831848779,0.29651705875390083,0.12400684272233489,0.013277540757828778,0.297 +/- 0.124
4203,Kepler-736 b,Kepler-736,2.93,996.0,0.0428,5217.0,G,0.0004724432560716,0.2950182632713487,0.29636327464504947,0.08861568510685341,4.1865882810897416e-05,0.296 +/- 0.089
4204,Kepler-1080 b,Kepler-1080,3.28,548.0,0.3781,5956.0,G,0.001968635451636,0.3090496545644911,0.2962761815640433,0.03045156785980882,5.9948036046719045e-05,0.296 +/- 0.030
4205,Kepler-187 c,Kepler-187,2.67,963.0,0.099,6105.0,F,0.0007485474917227,0.3052938179324492,0.29611037975503707,0.027593756144401096,2.0655236949099283e-05,0.296 +/- 0.028
4206,Kepler-640 b,Kepler-640,2.56,609.0,0.15418,5653.0,G,0.0023818305051203,0.3036417322713723,0.29601309878980386,0.05166077304234328,0.00012304720515034966,0.296 +/- 0.052
4207,Kepler-111 c,Kepler-111,7.0840758,352.2,0.751,5914.0,G,0.0114794494906152,0.3005253616215795,0.29574890399119486,0.11104136944550755,0.0012746937919184459,0.296 +/- 0.111
4208,Kepler-835 b,Kepler-835,2.79,921.0,0.107,5954.0,G,0.0002830382899632,0.2973039076234183,0.29538683744118077,0.041991939002271356,1.1885326607441886e-05,0.295 +/- 0.042
4209,Kepler-941 b,Kepler-941,3.08,722.0,0.1311,5539.0,G,0.0005317345363384,0.293410313544058,0.29532278145999524,0.02922935480555758,1.5542257425003742e-05,0.295 +/- 0.029
4210,Kepler-1639 b,Kepler-1639,2.58,1003.0,0.0932,6150.0,F,0.0004385969205972,0.3005431770950578,0.29527082153746964,0.04287791715422766,1.880612242546611e-05,0.295 +/- 0.043
4211,Kepler-1748 b,Kepler-1748,2.71275017,955.0,0.0615,5774.0,G,0.0004892307638326,0.291911359023659,0.2952239243778147,0.03649513093305228,1.785454078254792e-05,0.295 +/- 0.036
4212,Kepler-1678 b,Kepler-1678,3.30422249,329.0,0.5302,5754.0,G,0.0013830477623334,0.2517218303316251,0.2949601727507713,0.10509622577085921,0.00014535309988207264,0.295 +/- 0.105
4213,NGTS-20 b,NGTS-20,11.99360935,688.0,0.313,5980.0,G,0.0667652920008945,0.300210301736934,0.2949378455399358,0.0644438232077792,0.0043026106741213994,0.295 +/- 0.064
4214,Kepler-1718 b,Kepler-1718,2.5685207,345.0,0.48418,5731.0,G,0.0108167195338079,0.2573986431764329,0.2949329531333154,0.07153005208380542,0.0007737205116291945,0.295 +/- 0.072
4215,HD 33142 c,HD 33142,13.9,323.72034840297323,1.955,5025.4,K,0.0891243401139681,0.2815875998526187,0.2948601790129344,0.0797749016249509,0.007109885464980471,0.295 +/- 0.080
4216,Kepler-462 b,Kepler-462,3.0,611.0,0.4172,7500.0,A,0.0046761803520774,0.2933720823779153,0.2948288570891113,0.11939920266596189,0.0005583322055602785,0.295 +/- 0.119
4217,Kepler-233 c,Kepler-233,2.71,390.0,0.287,5360.0,G,0.000854806828869,0.2853872962189449,0.29471142300922426,0.04894034759078755,4.183454332782771e-05,0.295 +/- 0.049
4218,TOI-1221 b,TOI-1221,2.91,440.0,0.387,5592.0,G,0.1048184253272233,0.1381445050493922,0.29467386069774004,0.15775574578720847,0.01653570885973693,0.295 +/- 0.158
4219,Kepler-1667 b,Kepler-1667,2.98385261,655.0,0.35905,5941.54,G,0.0023326081301928,0.2953833212360546,0.29467199597181504,0.04184830713300277,9.761570145324761e-05,0.295 +/- 0.042
4220,WASP-5 b,WASP-5,12.184,1706.0,0.0267,5700.0,G,0.0822127344409726,0.335203760655997,0.29465351671754986,0.06237520443710139,0.005128036118088793,0.295 +/- 0.062
4221,Kepler-103 c,Kepler-103,5.4539,434.0,0.6679,6047.0,F,0.0160161655571484,0.3082776657254458,0.2944020421636954,0.090311035388077,0.001446436494412929,0.294 +/- 0.090
4222,WASP-89 b,WASP-89,11.65736,1120.0,0.0427,5130.0,K,0.0694412134040003,0.3039997277079453,0.29423099399651115,0.07576386940186178,0.0052611350234474915,0.294 +/- 0.076
4223,HIP 65426 b,HIP 65426,16.8135,1500.0,92.0,8840.0,A,0.1009911081307446,0.2609220331643804,0.29421419193876003,0.14728348942737737,0.014874322806633648,0.294 +/- 0.147
4224,Kepler-313 c,Kepler-313,2.57,683.0,0.208,5727.0,G,0.0004312106495997,0.2889151142274147,0.29405137922515096,0.0443071782884708,1.9105727131701216e-05,0.294 +/- 0.044
4225,WASP-161 b,WASP-161,12.811887,1557.0,0.0673,6400.0,F,0.0912004047464174,0.3053734221111043,0.29398721178684684,0.04960815876563345,0.004524284158150305,0.294 +/- 0.050
4226,Kepler-129 d,Kepler-129,12.6,163.60137950259195,4.0,5770.0,G,0.0050295598466981,0.2347403146795574,0.2939729961949714,0.19954196212122102,0.0010036082404162464,0.294 +/- 0.200
4227,Kepler-843 b,Kepler-843,2.59,1523.0,0.0313,5830.0,G,0.0003545752691808,0.2824122317787875,0.2938376570272572,0.04846968767963899,1.71861525561173e-05,0.294 +/- 0.048
4228,HAT-P-41 b,HAT-P-41,22.97845,1941.0,0.04258,6390.0,F,0.1908908978666609,0.2823031427086298,0.29383571005537296,0.04631959050441766,0.008841988220204348,0.294 +/- 0.046
4229,NY Vir b,NY Vir,13.3,309.27525242045715,3.3,32780.0,O,0.0013015325759163,0.2205166762500524,0.29364767590333546,0.21547038348539474,0.0002804417232514188,0.294 +/- 0.215
4230,Kepler-32 d,Kepler-32,2.7,328.0,0.13,3900.0,K,0.0136813769715948,0.2398971334986595,0.29342908286070335,0.12133961942671667,0.0016600930749667586,0.293 +/- 0.121
4231,Kepler-153 c,Kepler-153,2.53,458.0,0.237,5404.0,G,0.0042310139087167,0.2243017274724108,0.2934129493583694,0.08668028940814904,0.0003667455100974674,0.293 +/- 0.087
4232,Kepler-618 b,Kepler-618,2.6,1296.0,0.0449,5860.0,G,0.0003393948400236,0.2942805692146314,0.2931190106550467,0.05167083505364702,1.7536814796918354e-05,0.293 +/- 0.052
4233,Kepler-1056 b,Kepler-1056,3.01,590.0,0.1629,6127.0,F,0.0006517735818865,0.3027209961779728,0.2929638380893642,0.02390021550971452,1.5577529070625916e-05,0.293 +/- 0.024
4234,TOI-2005 b,TOI-2005,11.99360935,1221.39,0.16,7130.0,F,0.0942777193766487,0.2711229284430754,0.2928007942461255,0.07865929285377102,0.007415818738033452,0.293 +/- 0.079
4235,HATS-6 b,HATS-6,11.186582,712.8,0.03623,3724.0,K,0.1261716140126327,0.2824578480048651,0.2927029759500533,0.0693384441721366,0.008748543414323299,0.293 +/- 0.069
4236,Kepler-555 b,Kepler-555,2.83,664.0,0.1201,5894.0,G,0.0011687911010554,0.3331040084207343,0.29253105244299515,0.042209627974920755,4.933423755594644e-05,0.293 +/- 0.042
4237,Kepler-1546 b,Kepler-1546,3.13,671.0,0.1366,5623.0,G,0.0008117586437338,0.3024148074063709,0.29241959674102247,0.03398611293773347,2.7588520944118278e-05,0.292 +/- 0.034
4238,Kepler-1016 c,Kepler-1016,3.68,407.0,0.43519,5821.0,G,0.0012352797005666,0.3027250174361679,0.2924141410395803,0.03826025583180948,4.726211736751912e-05,0.292 +/- 0.038
4239,K2-250 b,K2-250,2.71257333,1003.0,0.04606,5003.0,K,0.0063092549456338,0.2122367140380056,0.29219807804511266,0.0952813746992324,0.0006011544845479192,0.292 +/- 0.095
4240,HIP 63242 b,HIP 63242,12.5,908.5155839264386,0.565,4830.0,K,0.0627540096425302,0.3131769722818052,0.29188667416864644,0.08461496820067205,0.00530992853036736,0.292 +/- 0.085
4241,HD 143811 AB b,HD 143811 A,15.69257298,1042.0,63.0,6791.0,F,0.0765315041227252,0.2480304370788582,0.2915782761769173,0.14733604320218777,0.011275848997754252,0.292 +/- 0.147
4242,Kepler-616 d,Kepler-616,2.653,499.0,0.2749,6004.0,F,0.0006359643298572,0.2751877848942615,0.2914346081638222,0.05673013200904307,3.6078340385841565e-05,0.291 +/- 0.057
4243,Kepler-924 b,Kepler-924,3.07,610.0,0.31318,6167.0,F,0.0007909839655725,0.300605949025774,0.2913007826882263,0.03855149773612283,3.0493616558077696e-05,0.291 +/- 0.039
4244,Kepler-1723 b,Kepler-1723,2.88046569,568.0,0.2249,6072.0,F,0.0008353641314967,0.2790994704312447,0.2910389160080125,0.060746681207071225,5.0745598587851964e-05,0.291 +/- 0.061
4245,Kepler-154 c,Kepler-154,2.95,454.0,0.303,5690.0,G,0.0012178534168347,0.2762350475658568,0.29038079758411445,0.05022400365129833,6.116547445385213e-05,0.290 +/- 0.050
4246,Kepler-133 c,Kepler-133,2.84,663.0,0.204,5736.0,G,0.0023639698372938,0.2912371160636753,0.29034415648200607,0.05222909960174996,0.00012346801608755054,0.290 +/- 0.052
4247,Kepler-357 d,Kepler-357,3.43,402.0,0.246,5036.0,K,0.001181059756902,0.2771628155233373,0.28986893013666676,0.06583080201349671,7.775011102272411e-05,0.290 +/- 0.066
4248,Kepler-1452 b,Kepler-1452,2.7,810.0,0.25764,6101.0,F,0.0005681806773236,0.298857290026184,0.28983347082335426,0.042769976115650955,2.4301073998504755e-05,0.290 +/- 0.043
4249,HD 47536 b,HD 47536,12.6,673.6847521963797,1.93,4380.0,K,0.0880955899753893,0.2103966410482044,0.2896850720041173,0.10167287921824812,0.008956932279228067,0.290 +/- 0.102
4250,Kepler-1642 b,Kepler-1642,3.2,895.0,0.1016,5355.0,G,0.0071349966924017,0.3022573077117682,0.2896182882585083,0.033877547709568134,0.00024171619085444943,0.290 +/- 0.034
4251,Kepler-1462 b,Kepler-1462,3.82,390.0,0.3094,5756.0,G,0.0007298781897297,0.297768414359819,0.28938548299382366,0.05599135798648501,4.086687100768326e-05,0.289 +/- 0.056
4252,Kepler-171 c,Kepler-171,2.56,752.0,0.098,5642.0,G,0.0009279122207346,0.2894812753692893,0.28915064723225586,0.03828990437355874,3.552967019898436e-05,0.289 +/- 0.038
4253,Kepler-530 b,Kepler-530,3.01,488.0,0.21491,5697.0,G,0.0062597721891639,0.2942921240128573,0.289149665135205,0.03659224824546412,0.00022905913790593783,0.289 +/- 0.037
4254,Kepler-612 b,Kepler-612,2.84,1046.0,0.0452,5693.0,G,0.000578806410481,0.2987790099263607,0.28904221660801577,0.022523590363087202,1.3036798489202947e-05,0.289 +/- 0.023
4255,Kepler-355 c,Kepler-355,2.71,633.0,0.179,6184.0,F,0.0005620124098737,0.2422397288480978,0.2889154502276208,0.06884161477896325,3.868984182152205e-05,0.289 +/- 0.069
4256,EPIC 246851721 b,EPIC 246851721,11.780659,1401.0,0.07229,6202.0,F,0.0754170426913882,0.2884240783725743,0.2888305449723614,0.05197589993978083,0.003919868664681772,0.289 +/- 0.052
4257,WASP-21 b,WASP-21,11.99,1333.0,0.052,5800.0,G,0.148502382390816,0.1971502570576023,0.28867956056975536,0.08802186213029008,0.013071456228824023,0.289 +/- 0.088
4258,Kepler-487 d,Kepler-487,2.77513568,1226.0,0.03445,5422.0,G,0.0005456549094677,0.2924700335522005,0.2882064020755623,0.03660124061705249,1.997164663530328e-05,0.288 +/- 0.037
4259,TOI-1272 c,TOI-1272,4.95,697.0,0.079,5065.0,K,0.0757972850448193,0.2662688899168535,0.28815519401835593,0.09034941504705166,0.00684824036595406,0.288 +/- 0.090
4260,Kepler-811 b,Kepler-811,2.7,730.0,0.15911,5747.0,G,0.0007840180083218,0.285220841202228,0.28801011970649026,0.03102468115692932,2.43239087294746e-05,0.288 +/- 0.031
4261,HAT-P-68 b,HAT-P-68,12.016048,1027.8,0.02996,4508.0,K,0.1261623508464777,0.2687233573047433,0.28800637685302066,0.07923996677985626,0.009997100489943463,0.288 +/- 0.079
4262,Kepler-358 c,Kepler-358,2.85,411.0,0.381,5908.0,G,0.0007987779711963,0.2719824097959302,0.28800569850427515,0.058295546721547256,4.6565198540016634e-05,0.288 +/- 0.058
4263,Kepler-1641 c,Kepler-1641,2.95,767.0,0.2065,6152.0,F,0.0009757305263821,0.2904562962227183,0.287854294776248,0.03052620361599824,2.9785348722685128e-05,0.288 +/- 0.031
4264,Kepler-839 b,Kepler-839,2.57,626.0,0.2316,6058.0,F,0.0011465110674829,0.2869818255146658,0.2876059854159073,0.03512190170970247,4.026764902122047e-05,0.288 +/- 0.035
4265,Kepler-476 b,Kepler-476,3.08,807.0,0.1126,5837.0,G,0.0014642876669992,0.3046988931115343,0.28745840462847605,0.02860650815958569,4.188815709399331e-05,0.287 +/- 0.029
4266,HAT-P-31 b,HAT-P-31,12.21781,1450.0,0.061,6065.0,F,0.0948002941351518,0.3144512003133102,0.2873683280579136,0.07430741172883691,0.007044364488315568,0.287 +/- 0.074
4267,Kepler-1792 b,Kepler-1792,2.51990972,1047.0,0.0488,5229.0,G,0.0014694106459328,0.2778450397332398,0.2872895212759219,0.07377507757869536,0.00010840588439865319,0.287 +/- 0.074
4268,Kepler-251 c,Kepler-251,2.77,655.0,0.122,5526.0,G,0.0008097417488677,0.2856544760954633,0.28726554427418166,0.028292064540662777,2.290926582023412e-05,0.287 +/- 0.028
4269,Kepler-56 d,Kepler-56,12.8,297.04838275797016,2.16,4819.44,K,3.251162616884487e-05,0.2382543184408215,0.28707658852471585,0.17930332427867135,5.829442649779329e-06,0.287 +/- 0.179
4270,K2-273 b,K2-273,3.05,849.0,0.0729,5161.0,K,0.0193546547684151,0.2432985088582552,0.28670277528945254,0.07339075718611503,0.0014204527685298361,0.287 +/- 0.073
4271,K2-111 c,K2-111,3.34,923.0,0.11565,5775.0,G,0.0404409333863504,0.1517519861204833,0.2866237530266376,0.12002150054765166,0.0048537815085773995,0.287 +/- 0.120
4272,K2-358 b,K2-358,2.68,888.0,0.0863,5650.0,G,0.0024613561404582,0.2437416406258927,0.28630121874201275,0.1135987150665639,0.0002796068948772485,0.286 +/- 0.114
4273,TOI-3862 b,TOI-3862,5.53,1539.0,0.02539,5300.0,G,0.041484024895028,0.3012553447048354,0.2862977413702353,0.06027804044970818,0.0025005757306391986,0.286 +/- 0.060
4274,Kepler-1801 b,Kepler-1801,2.70926154,829.0,0.0915,5738.0,G,0.000752713617216,0.2714201187279695,0.2861794570220147,0.04779199374210497,3.597368448358427e-05,0.286 +/- 0.048
4275,TOI-2580 b,TOI-2580,17.37392009,2410.0,0.048,6120.0,F,0.2044207824660126,0.2843189617377139,0.2860477026772084,0.05217177540583353,0.010664995151101564,0.286 +/- 0.052
4276,Kepler-268 b,Kepler-268,2.55,695.0,0.18,6081.0,F,0.0008474125671928,0.292486489877675,0.28590939984204244,0.028314709245518967,2.3994240451062935e-05,0.286 +/- 0.028
4277,Kepler-1562 b,Kepler-1562,3.55,554.0,0.3308,5760.0,G,0.0011214431955616,0.2943368947771951,0.28581030688770603,0.03489785217363644,3.913595885983918e-05,0.286 +/- 0.035
4278,Kepler-805 b,Kepler-805,2.89,743.0,0.19852,6112.0,F,0.0021185886931017,0.3230483589977009,0.2857154020112521,0.05905370284168459,0.0001251105071261807,0.286 +/- 0.059
4279,Kepler-694 b,Kepler-694,2.8,914.0,0.0659,5700.0,G,0.0006066810136878,0.3104060725167634,0.2856609471240445,0.03236519507222645,1.9635349354621733e-05,0.286 +/- 0.032
4280,Kepler-259 c,Kepler-259,2.7,530.0,0.217,5938.0,G,0.0007468810258876,0.2619496096497781,0.28544299996587036,0.05438183320988984,4.061675937745088e-05,0.285 +/- 0.054
4281,Kepler-210 c,Kepler-210,3.62,497.0,0.07,4559.0,K,0.0379098763232465,0.2945453647815062,0.28535391333854787,0.06599852773790557,0.002501996024060354,0.285 +/- 0.066
4282,TOI-5634 A b,TOI-5634 A,10.42,837.0,0.0272,3896.0,K,0.0343548893940882,0.27563720096271,0.2853518966123032,0.09805818327305221,0.003368778040530938,0.285 +/- 0.098
4283,HD 144899 b,HD 144899,4.77,705.1073885611414,0.242,6126.0,F,0.0943614361811437,0.2235374578455222,0.28492178718169314,0.10806726509256219,0.010197382338302545,0.285 +/- 0.108
4284,HD 102329 b,HD 102329,12.6,487.4806598396919,1.81,4745.0,K,0.0342166536595238,0.2839315582818122,0.2848643024104978,0.1375290842490865,0.004705785043862463,0.285 +/- 0.138
4285,TOI-2537 c,TOI-2537,12.7,123.1,2.78,4870.0,K,0.0471777543173723,0.2699765745116271,0.28473411816171185,0.14410331706348806,0.006798470888739643,0.285 +/- 0.144
4286,Kepler-1656 b,Kepler-1656,4.574,651.0,0.1974,5569.0,G,0.0727508280168609,0.2259982660851541,0.2846424104843365,0.09936884058181712,0.007229165431402646,0.285 +/- 0.099
4287,KOI-12 b,KOI-12,13.78707,911.0,0.154,6635.0,F,0.1460990015167218,0.2831393533284584,0.2846182841153294,0.06598211587979655,0.00963992124799891,0.285 +/- 0.066
4288,Kepler-657 b,Kepler-657,3.52,616.0,0.17337,5808.0,G,0.0009933895600578,0.2902926124685067,0.2846109058802133,0.02318663079042213,2.3033356960120077e-05,0.285 +/- 0.023
4289,Kepler-80 c,Kepler-80,2.74,495.0,0.0792,4540.0,K,0.0092654641646654,0.2593938778295193,0.2838317027270524,0.10118526290987366,0.0009375284274836815,0.284 +/- 0.101
4290,Kepler-265 e,Kepler-265,2.59,476.0,0.319,5835.0,G,0.0004086200362783,0.2738102727677882,0.2837391378990704,0.06915964433506532,2.8260016377188716e-05,0.284 +/- 0.069
4291,Kepler-664 b,Kepler-664,2.66,1406.0,0.0374,5754.0,G,0.0003305426074576,0.2869959224035281,0.2837302929739447,0.0291869893701467,9.647543570245545e-06,0.284 +/- 0.029
4292,Kepler-10 d,Kepler-10,3.49,387.0,0.5379,5708.0,G,0.0469330667340011,0.2592600381142696,0.28353425036017615,0.09355538109154754,0.004390840944094505,0.284 +/- 0.094
4293,Kepler-498 b,Kepler-498,3.03,931.0,0.0897,5744.0,G,0.0010953738496427,0.2877761955857255,0.28332654228539167,0.021974401195649775,2.407018443127204e-05,0.283 +/- 0.022
4294,Kepler-1999 b,Kepler-1999,3.29,577.0,0.0713,4406.0,K,0.0011420600679553,0.2847426725961125,0.2831549858569191,0.04725810018254281,5.397158910591322e-05,0.283 +/- 0.047
4295,TOI-3288 b,TOI-3288,12.24020692,973.0,0.02285,4072.0,K,0.1049895837398618,0.2774679424431902,0.2830789034846723,0.056759016692735156,0.005959105536054131,0.283 +/- 0.057
4296,WASP-139 b,WASP-139,8.9672,910.0,0.062,5310.0,G,0.101571679936789,0.1684192385711773,0.28297117784886305,0.11209334101691722,0.011385508956815659,0.283 +/- 0.112
4297,K2-100 b,K2-100,3.88,1841.0,0.0301,5945.0,G,0.0475470658080891,0.238680008014813,0.28260864824638315,0.08758673768110915,0.004164492380439535,0.283 +/- 0.088
4298,Kepler-1510 b,Kepler-1510,3.36,537.0,0.4089,6200.0,F,0.0006534352330258,0.2796864859302648,0.2825600301818983,0.04971160839294878,3.24833164143338e-05,0.283 +/- 0.050
4299,Kepler-80 b,Kepler-80,2.67,547.0,0.0648,4540.0,K,0.0092629803777822,0.2727829064356472,0.2824495460731993,0.07558334199706873,0.0007001270138060489,0.282 +/- 0.076
4300,TOI-1478 b,TOI-1478,11.99360935,918.0,0.0818,5597.0,G,0.092979971916336,0.2472459833599982,0.2824022361285129,0.09299194733033699,0.00864638865122013,0.282 +/- 0.093
4301,Kepler-1915 b,Kepler-1915,3.21798413,809.0,0.114,6020.0,F,0.0005291505751609,0.2916837411486439,0.2822251987805392,0.03308341626489755,1.7506108744858013e-05,0.282 +/- 0.033
4302,Kepler-1627 b,Kepler-1627,3.69,794.0,0.0643,5445.0,G,0.0187734033983135,0.3056487164910217,0.28221645375681537,0.05273672235953945,0.0009900477627604934,0.282 +/- 0.053
4303,TIC 88785435 b,TIC 88785435,5.03,635.0,0.08432,3998.0,K,0.0882278325174635,0.2850308772663997,0.2822110802260184,0.09171236398503718,0.00809158308945251,0.282 +/- 0.092
4304,Kepler-894 b,Kepler-894,2.78,896.0,0.0916,5603.0,G,0.0005615016398657,0.2811548097887603,0.2820875150173638,0.041741527180080874,2.34379359621141e-05,0.282 +/- 0.042
4305,Kepler-313 b,Kepler-313,2.53,883.0,0.125,5727.0,G,0.0005345708031146,0.2749675784814957,0.2820857995290192,0.04119235997227105,2.202023295256264e-05,0.282 +/- 0.041
4306,HAT-P-26 b,HAT-P-26,7.06167,1080.0,0.04748,5079.0,K,0.141354464843567,0.235695589923408,0.2820532955416606,0.09321481607956761,0.013176330442418805,0.282 +/- 0.093
4307,HD 56414 b,HD 56414,3.71,1133.0,0.229,8500.0,A,0.0392031985692897,0.1061370952743292,0.2819590021567769,0.12686654961515328,0.0049735745363634985,0.282 +/- 0.127
4308,Kepler-209 c,Kepler-209,3.1,486.0,0.231,5513.0,G,0.0029282773666434,0.281464868316414,0.2817307951044583,0.028622831912320342,8.381559085808609e-05,0.282 +/- 0.029
4309,Kepler-279 e,Kepler-279,4.13,552.0,0.439,6689.45,F,0.0016128252085859,0.2958272111640877,0.28159067631443035,0.10534455457555593,0.00016990235320670972,0.282 +/- 0.105
4310,Kepler-1663 b,Kepler-1663,3.30395896,362.0,0.1072,3844.0,K,0.0127305117728122,0.2660846076228949,0.2815855419672076,0.07278813301539347,0.0009266301842734869,0.282 +/- 0.073
4311,TOI-813 b,TOI-813,6.71,610.0,0.423,5907.0,G,0.0918772682505404,0.3656667222531614,0.28088382867205536,0.11757744305612272,0.010802694275880027,0.281 +/- 0.118
4312,HD 163607 b,HD 163607,13.9,537.0357138480741,0.362,5522.0,G,0.1523114556380105,0.1668097531670785,0.2808072547308244,0.11902979746753897,0.018129601716578434,0.281 +/- 0.119
4313,Kepler-858 b,Kepler-858,4.87,399.0,0.33939,5653.0,G,0.0376198399201905,0.3218492405654429,0.2806071185776493,0.0713838163383225,0.002685447743539972,0.281 +/- 0.071
4314,KOI-351 e,KOI-351,2.66,450.0,0.42,6080.0,F,0.0012118813094682,0.2779494546308158,0.28055079259093485,0.03458294804245075,4.1910428358955935e-05,0.281 +/- 0.035
4315,Kepler-1920 b,Kepler-1920,2.95415848,660.0,0.2043,6277.0,F,0.0005907994780155,0.3042686802398406,0.28051646207230324,0.0502859243425332,2.9708897853095543e-05,0.281 +/- 0.050
4316,Kepler-739 b,Kepler-739,3.32,775.0,0.1054,5601.0,G,0.0007887270774594,0.2838640039458434,0.2804833398827409,0.018853352389046514,1.4870149530124854e-05,0.280 +/- 0.019
4317,TOI-2154 b,TOI-2154,16.28664896,1580.0,0.0513,6280.0,F,0.1518812469228806,0.2842777319454391,0.2803283149643785,0.047834923990294945,0.007265227902107212,0.280 +/- 0.048
4318,Kepler-742 b,Kepler-742,3.24,690.0,0.0744,4642.0,K,0.0041095512179447,0.2740053880423246,0.2796979512991408,0.038189697006017286,0.0001569425158440174,0.280 +/- 0.038
4319,Kepler-94 b,Kepler-94,3.51,997.0,0.03377,4781.0,K,0.0490286123011629,0.2437064327180943,0.2795100583062497,0.07242982738923213,0.003551133926106812,0.280 +/- 0.072
4320,Kepler-145 c,Kepler-145,4.32,709.0,0.26244,6022.0,F,0.0058608019337172,0.2905183793893446,0.2794412667001018,0.07613646807605795,0.0004462207593265583,0.279 +/- 0.076
4321,Kepler-1677 b,Kepler-1677,2.70216183,712.0,0.1599,6013.72,F,0.0008898974395499,0.2882521449739307,0.279017132291041,0.04908074604409206,4.3676830235836406e-05,0.279 +/- 0.049
4322,Kepler-852 b,Kepler-852,2.54,565.0,0.27967,6100.0,F,0.0008447858446768,0.2772622980833973,0.27898591194693506,0.04402691557224374,3.7193315060212085e-05,0.279 +/- 0.044
4323,HD 135344 A b,HD 135344 A,16.25302201,1585.0,16.5,9540.0,A,0.0728084831104333,0.2545509342569776,0.2788560168636648,0.13076035284299709,0.009520462941483652,0.279 +/- 0.131
4324,Kepler-139 b,Kepler-139,2.94,752.0,0.127,5594.0,G,0.0087611622373183,0.2915448879595127,0.27879986022583947,0.06753523580428451,0.0005916871576168842,0.279 +/- 0.068
4325,Kepler-1267 b,Kepler-1267,3.01,774.0,0.1057,6096.0,F,0.0003755767817427,0.2871057079381345,0.27850687422644294,0.04518455690051125,1.6970270465163922e-05,0.279 +/- 0.045
4326,Kepler-325 d,Kepler-325,2.79,498.0,0.22,5752.0,G,0.0008078015070841,0.2768483903692553,0.2784182736271395,0.03689623390309847,2.980483335265041e-05,0.278 +/- 0.037
4327,Kepler-304 b,Kepler-304,2.86,875.0,0.039,4731.0,K,0.0056081357608167,0.2753436433051344,0.2779569719830312,0.04371585852567087,0.0002451644695126184,0.278 +/- 0.044
4328,WASP-19 b,WASP-19,15.86070769,2113.0,0.01652,5616.0,G,0.1245478947161814,0.2783020676289124,0.2777828847039659,0.08009646654090322,0.00997584628187456,0.278 +/- 0.080
4329,Kepler-199 c,Kepler-199,3.25,420.0,0.316,5644.0,G,0.0051292836841593,0.2793310578118043,0.277775870211343,0.03442080906931932,0.00017655409435482201,0.278 +/- 0.034
4330,TOI-5005 b,TOI-5005,6.25,1040.0,0.06614,5749.0,G,0.0787424168741915,0.1871624134655252,0.27733144429976136,0.08820467741376575,0.006945449479168327,0.277 +/- 0.088
4331,Kepler-1810 b,Kepler-1810,3.91815325,380.0,0.4137,5492.0,G,0.0011886034952605,0.2867259314147298,0.27730516335949185,0.038381799298408334,4.5620740800475156e-05,0.277 +/- 0.038
4332,Kepler-266 c,Kepler-266,3.89,421.0,0.457,5885.0,G,0.0011360816045066,0.2833919157706758,0.2772696131251561,0.05274263887611409,5.991994180028788e-05,0.277 +/- 0.053
4333,Kepler-585 b,Kepler-585,2.83,1178.0,0.03841,5593.0,G,0.0019144788229352,0.2822418091308092,0.27723890874681617,0.030960049730721365,5.92723595664867e-05,0.277 +/- 0.031
4334,Kepler-244 b,Kepler-244,2.76,1038.0,0.05,5554.0,G,0.0007242845434827,0.2622878182664964,0.2771930900940021,0.06957134672626097,5.0389451103106565e-05,0.277 +/- 0.070
4335,HAT-P-36 b,HAT-P-36,14.313893,1780.97,0.0241,5620.0,G,0.1137962146767925,0.3082600424564022,0.2771597383706825,0.07707197720440398,0.008770499263517213,0.277 +/- 0.077
4336,DMPP-7 b,DMPP-7,9.13,1354.2042301139318,0.05873,5996.82,G,0.1088447412543329,0.2669009871453271,0.27711709469763707,0.10439873644145248,0.01136325345524919,0.277 +/- 0.104
4337,XO-5 b,XO-5,12.78,1230.0,0.0515,5430.0,G,0.1022250719552567,0.3003043467953869,0.277110421939456,0.08781178529335112,0.00897656607013237,0.277 +/- 0.088
4338,Kepler-168 c,Kepler-168,2.69,862.0,0.116,6282.0,F,0.0006516465273724,0.2778382071290428,0.2769975085275952,0.03093075482030271,2.0155918967657382e-05,0.277 +/- 0.031
4339,Kepler-586 b,Kepler-586,2.79,1365.0,0.0331,5575.0,G,0.0011236770461171,0.2802800426993919,0.2769365501808384,0.026257457481023247,2.950490226082155e-05,0.277 +/- 0.026
4340,Kepler-1757 b,Kepler-1757,2.94660251,549.0,0.1335,5288.0,G,0.000670962866717,0.2244928139873304,0.27688266939242506,0.0648639136383398,4.352127744126439e-05,0.277 +/- 0.065
4341,HD 14067 b,HD 14067,12.2,329.5400753030288,5.15,4815.0,K,0.0724968037481364,0.185767548444333,0.2768733021499887,0.14682731413931896,0.010644510978024178,0.277 +/- 0.147
4342,WISE J033605.05-014350.4 b,WISE J033605.05-014350.4,12.6,325.0,0.97,415.0,M,0.0079929705539407,0.2576074764163646,0.27686372139479626,0.14026854078404136,0.0011211623161310727,0.277 +/- 0.140
4343,Kepler-182 c,Kepler-182,3.43,729.0,0.157,6250.0,F,0.0008431687984173,0.2857037360830881,0.27684101154711893,0.03765945800088355,3.175327995165176e-05,0.277 +/- 0.038
4344,HAT-P-56 b,HAT-P-56,16.92559,1840.0,0.0423,6566.0,F,0.1480682748902985,0.2656604556572746,0.27683874956859017,0.0539979676393277,0.007995385915937417,0.277 +/- 0.054
4345,Kepler-708 b,Kepler-708,2.93,1221.0,0.0426,5692.0,G,0.0004597915264629,0.2802683834370097,0.2766822871739613,0.021833110280313567,1.0038679103218209e-05,0.277 +/- 0.022
4346,Kepler-227 b,Kepler-227,3.11,793.0,0.09,5854.0,G,0.0004384549045633,0.2894386857488951,0.27665331414718713,0.02979194710543196,1.3062425324867051e-05,0.277 +/- 0.030
4347,Kepler-275 d,Kepler-275,3.33,671.0,0.224,6165.0,F,0.0003817432617673,0.2795278349485126,0.2766107916775863,0.030371188859665253,1.1593996699039298e-05,0.277 +/- 0.030
4348,Kepler-869 b,Kepler-869,3.61,494.0,0.2244,5664.0,G,0.0010307833134759,0.3043059564802181,0.2762520388835078,0.05583884730934827,5.755775205020485e-05,0.276 +/- 0.056
4349,Kepler-1786 b,Kepler-1786,3.16305828,501.0,0.35722,5808.0,G,0.0013628437906774,0.2757594754808607,0.27620977060442764,0.038893030781162546,5.300512550073236e-05,0.276 +/- 0.039
4350,V1298 Tau c,V1298 Tau,5.08,953.0,0.0824,4970.0,K,0.1016761207557636,0.1576336433006093,0.2761677343480661,0.19639398306242864,0.019968578337560886,0.276 +/- 0.196
4351,Kepler-1740 b,Kepler-1740,3.32321414,858.0,0.0779,5705.0,G,0.0006470977094373,0.2819094660244948,0.2760958038711454,0.021434057158480745,1.3869929291201054e-05,0.276 +/- 0.021
4352,Kepler-1790 b,Kepler-1790,3.1446145,682.0,0.20989,5866.0,G,0.0004731940313661,0.2810617633471384,0.2758991534773035,0.03157620239783529,1.4941670507863595e-05,0.276 +/- 0.032
4353,Kepler-582 b,Kepler-582,3.68,603.0,0.1254,5564.0,G,0.0023448915051203,0.2877966457747304,0.27583204760577607,0.051594563026814415,0.00012098365255197104,0.276 +/- 0.052
4354,TIC 245076932 b,TIC 245076932,10.87271128,845.0,0.157,6130.0,F,0.1209816835975821,0.290228905232108,0.2758274536954279,0.06483825589611132,0.007844241359842402,0.276 +/- 0.065
4355,Kepler-396 c,Kepler-396,5.3,390.0,0.38946,5656.0,G,0.0657917207381701,0.2495918063356745,0.2757221623115408,0.0954923710472437,0.006282607408565978,0.276 +/- 0.095
4356,Kepler-557 b,Kepler-557,2.67,1281.0,0.0469,6068.0,F,0.0005420865257979,0.276850929891217,0.2756955238126297,0.04584305100163506,2.485090024945229e-05,0.276 +/- 0.046
4357,Kepler-310 c,Kepler-310,3.38,417.0,0.281,5797.0,G,0.0024896766584974,0.2696750664318386,0.27563432520407327,0.038138032705062594,9.495136982680479e-05,0.276 +/- 0.038
4358,K2-195 b,K2-195,3.13,720.0,0.1208,5713.0,G,0.019872851115162,0.2680889994111044,0.2754902096582402,0.04217453320281232,0.0008381282191909456,0.275 +/- 0.042
4359,TIC 147027702 b,TIC 147027702,10.92875618,863.0,0.274,6410.0,F,0.0712630301105294,0.2978259609051373,0.2754352670184208,0.0694472169060857,0.0049490191094708515,0.275 +/- 0.069
4360,NSVS 14256825 b,NSVS 14256825,12.3,433.0782129447446,3.12,40000.0,O,8.167661686665346e-05,0.2402233920985576,0.27504686034018283,0.19305148474897846,1.5767792155380906e-05,0.275 +/- 0.193
4361,TOI-6109 c,TOI-6109,4.8326,786.0,0.0786,5660.0,G,0.0972578672534979,0.2545914509862841,0.27502995848663003,0.05882898290886325,0.005721581410408519,0.275 +/- 0.059
4362,Kepler-893 b,Kepler-893,3.03,1034.0,0.0699,5820.0,G,0.0005026071889132,0.2787669558147648,0.27497345835038894,0.03534431321039064,1.7764305906742118e-05,0.275 +/- 0.035
4363,Kepler-346 b,Kepler-346,2.66,1008.0,0.071,6033.0,F,0.0004491405470331,0.2699523544885072,0.27427144155446237,0.030640759851181556,1.3762007641069533e-05,0.274 +/- 0.031
4364,KOI-351 f,KOI-351,2.88,407.0,0.48,6080.0,F,0.0013116449496566,0.2670544676358414,0.2738835631194958,0.0388804118101257,5.0997295791320196e-05,0.274 +/- 0.039
4365,HAT-P-4 b,HAT-P-4,14.28,1686.0,0.04438,5860.0,G,0.1391735199336225,0.2883984053124885,0.27381904362549536,0.0603130969927203,0.008393986006574867,0.274 +/- 0.060
4366,K2-329 b,K2-329,8.675766,650.0,0.1016,5282.0,G,0.0895689943685955,0.2735819155681167,0.2737433794795904,0.06773224499871448,0.0060667090708621885,0.274 +/- 0.068
4367,TOI-5110 b,TOI-5110,11.98240037,976.0,0.2157,6160.0,F,0.0583502909879511,0.1797549148882963,0.2737337100544183,0.08642122058456733,0.0050427033686434135,0.274 +/- 0.086
4368,TOI-5795 b,TOI-5795,5.62,1136.78,0.064,5715.0,G,0.1218465014442073,0.2211361332285427,0.2736132651398419,0.08101165463551285,0.009870986693543641,0.274 +/- 0.081
4369,CoRoT-10 b,CoRoT-10,10.87,600.0,0.1055,5075.0,K,0.0389101995060774,0.1973651554986396,0.2735620381882451,0.13662947369606546,0.005316280079924261,0.274 +/- 0.137
4370,Kepler-214 b,Kepler-214,2.61,758.0,0.13,6169.0,F,0.0007130295711739,0.2785464806048849,0.2734665434744631,0.027887495947668383,1.988460927667986e-05,0.273 +/- 0.028
4371,Kepler-1767 b,Kepler-1767,3.01299077,393.0,0.2873,5243.0,G,0.00080276345285,0.2565797614542101,0.27331576547391656,0.05434148337493625,4.362335682705469e-05,0.273 +/- 0.054
4372,TOI-201 c,TOI-201,10.4,155.10920376235492,4.37,6423.0,F,0.0961137585339468,0.1601054732098886,0.2731949544529985,0.18404598716955034,0.017689351569956033,0.273 +/- 0.184
4373,Kepler-1774 b,Kepler-1774,3.18179549,522.0,0.29496,6214.0,F,0.0010171398742374,0.2872783990142883,0.27290381548471004,0.042421389133442636,4.3148486408165645e-05,0.273 +/- 0.042
4374,TOI-2328 b,TOI-2328,9.97599282,842.0,0.127,5525.0,G,0.1155530679388065,0.2701362261760658,0.27279355946241274,0.09650747696296012,0.011151735042103735,0.273 +/- 0.097
4375,Kepler-228 c,Kepler-228,2.7,1160.0,0.052,6043.0,F,0.0004013764806806,0.2644560157271863,0.27246918398437026,0.030410643249552623,1.2206116962738676e-05,0.272 +/- 0.030
4376,HD 17092 b,HD 17092,12.5,614.3352979185214,1.31,4326.0,K,0.0305560430527342,0.2615290546417383,0.27243140153795325,0.14612925351103925,0.004465131761547226,0.272 +/- 0.146
4377,Kepler-430 b,Kepler-430,3.25,667.0,0.2244,5884.0,G,0.0004351214145641,0.283951318073722,0.27239237616846185,0.03307292348704668,1.4390737251453998e-05,0.272 +/- 0.033
4378,Kepler-1710 b,Kepler-1710,3.19744103,694.0,0.11583,5650.0,G,0.0182572627008808,0.2602117099152335,0.2721672845519683,0.11820613456384776,0.0021581204515878348,0.272 +/- 0.118
4379,Kepler-949 c,Kepler-949,2.97,582.0,0.1394,5211.0,G,0.0036196009590519,0.2785760824276883,0.2717196443013809,0.0395608906106032,0.00014319463759508667,0.272 +/- 0.040
4380,HD 99283 b,HD 99283,13.8,694.3031062852317,1.08,4886.0,K,0.0987757841144974,0.2690789260131005,0.2715743578067865,0.05468457021533967,0.005401511301984466,0.272 +/- 0.055
4381,Kepler-1068 b,Kepler-1068,3.63,702.0,0.13038,5806.0,G,0.0006664725733109,0.2751975036559951,0.2714506975831555,0.04046199550921248,2.696681026831892e-05,0.271 +/- 0.040
4382,Qatar-4 b,Qatar-4,12.722215,1385.0,0.02803,5215.0,G,0.0543368487013894,0.2890731490680737,0.27128956117319186,0.06373654524063153,0.003463243015489456,0.271 +/- 0.064
4383,Kepler-606 b,Kepler-606,3.31,683.0,0.17,6161.0,F,0.0006389638490182,0.2722009703791153,0.27126585961472494,0.02109716415051408,1.348032520898126e-05,0.271 +/- 0.021
4384,Kepler-1780 b,Kepler-1780,3.60600667,340.0,0.4276,5403.0,G,0.001326412138337,0.2365510301953679,0.2710802923218337,0.0805695162803565,0.00010686838437420539,0.271 +/- 0.081
4385,Kepler-114 d,Kepler-114,2.53,446.0,0.08358,4660.0,K,0.0260667533657226,0.1301595098111423,0.27100481073470284,0.17197020224454507,0.004482704848161992,0.271 +/- 0.172
4386,Kepler-684 b,Kepler-684,3.36,812.0,0.064,5493.0,G,0.0007497116281085,0.2766091690244482,0.27098444465025956,0.041976271949127925,3.1470099184905855e-05,0.271 +/- 0.042
4387,HATS-17 b,HATS-17,8.709393,814.0,0.1308,5846.0,G,0.0413478785541751,0.2963981255707746,0.2708064595452572,0.07107447900273697,0.0029387789261064363,0.271 +/- 0.071
4388,HD 96063 b,HD 96063,13.7,458.0298157956677,1.11,5020.0,K,0.0739310183992103,0.1701350425265832,0.270629909436266,0.1289480148257766,0.009533258056626134,0.271 +/- 0.129
4389,Kepler-1921 b,Kepler-1921,2.89459458,967.0,0.15865,6120.0,F,0.0005459967523192,0.284842590063347,0.2703816447309066,0.043326100327320476,2.3655910069372807e-05,0.270 +/- 0.043
4390,Kepler-325 c,Kepler-325,2.54,721.0,0.105,5752.0,G,0.0005775653022195,0.2702691292327367,0.27035629186295235,0.05686095720159416,3.284091593062879e-05,0.270 +/- 0.057
4391,Kepler-346 c,Kepler-346,3.07,654.0,0.168,6033.0,F,0.0005934354411159,0.2723150407162151,0.27012826030914844,0.03303134129411517,1.960196859152308e-05,0.270 +/- 0.033
4392,Kepler-38 b,Kepler-38,4.3,475.0,0.4632,5623.0,G,0.0005227816056246,0.2746612727245656,0.2700373326259446,0.10416795501517402,5.445709077746378e-05,0.270 +/- 0.104
4393,Kepler-803 b,Kepler-803,3.79,543.0,0.26721,5919.0,G,0.0034910278498937,0.293783834454982,0.2698497124425984,0.04432034120699535,0.00015472354547041214,0.270 +/- 0.044
4394,Kepler-204 b,Kepler-204,2.53,828.0,0.117,5812.0,G,0.0009365712239652,0.2712049454728817,0.26978118748764096,0.042911339397130786,4.018952566115689e-05,0.270 +/- 0.043
4395,Kepler-221 d,Kepler-221,2.73,712.0,0.087,5243.0,G,0.0084694335494109,0.1940340641478832,0.2697694104481755,0.14727208591641958,0.0012473111453522485,0.270 +/- 0.147
4396,Kepler-19 c,Kepler-19,3.68,539.3386110079001,0.1765736996,5544.0,G,0.0337224057219531,0.2552388360802851,0.2696017278049247,0.11120852221119333,0.003750218905744694,0.270 +/- 0.111
4397,Kepler-1099 b,Kepler-1099,2.83,1558.0,0.0337,5837.0,G,0.0002931864235657,0.2559187687678897,0.2695373753589787,0.053294215125191696,1.5625140329295988e-05,0.270 +/- 0.053
4398,Kepler-1776 b,Kepler-1776,2.61157023,603.0,0.2093,5872.0,G,0.001033077291326,0.2651744769054903,0.2694697475070669,0.036449005638641396,3.765464001669376e-05,0.269 +/- 0.036
4399,Kepler-1844 b,Kepler-1844,3.03648191,1074.0,0.0478,5776.0,G,0.0002882814064383,0.2683683476025751,0.2694693416701101,0.040042995592361644,1.1543651087368662e-05,0.269 +/- 0.040
4400,Kepler-636 b,Kepler-636,4.45,614.0,0.1185,5203.0,G,0.0207240907018752,0.2925360444208382,0.26937148126610355,0.053945449529699985,0.0011179703890069335,0.269 +/- 0.054
4401,Kepler-457 d,KOI-7892,2.98467257,1008.0,0.0996,6474.0,F,0.0005228241875345,0.2805594054240689,0.26932424741922445,0.028506078592766673,1.490366738005784e-05,0.269 +/- 0.029
4402,TOI-2379 b,TOI-2379,11.72459381,624.0,0.05263,3707.0,K,0.0894610270369659,0.2303353524364568,0.26931271858384664,0.08917667062898105,0.007977836542205876,0.269 +/- 0.089
4403,Kepler-656 b,Kepler-656,3.12,1569.0,0.02231,5281.0,G,0.0007544427092919,0.2456444189954334,0.2692694898783573,0.0687636525229268,5.1878236310203685e-05,0.269 +/- 0.069
4404,WASP-55 b,WASP-55,14.72860064,1342.0,0.0558,6096.0,F,0.1654429004757882,0.367020090891464,0.26903446530094016,0.08968670109017896,0.01483802796246424,0.269 +/- 0.090
4405,Kepler-1660 AB b,Kepler-1660 A,12.9,379.66465421486834,0.8,6305.24,F,2.06708159217464e-06,0.2562561599546707,0.2689561170894303,0.12082349183157515,2.49752015867312e-07,0.269 +/- 0.121
4406,Kepler-284 c,Kepler-284,2.61,478.0,0.213,5615.0,G,0.0006159926451752,0.2470869558344046,0.26889956050782704,0.054458707124283565,3.354616305430895e-05,0.269 +/- 0.054
4407,Kepler-1641 b,Kepler-1641,3.11,908.0,0.1473,6152.0,F,0.000940562175917,0.2678204873642272,0.26881598609146706,0.024550328811055587,2.3091110686004256e-05,0.269 +/- 0.025
4408,WASP-164 b,WASP-164,12.643752,1610.0,0.02818,5806.0,G,0.0640037044192344,0.3183191119628172,0.26876623414514095,0.06027863380417904,0.0038580558607979464,0.269 +/- 0.060
4409,Kepler-1054 b,Kepler-1054,2.63,1177.0,0.05542,6209.0,F,0.0003725250777664,0.2716171495646853,0.26868484043841123,0.040738071319949686,1.5175953186517405e-05,0.269 +/- 0.041
4410,Kepler-970 b,Kepler-970,2.609,464.0,0.139,4290.0,K,0.0123951086115259,0.21219773236072,0.26827610542835606,0.08688326538624337,0.0010769275109865153,0.268 +/- 0.087
4411,HD 2952 b,HD 2952,13.9,668.6543446338954,1.117,4853.0,K,0.0997585208978188,0.2552617079144622,0.2682396375765371,0.06303226336830191,0.006288005362463564,0.268 +/- 0.063
4412,Kepler-368 b,Kepler-368,3.26,800.0,0.186,5502.0,G,0.00179562043342,0.2807082424046753,0.26821279310517404,0.041856059116614365,7.515759501222822e-05,0.268 +/- 0.042
4413,Kepler-1978 b,Kepler-1978,2.67,676.0,0.0914,5251.0,G,0.0008991206022837,0.2562574210117817,0.2678716085980923,0.03873504732893627,3.4827479083880806e-05,0.268 +/- 0.039
4414,Kepler-598 c,Kepler-598,3.02420941,367.0,0.36672,5245.0,G,0.001737039060886,0.2319976766994547,0.2678348455204934,0.053856063607934414,9.355008615254308e-05,0.268 +/- 0.054
4415,AB Aur b,AB Aur,12.5,76.49436203398076,93.9,9770.0,A,0.0592942581790931,0.1917119176309623,0.26781410811377,0.21944761188464743,0.013011983355873703,0.268 +/- 0.219
4416,WASP-47 d,WASP-47,3.65,885.0,0.085,5565.0,G,0.0323288628055225,0.260483866811018,0.2677727633617689,0.058598087775890116,0.0018944095403727167,0.268 +/- 0.059
4417,Kepler-912 b,Kepler-912,2.8,1218.0,0.0339,5998.0,G,0.0003685207344433,0.269291688289729,0.2677695821787971,0.03655369279867339,1.3470793716781885e-05,0.268 +/- 0.037
4418,PH1 b,PH1,6.18,481.0,0.652,6407.0,F,9.77607186568428e-06,0.2768007895339279,0.2677326052496253,0.16590761670604232,1.6219247839826714e-06,0.268 +/- 0.166
4419,Kepler-976 b,Kepler-976,3.96,324.0,0.4217,5232.0,G,0.0017445838979838,0.3086586742031046,0.267685783960329,0.10940585367692472,0.0001908676906699346,0.268 +/- 0.109
4420,K2-258 b,K2-258,3.0,831.0,0.149,6351.0,F,0.0020160165890754,0.228806146796763,0.2675843644704587,0.043483107859064826,8.766266678842958e-05,0.268 +/- 0.043
4421,Kepler-358 b,Kepler-358,2.72,554.0,0.21,5908.0,G,0.0005428507790987,0.2598401001372283,0.26730929789036517,0.03785861657057036,2.0551579500933077e-05,0.267 +/- 0.038
4422,Kepler-951 b,Kepler-951,5.59,340.0,0.3091,4834.0,K,0.0175883168121786,0.2652416807138014,0.2672550627678465,0.16880488697583018,0.002968993831574902,0.267 +/- 0.169
4423,Kepler-472 b,Kepler-472,3.22,876.0,0.04823,4996.0,K,0.0177885201397523,0.2823074670814815,0.26725471720196636,0.0693029796279274,0.0012327974488562298,0.267 +/- 0.069
4424,TOI-172 b,TOI-172,10.816685,1198.0,0.0914,5645.0,G,0.0616816947979784,0.2637402381567995,0.2672216188348254,0.07148745386474663,0.004409467311169863,0.267 +/- 0.071
4425,2MASS J22362452+4751425 b,2MASS J22362452+4751425,12.3,9.41975973690287,230.0,4045.0,K,0.149612029687369,0.2415247835189133,0.2671971239613545,0.10562494018394666,0.015802761686527205,0.267 +/- 0.106
4426,Kepler-1936 b,Kepler-1936,3.16615594,524.0,0.52662,6501.0,F,0.0010601486756179,0.2863904502915262,0.2671262843977544,0.05489900649503411,5.820110902844891e-05,0.267 +/- 0.055
4427,Kepler-920 c,Kepler-920,3.8,364.0,0.4029,5403.0,G,0.0017084982974218,0.3117281350145338,0.2668616745649032,0.07698887032004274,0.00013153535386222078,0.267 +/- 0.077
4428,TOI-4137 b,TOI-4137,13.57407563,1570.0,0.05222,6202.0,F,0.1014668976188147,0.2738377516573343,0.26667490049465126,0.04896527970590859,0.004968355022796051,0.267 +/- 0.049
4429,Kepler-454 d,Kepler-454,13.3,114.67835633054152,5.1,5687.0,G,0.0298174107022527,0.2044112665271899,0.26641388721390413,0.17110140748974018,0.005101800938855079,0.266 +/- 0.171
4430,K2-75 c,K2-75,2.77,873.6552465193059,0.1429,5995.0,G,0.0033240828230463,0.2007911474337251,0.26617335746157467,0.061979546314356516,0.00020602514528375509,0.266 +/- 0.062
4431,Kepler-953 b,Kepler-953,4.21,410.0,0.392,5416.0,G,0.0484411724779639,0.2887658614581338,0.2660058171808568,0.09704637194059963,0.004701040041535223,0.266 +/- 0.097
4432,Kepler-192 c,Kepler-192,2.79,623.0,0.15,5479.0,G,0.0014168684037602,0.2541841256868835,0.2659062737097214,0.04225592743074152,5.987108844820158e-05,0.266 +/- 0.042
4433,TOI-5542 b,TOI-5542,11.30986153,441.0,0.332,5700.0,G,0.0998752772266896,0.3449757467768936,0.26579835425617016,0.1163046259704379,0.011615956761543929,0.266 +/- 0.116
4434,Kepler-1772 b,Kepler-1772,2.68609988,1155.0,0.04391,5541.0,G,0.0004708913134147,0.2431365541341723,0.2655690945408348,0.0737237764891417,3.4715885940863716e-05,0.266 +/- 0.074
4435,Kepler-1057 b,Kepler-1057,3.36,724.0,0.1138,5987.0,G,0.0006385091690015,0.2684692540608793,0.2654940195281504,0.026875163784416515,1.7160038494766997e-05,0.265 +/- 0.027
4436,Kepler-1791 b,Kepler-1791,3.12103321,1021.0,0.0761,5887.0,G,0.0011305459231922,0.2722390931781178,0.2654768423283025,0.04625792956646483,5.229671368667874e-05,0.265 +/- 0.046
4437,CoRoT-30 b,CoRoT-30,11.309881,818.2813212886675,0.0844,5650.0,G,9.86741341389106e-06,0.2503487764410592,0.26505935277606113,0.12605627647275877,1.2438493933724598e-06,0.265 +/- 0.126
4438,Kepler-956 b,Kepler-956,3.0,1056.0,0.06017,6040.0,F,0.0023833546056409,0.2782500561053364,0.26501548327505553,0.030156164242467365,7.187283293574802e-05,0.265 +/- 0.030
4439,Kepler-224 c,Kepler-224,3.12,758.0,0.058,5018.0,K,0.0012474679486898,0.2584290612468549,0.26498553338994507,0.03602616915046791,4.494149132928596e-05,0.265 +/- 0.036
4440,Kepler-199 b,Kepler-199,3.11,595.0,0.158,5644.0,G,0.0043738027768529,0.2641556299859162,0.2649322240480461,0.03508877374570674,0.0001534713760453353,0.265 +/- 0.035
4441,Kepler-193 c,Kepler-193,2.75,595.0,0.286,6335.0,F,0.0007212939654656,0.2529497107135035,0.2647026347102707,0.04319125072888556,3.1153588511656845e-05,0.265 +/- 0.043
4442,Kepler-335 c,Kepler-335,3.07,592.0,0.356,5877.0,G,0.0006198526105133,0.2621833312192473,0.2646076600577192,0.043933164423934565,2.723208665628588e-05,0.265 +/- 0.044
4443,K2-270 c,K2-270,2.95,848.0,0.0497,4877.0,K,0.0216575182069605,0.242588612747539,0.26432733082186227,0.06267834314105876,0.001357457357759598,0.264 +/- 0.063
4444,Kepler-698 b,Kepler-698,3.68,727.0,0.1255,5612.0,G,0.0009253525649122,0.2706739462595421,0.26420939514517533,0.035049342194451084,3.243299869812071e-05,0.264 +/- 0.035
4445,Kepler-728 b,Kepler-728,3.34,982.0,0.0625,5660.0,G,0.0007833236727324,0.2669269513167356,0.26411607413436317,0.023896005131367616,1.8718306503135158e-05,0.264 +/- 0.024
4446,HD 100655 b,HD 100655,13.5,829.7493367146664,0.68,4891.0,K,0.0760965154446893,0.2353063763915611,0.26405732531635046,0.07272083525994108,0.005533802163508813,0.264 +/- 0.073
4447,Kepler-1878 b,Kepler-1878,2.92019781,1063.0,0.0521,5918.0,G,0.0002816809083093,0.2583130276516004,0.26400666856727656,0.03767876184566243,1.0613387860655988e-05,0.264 +/- 0.038
4448,Kepler-268 c,Kepler-268,3.38,471.0,0.391,6081.0,F,0.0012152837414517,0.2596696195675889,0.2637183648861432,0.033798144806249035,4.107433587426467e-05,0.264 +/- 0.034
4449,Kepler-609 b,Kepler-609,3.35,932.0,0.0682,5971.0,G,0.000650796651342,0.2628860249871021,0.26342278968734834,0.01587295056612972,1.0330063075354324e-05,0.263 +/- 0.016
4450,BD-10 3166 b,BD-10 3166,14.1,1134.5557413450258,0.04,5393.0,G,0.1289872386992405,0.1611127226633208,0.26328066927889404,0.13572631095501714,0.017506962068922136,0.263 +/- 0.136
4451,TOI-2338 b,TOI-2338,11.2089807,799.0,0.158,5581.0,G,0.0848059243146471,0.2646299387071438,0.2631917007239687,0.10093398872962654,0.008559800208980152,0.263 +/- 0.101
4452,K2-181 b,K2-181,2.69,949.0,0.0706,5528.0,G,0.0113865674648079,0.215698260267539,0.26304573695918215,0.08419484384681719,0.0009586902696507503,0.263 +/- 0.084
4453,TOI-6109 b,TOI-6109,4.8704,700.0,0.0599,5660.0,G,0.0843527679548615,0.2300148607216804,0.26300575431284606,0.06354607487086815,0.005360287308024596,0.263 +/- 0.064
4454,TOI-942 c,TOI-942,4.67,706.71409449262,0.08598,4969.0,K,0.0652204111674177,0.238090487128677,0.26299818775642875,0.07888241296682266,0.005144743407574215,0.263 +/- 0.079
4455,TOI-4010 c,TOI-4010,5.93,907.0,0.058,4960.0,K,0.0913795477990771,0.2408249680466645,0.26288245762781143,0.06267107044904414,0.0057268540777177575,0.263 +/- 0.063
4456,Kepler-1024 b,Kepler-1024,3.91,376.0,0.3033,5143.0,K,0.0014031168260383,0.2979207346078607,0.2628154722755768,0.10305346748308998,0.00014459605420711437,0.263 +/- 0.103
4457,Kepler-1821 b,Kepler-1821,2.59248115,644.0,0.1244,5475.0,G,0.0004595992356366,0.2507136706746957,0.2627299082436913,0.048385295913152236,2.2237845017735473e-05,0.263 +/- 0.048
4458,K2-261 b,K2-261,9.26982704,1036.0,0.1086,5490.0,G,0.1351259277331448,0.1783573571120466,0.2626370880767657,0.1072953240534608,0.014498380204152297,0.263 +/- 0.107
4459,TOI-150.01,TOI-150,14.067295,1404.5,0.07037,6255.0,F,0.1053033221752368,0.2532687636652576,0.2626357902984804,0.0552508899737478,0.005818102267374126,0.263 +/- 0.055
4460,Kepler-278 c,Kepler-278,3.268,492.0,0.287,4965.0,K,0.0074837389104737,0.2652726467701385,0.2625234845422382,0.06582680480595685,0.0004926306204784964,0.263 +/- 0.066
4461,Kepler-1822 b,Kepler-1822,2.64755943,507.0,0.1416,5165.0,K,0.0004368652461676,0.2309643782071278,0.26240870026905544,0.061862065065039946,2.7025386283074764e-05,0.262 +/- 0.062
4462,HD 224693 b,HD 224693,14.0,826.3743327098393,0.191,5894.0,G,0.1177739930363103,0.2582035369539394,0.26240217590131,0.08478339193421779,0.009985278611255331,0.262 +/- 0.085
4463,Kepler-221 c,Kepler-221,2.93,860.0,0.059,5243.0,G,0.0088601966380988,0.2679543275429413,0.2622753493043556,0.041273876334782404,0.0003656946603427447,0.262 +/- 0.041
4464,Kepler-860 b,Kepler-860,3.24,1050.0,0.058,5836.0,G,0.0005967270768592,0.2662445053925935,0.2622724712654018,0.03635187732047931,2.1692149491793864e-05,0.262 +/- 0.036
4465,HD 205158 b,HD 205158,13.9,881.0682619163542,0.177,6133.55,F,0.1261691509691639,0.2482637895704378,0.2621568930234644,0.07258140602259969,0.009157534374019562,0.262 +/- 0.073
4466,Kepler-375 c,Kepler-375,2.65,720.0,0.141,5826.0,G,0.0003948692515291,0.2469097993466753,0.2620951211632116,0.057836866532488825,2.2838000198472316e-05,0.262 +/- 0.058
4467,TYC 3318-01333-1 b,TYC 3318-01333-1,13.1,430.2989995043574,1.414,4776.0,K,0.0022203891529779,0.2618660037756598,0.26196153754519197,0.0991674262718022,0.00022019027762264521,0.262 +/- 0.099
4468,HAT-P-33 b,HAT-P-33,20.73665,1782.0,0.04995,6446.0,F,0.1637766030634075,0.2493467740423304,0.26174749840345807,0.04266532663344316,0.006987582264616049,0.262 +/- 0.043
4469,Kepler-559 b,Kepler-559,3.61,706.0,0.1277,5630.0,G,0.0016554592532386,0.2797102512574796,0.2616814139212732,0.04759416092930315,7.879019411054195e-05,0.262 +/- 0.048
4470,TYC 1422-614-1 c,TYC 1422-614-1,12.5,473.994700120577,1.37,4806.0,K,0.0003604804603168,0.268230436798276,0.26159022181324154,0.10557273405957097,3.805690777069726e-05,0.262 +/- 0.106
4471,Kepler-172 e,Kepler-172,2.76,550.0,0.211,5526.0,G,0.0007363749611924,0.2461301620121088,0.2615228054663014,0.04184309738455893,3.08122092127244e-05,0.262 +/- 0.042
4472,HD 173416 b,HD 173416,13.4,705.247376747889,1.158,4683.0,K,0.0799932674818939,0.2304250452824984,0.26116854458146815,0.0613098364543633,0.004904374146765054,0.261 +/- 0.061
4473,TOI-5616 b,TOI-5616,10.78,939.0,0.0272,3996.0,K,0.0251892838888553,0.2702766985722675,0.2608382713611215,0.07905235411385944,0.001991272189856324,0.261 +/- 0.079
4474,Kepler-27 d,Kepler-27,2.7061946,810.0,0.06578,5251.0,G,0.0004821721673348,0.2421316910419322,0.2607243776021458,0.05624612951621398,2.712031817302676e-05,0.261 +/- 0.056
4475,Kepler-150 e,Kepler-150,3.12,544.0,0.189,5560.0,G,0.0007723765348466,0.258984443905545,0.26066839165390593,0.036849915218826364,2.8462009826108097e-05,0.261 +/- 0.037
4476,Kepler-741 b,Kepler-741,2.97,1051.0,0.0744,6129.0,F,0.0004122341452849,0.2657235996699278,0.26012858797620936,0.02375059353011798,9.790805623897262e-06,0.260 +/- 0.024
4477,K2-360 c,EPIC 201595106,4.02,912.0,0.0883,5679.0,G,0.0294526083417525,0.272269143094227,0.2600525817845854,0.07012948425229501,0.0020654962328919444,0.260 +/- 0.070
4478,Kepler-1847 b,Kepler-1847,2.74516914,843.0,0.0989,6122.0,F,0.0002013539610474,0.2142221640688219,0.25979133543663874,0.08859290310415203,1.7838531960709512e-05,0.260 +/- 0.089
4479,Kepler-769 b,Kepler-769,2.92,1037.0,0.0778,6186.0,F,0.0004026380668911,0.2638664441813845,0.25968633027757554,0.024171234808879758,9.732259257818213e-06,0.260 +/- 0.024
4480,Kepler-1674 b,Kepler-1674,3.2057749,417.0,0.3017,5473.91,G,0.0010940149224975,0.2455274229348969,0.2596663145025678,0.036679866599266954,4.0128321414815674e-05,0.260 +/- 0.037
4481,WASP-24 b,WASP-24,15.46842,1772.0,0.03651,6075.0,F,0.106907624409848,0.2774027709675835,0.2595481104650011,0.044368287495362625,0.004743308215262383,0.260 +/- 0.044
4482,Kepler-937 b,Kepler-937,3.72,495.0,0.3214,6095.0,F,0.0009614618998551,0.2745942998475447,0.2593811084511496,0.03976240816267624,3.823004049490063e-05,0.259 +/- 0.040
4483,Kepler-1669 b,Kepler-1669,2.78043818,530.0,0.0745,4303.0,K,0.0021333806632801,0.1988480517894164,0.25928141993131276,0.08770291735783968,0.0001871037080044678,0.259 +/- 0.088
4484,K2-272 b,K2-272,3.13,747.0,0.1007,5397.0,G,0.0066881581865102,0.2340741641884551,0.2590929545737631,0.04037273942548072,0.000270019267700372,0.259 +/- 0.040
4485,KOI-351 d,KOI-351,2.87,520.0,0.32,6080.0,F,0.0013304045091336,0.2522693779328219,0.2590455043133989,0.021542039285883226,2.86596262018722e-05,0.259 +/- 0.022
4486,Kepler-319 c,Kepler-319,2.63,876.0,0.069,5526.0,G,0.0031333915180357,0.2553594939650049,0.2590128001925541,0.029801163536775668,9.337871305372766e-05,0.259 +/- 0.030
4487,Kepler-150 d,Kepler-150,2.79,734.0,0.104,5560.0,G,0.0008559059576395,0.2635062616155376,0.2587283688785717,0.04194256473762958,3.589889103761757e-05,0.259 +/- 0.042
4488,Kepler-188 c,Kepler-188,3.19,1025.0,0.066,6021.0,F,0.0006884333597162,0.2623620497028786,0.2584908983420269,0.025700555654969346,1.769311987612373e-05,0.258 +/- 0.026
4489,WASP-120 b,WASP-120,15.58048317,1749.0,0.0514,6450.0,F,0.0879380930641291,0.2723887729808529,0.2582279798826449,0.046992007587808374,0.0041323875365269535,0.258 +/- 0.047
4490,Kepler-146 c,Kepler-146,3.13,473.0,0.364,5948.0,G,0.0016394327386946,0.2557657638987967,0.2581894193149318,0.024115099967916172,3.953508438429487e-05,0.258 +/- 0.024
4491,Kepler-619 b,Kepler-619,3.16,1073.0,0.06014,5980.0,G,0.0006900262593491,0.258424380801473,0.2573094298258889,0.023576791856136065,1.626860549194189e-05,0.257 +/- 0.024
4492,Kepler-275 c,Kepler-275,3.38,875.0,0.132,6165.0,F,0.000451033473035,0.2569818793411474,0.25709363044361666,0.028319496252954365,1.2773040749571677e-05,0.257 +/- 0.028
4493,Kepler-47 d,Kepler-47,7.04,287.61591656341,0.6992,5636.0,G,1.0605129017202836e-05,0.1610147594168983,0.25698741068868963,0.21799692773824417,2.311885544017923e-06,0.257 +/- 0.218
4494,Kepler-248 b,Kepler-248,3.02,819.0,0.066,5190.0,K,0.0012777141700821,0.2492464321759092,0.25692055271722086,0.043698701624396846,5.583445027968153e-05,0.257 +/- 0.044
4495,WASP-63 b,WASP-63,15.80469,1469.91,0.0574,5550.0,G,0.1609015763678523,0.2331387405108602,0.25686372828736137,0.06589066897396445,0.010601912505843216,0.257 +/- 0.066
4496,Kepler-620 b,Kepler-620,3.32,849.0,0.1053,6155.0,F,0.0005458577370756,0.2571940710985624,0.25654296057829656,0.023098448045130903,1.260846657987347e-05,0.257 +/- 0.023
4497,TOI-5218 b,TOI-5218,9.86,783.0,0.0469,4230.0,K,0.0253004075406158,0.2635377648993671,0.2564733174113858,0.080049627522034,0.002025288199781955,0.256 +/- 0.080
4498,HD 219139 b,HD 219139,14.0,736.1634584822475,0.94,4831.0,K,0.1050495847765339,0.2676606531654671,0.25643590110281395,0.05010453923489242,0.005263461042045,0.256 +/- 0.050
4499,Kepler-314 c,Kepler-314,2.9,890.0,0.064,5378.0,G,0.0243893038298687,0.234253761142535,0.256435058169467,0.06176056893320291,0.0015062972804174356,0.256 +/- 0.062
4500,Kepler-47 b,Kepler-47,3.05,448.3773800099853,0.2877,5636.0,G,1.0605129017202836e-05,0.1430995642260039,0.2563593441757275,0.1976415722880325,2.0960143732774057e-06,0.256 +/- 0.198
4501,Kepler-264 b,Kepler-264,3.33,772.0,0.249,6158.0,F,0.0018569122162001,0.2517431556512269,0.25585850772970437,0.047920689987931,8.89845146473269e-05,0.256 +/- 0.048
4502,Kepler-474 b,Kepler-474,3.06,1115.0,0.06092,5785.0,G,0.0019477728261425,0.2631652737586128,0.25567266744537176,0.030212244354592927,5.884658857065326e-05,0.256 +/- 0.030
4503,WASP-170 b,WASP-170,12.285064,1422.0,0.0337,5600.0,G,0.0780980538347268,0.2379478074593266,0.2554428402856835,0.06167833432155368,0.004816957874280977,0.255 +/- 0.062
4504,CoRoT-14 b,CoRoT-14,12.22,1952.0,0.027,6035.0,F,7.95096283473655e-09,0.2201606548503572,0.2551045605171047,0.15128444243153305,1.2028569792469605e-09,0.255 +/- 0.151
4505,Kepler-553 b,Kepler-553,4.74139884,1089.0,0.04766,5191.0,K,0.0022518280793577,0.2709542756613248,0.25478895162899157,0.09210449111712644,0.0002074034793324972,0.255 +/- 0.092
4506,HD 360 b,HD 360,14.0,700.3658649616274,0.98,4770.0,K,0.0983332750201588,0.259146938440372,0.25475888064452773,0.05454210928254681,0.005363304232260232,0.255 +/- 0.055
4507,Kepler-1927 b,Kepler-1927,3.40627075,677.0,0.38733,6056.0,F,0.0010581069334704,0.2552798686587343,0.25450480854008956,0.03553534649181828,3.760019650626598e-05,0.255 +/- 0.036
4508,Kepler-750 b,Kepler-750,3.07,1163.0,0.08742,6160.0,F,0.0006161594150895,0.2521693418072102,0.25443684604976297,0.01949135095516847,1.2009779403840771e-05,0.254 +/- 0.019
4509,Kepler-724 b,Kepler-724,3.29,1155.0,0.0433,5437.0,G,0.0009912369480138,0.2605032035599565,0.2543621791494541,0.03217192182486947,3.188999760142218e-05,0.254 +/- 0.032
4510,Kepler-203 b,Kepler-203,2.57,1308.0,0.043,5821.0,G,0.0008932951641954,0.2396038985938833,0.25427535704856286,0.037100037745718774,3.314128430971739e-05,0.254 +/- 0.037
4511,Kepler-312 c,Kepler-312,3.15,754.0,0.153,6115.0,F,0.0015749818520193,0.265588775008116,0.25395544235243833,0.02728134044449167,4.2967616098834524e-05,0.254 +/- 0.027
4512,Kepler-631 b,Kepler-631,2.9,828.0,0.14017,6185.0,F,0.0012561003575321,0.2491845960441163,0.253791278242898,0.027796361571162654,3.4915019707628935e-05,0.254 +/- 0.028
4513,Kepler-536 b,Kepler-536,3.1,1877.0,0.02835,5524.0,G,0.0049056738982653,0.2466129511035197,0.25367263523060385,0.05124703668243458,0.00025140125021646365,0.254 +/- 0.051
4514,Kepler-1665 b,Kepler-1665,2.83910787,906.0,0.096,5049.84,K,0.0123965103653512,0.2093379418262651,0.25364116244898993,0.08404122299451212,0.0010418178919682612,0.254 +/- 0.084
4515,WASP-17 b,WASP-17,20.96083,1755.0,0.0515,6550.0,F,0.2013579653909749,0.2402046661093921,0.2536272065773192,0.06202817271778063,0.012489866655372286,0.254 +/- 0.062
4516,Kepler-218 c,Kepler-218,3.14,500.0,0.248,5502.0,G,0.0021590151791985,0.2426616829068974,0.2535476989377028,0.03278256280430374,7.077805070751992e-05,0.254 +/- 0.033
4517,Kepler-1675 b,Kepler-1675,3.12483349,465.0,0.32185,5853.19,G,0.0021501663682784,0.2460827552779689,0.25352800514366236,0.02836590239140715,6.0991409327871504e-05,0.254 +/- 0.028
4518,Kepler-67 b,Kepler-67,2.94,602.0,0.1171,5331.0,G,0.0008067345284319,0.233404872779917,0.2532275190169707,0.04159451559999139,3.355573192791236e-05,0.253 +/- 0.042
4519,Kepler-257 b,Kepler-257,2.61,1237.0,0.034,5180.0,K,0.0006496927710167,0.1704350340136365,0.2531560318175412,0.07209834055714985,4.684177066228041e-05,0.253 +/- 0.072
4520,TOI-3757 b,TOI-3757,12.0,759.0,0.03845,3913.0,K,0.1220919391081503,0.231441153715566,0.2531263112425952,0.06445066343156339,0.007868906475166327,0.253 +/- 0.064
4521,Kepler-1725 b,Kepler-1725,2.8125177,767.0,0.13263,6020.0,F,0.0025394123338852,0.2476726423362715,0.25300979001174395,0.043669119688908874,0.00011089390114792422,0.253 +/- 0.044
4522,Kepler-154 d,Kepler-154,3.84,657.0,0.14354,5769.0,G,0.001954004573557,0.2736110812811498,0.2527378565280482,0.03476045590246946,6.792208981235175e-05,0.253 +/- 0.035
4523,Kepler-463 b,Kepler-463,3.05,880.0,0.07925,5661.0,G,0.0088582782817685,0.2417026328243888,0.2527077787893683,0.050013613970156696,0.0004430345104245927,0.253 +/- 0.050
4524,TOI-4562 b,TOI-4562,12.53,318.0,0.768,6096.0,F,0.0882277716792344,0.1932011661080158,0.25268311654399067,0.10847213575357655,0.00957025482682547,0.253 +/- 0.108
4525,TOI-954 b,TOI-954,9.550068,1526.0,0.04963,5710.0,G,0.1127665719189943,0.2067865359610919,0.2526564144785011,0.08908960294793661,0.010046329118063139,0.253 +/- 0.089
4526,Kepler-198 b,Kepler-198,2.82,655.0,0.131,5574.0,G,0.0042945424325254,0.2464478067698272,0.2525720186671793,0.031171326499417305,0.00013386658432985106,0.253 +/- 0.031
4527,KOI-984 b,KOI-984,4.3,1022.0,0.0504,5295.0,G,0.0408480603215968,0.2017575024535852,0.25236794399374257,0.09413625579430923,0.00384528345513521,0.252 +/- 0.094
4528,Kepler-1944 b,Kepler-1944,2.75971163,801.0,0.0918,5585.0,G,0.0003929316863722,0.2265601389804221,0.25212452085332854,0.04504770664764716,1.7700671340260164e-05,0.252 +/- 0.045
4529,TOI-7510 d,TOI-7510,10.52,542.4,0.2672,5720.0,G,0.0727051188942245,0.2970750287210362,0.25210520993845864,0.07842723234399376,0.005702061252115036,0.252 +/- 0.078
4530,Kepler-1625 b,Kepler-1625,6.06,350.0,0.87762,5677.0,G,0.0044497788971188,0.2174570273346473,0.2520748143174171,0.14427691743752635,0.0006420003825548562,0.252 +/- 0.144
4531,TOI-892 b,TOI-892,11.99363,1397.0,0.092,6261.0,F,0.1105729440684146,0.2604376786363591,0.25186396259944194,0.07607263110593653,0.008411574784413857,0.252 +/- 0.076
4532,V0391 Peg b,V0391 Peg,13.1,475.3481354805721,1.7,29300.0,B,1.9188724609983008e-06,0.1762046396613807,0.2518085945978101,0.16326793574090956,3.132903456572716e-07,0.252 +/- 0.163
4533,Kepler-1785 b,Kepler-1785,2.70422447,666.0,0.13917,5618.0,G,0.000740284304598,0.2487738506675524,0.2516955987387914,0.025861159774011547,1.9144610679401912e-05,0.252 +/- 0.026
4534,Kepler-766 b,Kepler-766,3.39,990.0,0.066,5992.0,G,0.0005178715960764,0.2510729903834026,0.2515434748230934,0.028504474485739048,1.4761657697248701e-05,0.252 +/- 0.029
4535,POTS-1 b,POTS-1,10.548,770.1208824630145,0.03734,4400.0,K,0.0001693466425636,0.2076287028499522,0.25151055579598225,0.11528640081654272,1.952336491152298e-05,0.252 +/- 0.115
4536,CFHTWIR-Oph 98 b,CFHTWIR-Oph 98 A,20.8487041,1800.0,200.0,2320.0,M,0.0079929705539407,0.0715257689606224,0.25140853909806615,0.18463091341625154,0.0014757494542832733,0.251 +/- 0.185
4537,Kepler-1468 d,Kepler-1468,3.33187146,819.0,0.1456,5794.0,G,0.0002936972382106,0.2592552914466187,0.25121001424568395,0.05614776626092557,1.6490443882528146e-05,0.251 +/- 0.056
4538,Kepler-871 b,Kepler-871,3.74,640.0,0.1572,5993.0,G,0.0005350907707316,0.2577485133807912,0.2511913507159165,0.0439604407843059,2.3522826140975104e-05,0.251 +/- 0.044
4539,Kepler-1835 b,Kepler-1835,3.53387773,808.0,0.0997,5903.0,G,0.0005764087730676,0.2386971153416841,0.25118661716485535,0.04932198453029614,2.8429624588367146e-05,0.251 +/- 0.049
4540,Kepler-483 b,Kepler-483,3.21,755.0,0.19471,6346.0,F,0.0011559566294736,0.2595315753369289,0.25091393527965455,0.03650107046062771,4.21936543818456e-05,0.251 +/- 0.037
4541,Kepler-265 c,Kepler-265,2.63,755.0,0.127,5835.0,G,0.0004111804394385,0.2363524046007996,0.25032964331039564,0.04860297983078516,1.9984594604842794e-05,0.250 +/- 0.049
4542,Kepler-1793 b,Kepler-1793,3.79037518,713.0,0.0787,5191.0,K,0.0004689712486413,0.2527515202076931,0.25005873740298046,0.05802599595184019,2.721252377518951e-05,0.250 +/- 0.058
4543,K2-188 c,K2-188,2.83,1026.0,0.0785,5977.0,G,0.0055456578993835,0.2333608194749238,0.24988766505720755,0.0419265211658012,0.00023251014329679493,0.250 +/- 0.042
4544,WASP-148 b,WASP-148,8.47398941,940.0,0.08215,5555.0,G,0.0805106393967224,0.2566220693471707,0.2498362401543779,0.056442647551668425,0.004544233643628673,0.250 +/- 0.056
4545,Kepler-1673 b,Kepler-1673,2.9355194,611.0,0.21363,6014.95,F,0.0015444710109443,0.243234992946829,0.24971898296108108,0.027936695105639595,4.3147415732249867e-05,0.250 +/- 0.028
4546,Kepler-1513 b,Kepler-1513,8.594,346.0,0.56971,5491.0,G,0.0545310565480682,0.2541733854387175,0.24957502087229888,0.07563630047602883,0.004124527378345006,0.250 +/- 0.076
4547,HD 4917 b,HD 4917,13.5,438.844144278382,1.167,4802.0,K,0.0389007089212967,0.2504800797815804,0.24954310920489556,0.08346008109463056,0.003246656321210041,0.250 +/- 0.083
4548,Kepler-281 d,Kepler-281,5.93747806,321.0,0.5456,5717.0,G,0.0010737591737478,0.2650569880555267,0.24939038393427418,0.1520255630838613,0.00016323884300547097,0.249 +/- 0.152
4549,Kepler-841 b,Kepler-841,5.23,416.0,0.479,5324.0,G,0.0025581193942678,0.229798766203744,0.24915580534830753,0.10620902021833965,0.00027169535446671555,0.249 +/- 0.106
4550,TOI-4406 b,TOI-4406,11.2089807,904.0,0.201,6219.0,F,0.1132585595427534,0.2309019878472078,0.2489818350740859,0.05669077455766427,0.0064207154657640285,0.249 +/- 0.057
4551,TOI-7510 c,TOI-7510,10.81,702.0,0.1595,5720.0,G,0.0911875942871254,0.2821196962259013,0.24897064941896702,0.057616141625295776,0.0052538773469170295,0.249 +/- 0.058
4552,Kepler-192 b,Kepler-192,2.74,803.0,0.09,5479.0,G,0.0015353266954819,0.2392299124637714,0.24882976142672428,0.04012018660775412,6.159759352660032e-05,0.249 +/- 0.040
4553,Kepler-1717 b,Kepler-1717,2.98929758,780.0,0.2014,6200.0,F,0.0006879672647574,0.2178323915982847,0.24879698641474987,0.06749886061300314,4.643700651016877e-05,0.249 +/- 0.067
4554,TOI-1420 b,TOI-1420,11.89,957.0,0.071,5510.0,G,0.1752153902914686,0.1332056195296297,0.24878077318195674,0.11165633706757441,0.019563908677810823,0.249 +/- 0.112
4555,HAT-P-44 c,HAT-P-44,13.0,171.88450857885186,1.752,5295.0,G,0.0092560970474919,0.1285786833505677,0.24874418693330302,0.20473455091016013,0.0018950428721991135,0.249 +/- 0.205
4556,TOI-5882 b,TOI-5882,11.46678726,1515.0,0.0804,5920.0,G,0.0489411780160543,0.2156613593021203,0.248701900967505,0.10860393230978843,0.005315204384416867,0.249 +/- 0.109
4557,Kepler-1664 b,Kepler-1664,3.03320653,776.0,0.1137,5735.81,G,0.0015023148744533,0.1893063622462786,0.24838468047665235,0.05994520451974202,9.005657240215362e-05,0.248 +/- 0.060
4558,Kepler-180 c,Kepler-180,3.01,540.0,0.229,5731.0,G,0.0014023406944036,0.2405017731468107,0.24836187832649292,0.0377906260230805,5.2995332739153454e-05,0.248 +/- 0.038
4559,Kepler-596 b,Kepler-596,3.46,725.0,0.15161,6267.0,F,0.0009120414985859,0.252918359518248,0.24823724792222754,0.034473118536809656,3.144091469124125e-05,0.248 +/- 0.034
4560,Kepler-1937 b,Kepler-1937,3.0229133,1014.0,0.0915,6457.0,F,0.000715699272441,0.2477200898932159,0.2481496871302899,0.025096537851619263,1.7961573881191923e-05,0.248 +/- 0.025
4561,K2-27 b,K2-27,4.74,836.0,0.06702,5246.0,G,0.0401103880387528,0.182511009923801,0.24761752325741554,0.08538713791352466,0.0034249112352299754,0.248 +/- 0.085
4562,Kepler-867 b,Kepler-867,4.64,327.0,0.5375,5541.0,G,0.0032695109219879,0.2729634635696285,0.24761109196183184,0.05368748697990471,0.00017553182505488163,0.248 +/- 0.054
4563,Kepler-1796 b,Kepler-1796,2.75047868,598.0,0.1879,6036.0,F,0.0007020483332956,0.2393381923965059,0.24760246431590655,0.035232498639767115,2.4734916947887998e-05,0.248 +/- 0.035
4564,TOI-5422 b,TOI-5422,9.10169233,1369.0,0.0619,5820.0,G,0.0450912259895482,0.1227684199604346,0.24758365606813043,0.11092940304526978,0.005001942781599936,0.248 +/- 0.111
4565,Kepler-305 c,Kepler-305,3.3,728.0,0.07568,5080.0,K,0.0007490692708008,0.2215799772724661,0.24754386929259278,0.09577600045350168,7.17428588199216e-05,0.248 +/- 0.096
4566,HD 167768 b,HD 167768,13.9,1713.744063032909,0.1512,4851.0,K,0.1026825792157099,0.1141200717594602,0.24735915670647382,0.09953710134164266,0.010220726293415368,0.247 +/- 0.100
4567,Kepler-293 b,Kepler-293,3.07,657.0,0.144,5804.0,G,0.0007765142263885,0.2412657158603051,0.24734263222741182,0.026475337022575617,2.0558475846460117e-05,0.247 +/- 0.026
4568,Kepler-178 c,Kepler-178,2.88,656.0,0.142,5676.0,G,0.0009373947282377,0.2498646903380124,0.24730108639842072,0.04375734564675156,4.101790513093978e-05,0.247 +/- 0.044
4569,HATS-76 b,HATS-76,12.09449018,939.8,0.02658,4016.0,K,0.0307269982803117,0.2405601465895974,0.24688161745566906,0.07695699205380095,0.002364657362495103,0.247 +/- 0.077
4570,Kepler-465 b,Kepler-465,2.95,996.0,0.09195,6310.0,F,0.0031527871670323,0.2508477270034695,0.24636065072049662,0.028883976705751924,9.106503109075456e-05,0.246 +/- 0.029
4571,Kepler-229 d,Kepler-229,3.85,439.0,0.22,5120.0,K,0.001617139767866,0.2435224521914416,0.24620908418440393,0.09179813016616824,0.00014845040690745015,0.246 +/- 0.092
4572,Kepler-1762 b,Kepler-1762,2.76022913,714.0,0.204,6572.0,F,0.0002949873994358,0.2346473697366845,0.2461879951085071,0.057091025289242016,1.6841133081196992e-05,0.246 +/- 0.057
4573,K2-8 b,K2-8,3.58,631.0,0.0856,4870.0,K,0.00751620869471,0.2252221447566946,0.24617531235393553,0.05006372696471189,0.000376289419901755,0.246 +/- 0.050
4574,Kepler-1405 b,Kepler-1405,3.96,565.0,0.1778,5925.0,G,0.0007233949847536,0.2613766047428684,0.2456782744949337,0.033566494202842946,2.4281833562097375e-05,0.246 +/- 0.034
4575,Kepler-297 d,Kepler-297,32.6,325.0,0.523,5618.0,G,0.0061555408231364,0.229059321188134,0.2456455689942971,0.10382956144729065,0.0006391271041371469,0.246 +/- 0.104
4576,Kepler-527 b,Kepler-527,2.84,1157.0,0.11646,6388.0,F,0.0011683232748034,0.2522549203245974,0.24550515629623348,0.035216566979891346,4.1144334861279945e-05,0.246 +/- 0.035
4577,TOI-1052 c,TOI-1052,6.48,719.0,0.2263,6146.0,F,0.0819199437508803,0.2279792465644461,0.24529748028930773,0.07681710559697964,0.006292852969610004,0.245 +/- 0.077
4578,TOI-1295 b,TOI-1295,15.69257298,2360.0,0.047,6280.0,F,0.1320444355797171,0.2364299073161359,0.24517974249712243,0.04488547484490562,0.005926877191623152,0.245 +/- 0.045
4579,Kepler-1722 b,Kepler-1722,2.86719266,753.0,0.0819,5506.0,G,0.0008270733119093,0.2329483433403826,0.24513265491339353,0.05995337529657319,4.9585836666678004e-05,0.245 +/- 0.060
4580,Kepler-340 b,Kepler-340,2.53,1092.0,0.134,6620.0,F,0.0008873482399479,0.2452631685161983,0.24510682629864747,0.04357036692736541,3.866208840688189e-05,0.245 +/- 0.044
4581,8 UMi b,8 UMi,13.5,1030.283180597703,0.462,4847.0,K,0.0590427923252797,0.2055116197334167,0.24509732213616323,0.08035202906591714,0.004744208165053784,0.245 +/- 0.080
4582,Kepler-529 d,Kepler-529,2.79502603,633.0,0.2134,6078.0,F,0.0006304606745887,0.2294198979697812,0.24503669326004626,0.05447355673000746,3.434343532324632e-05,0.245 +/- 0.054
4583,Kepler-29 b,Kepler-29,2.55,777.0,0.08482,5378.0,G,0.000769423619442,0.1473472981846109,0.24499216285604877,0.12032979852012353,9.258458910408006e-05,0.245 +/- 0.120
4584,Kepler-164 c,Kepler-164,2.73,881.0,0.097,5888.0,G,0.0006206814575302,0.2322275643332727,0.24460218751155038,0.02739438243428335,1.70031852174507e-05,0.245 +/- 0.027
4585,WASP-177 b,WASP-177,17.71022,1142.0,0.03957,5017.0,K,0.1670701281482897,0.1388660088643471,0.2445710168611681,0.10946829524942486,0.018288882115496223,0.245 +/- 0.109
4586,Kepler-525 b,Kepler-525,2.63,832.0,0.14386,5573.0,G,0.0012242440046802,0.2212282026658039,0.24456890147751081,0.05204848136795707,6.372004126743053e-05,0.245 +/- 0.052
4587,TYC 8998-760-1 b,TYC 8998-760-1,12.1,16.302741935351413,146.0,4573.0,K,0.1164667092497242,0.138965049656577,0.24446472004337502,0.1354506934235617,0.01577549652863549,0.244 +/- 0.135
4588,Kepler-1887 b,Kepler-1887,2.92454357,625.0,0.1421,5749.0,G,0.0004210700301102,0.2345224852947234,0.244463464621152,0.04150701371115465,1.7477359513140373e-05,0.244 +/- 0.042
4589,K2-63 b,K2-63,3.22,945.2736603208429,0.1627,6771.0,F,0.0040486891543909,0.2116776617495772,0.244459458652963,0.05456186676755815,0.00022090403822513393,0.244 +/- 0.055
4590,TOI-558 b,TOI-558,12.17295304,1061.0,0.1291,6466.0,F,0.0529200121847531,0.2418584479699683,0.24439318460248297,0.06285590707476096,0.0033263353682800585,0.244 +/- 0.063
4591,KPS-1 b,KPS-1,11.54527,1459.0,0.0269,5165.0,K,0.0585775638961021,0.2544044176885808,0.24436348838919633,0.061992062073371275,0.0036313439771540335,0.244 +/- 0.062
4592,Kepler-142 c,Kepler-142,2.86,1201.0,0.057,5790.0,G,0.0025359946982801,0.2504846038664353,0.24426160678678585,0.033095713655911387,8.393055436718759e-05,0.244 +/- 0.033
4593,Kepler-149 d,Kepler-149,3.96,306.0,0.571,5381.0,G,0.0040469697313022,0.1430949605860526,0.2437993654982939,0.14178235026083882,0.0005737888799385014,0.244 +/- 0.142
4594,Kepler-1815 b,Kepler-1815,2.7489262,763.0,0.0984,5516.0,G,0.0004511480121625,0.1963333227793636,0.24365996860806058,0.05968435366061278,2.6926477511189087e-05,0.244 +/- 0.060
4595,Kepler-874 b,Kepler-874,3.94,560.0,0.2234,6020.0,F,0.0011275498724425,0.2570385643446786,0.24362752155846343,0.032865510579537,3.705750226171458e-05,0.244 +/- 0.033
4596,K2-357 b,K2-357,3.72,735.0,0.145,5794.0,G,0.0016936949015324,0.1926447575791508,0.24359473402110543,0.11595632787460422,0.0001963946413216365,0.244 +/- 0.116
4597,WASP-189 b,WASP-189,18.14733975,3353.0,0.05053,8000.0,A,0.1106611107206032,0.14211375584307,0.24335637068763552,0.13029894801533087,0.01441902631310265,0.243 +/- 0.130
4598,Kepler-715 b,Kepler-715,3.75,876.0,0.0933,5871.0,G,0.0007943564490808,0.2498033571970725,0.243251258533218,0.03083070772399841,2.4490571510283367e-05,0.243 +/- 0.031
4599,KIC 5437945 b,KIC 5437945,6.4,308.0,1.19671,6340.0,F,0.0082058028595104,0.1643063356166512,0.2431007168001607,0.1666854834252607,0.0013677882165298778,0.243 +/- 0.167
4600,TIC 87422071 b,TIC 87422071,10.8615023,1110.0,0.106,6150.0,F,0.0499243103112089,0.2573241106669011,0.24287430827713716,0.055155091668377565,0.002753579911695254,0.243 +/- 0.055
4601,Kepler-650 b,Kepler-650,2.96,1507.0,0.0421,5849.0,G,0.0009940053982639,0.2393376647093241,0.24271966723148755,0.05429539895844253,5.396991966558401e-05,0.243 +/- 0.054
4602,TOI-2236 b,TOI-2236,14.36991326,1688.0,0.05009,6248.0,F,0.0928558959145463,0.2551054177168148,0.24261712578101002,0.04466283703915795,0.004147207747356394,0.243 +/- 0.045
4603,Kepler-1624 b,Kepler-1624,6.59,540.0,0.0327,3768.0,K,0.0357412760291175,0.2142461222830293,0.2423148513868011,0.12272344235059386,0.004386292428296064,0.242 +/- 0.123
4604,Kepler-635 b,Kepler-635,2.64,802.0,0.18332,6174.0,F,0.0011220183707805,0.2182163397846987,0.2420518050622044,0.03828388099226005,4.2955217778090176e-05,0.242 +/- 0.038
4605,Kepler-92 b,Kepler-92,3.51,975.0,0.12232,5883.0,G,0.007017904146322,0.2489832429024441,0.24177208565448577,0.055627797868842976,0.00039039055331451525,0.242 +/- 0.056
4606,Kepler-170 b,Kepler-170,3.2,899.0,0.08,5679.0,G,0.0012225750171692,0.1829892714042993,0.24175303409019672,0.10301680359283974,0.00012594577042123213,0.242 +/- 0.103
4607,Kepler-608 b,Kepler-608,3.64,1069.0,0.0685,5820.0,G,0.0013117977425507,0.2386346584535012,0.241725421752206,0.03962939865573985,5.198575569524127e-05,0.242 +/- 0.040
4608,K2-237 b,K2-237,16.06246934,1759.0,0.03552,6180.0,F,0.1468393134190825,0.2312002091280146,0.24161112407733001,0.05854637178512378,0.008596909036105918,0.242 +/- 0.059
4609,Kepler-1773 b,Kepler-1773,3.50469499,623.0,0.24831,6183.0,F,0.0014766528185846,0.232497243433523,0.2412757562447427,0.03797126862464438,5.6070380839814115e-05,0.241 +/- 0.038
4610,Kepler-485 b,Kepler-485,14.41,1243.0,0.04401,5958.0,G,0.0141499856717565,0.289743159930693,0.2412731708910397,0.07128404744216225,0.0010086682499314064,0.241 +/- 0.071
4611,Kepler-1830 b,Kepler-1830,3.32992941,681.0,0.31769,6160.0,F,0.0010759630411213,0.2281548621401323,0.2412478758453301,0.03172975176495963,3.41400402030499e-05,0.241 +/- 0.032
4612,WASP-75 b,WASP-75,14.235,1710.0,0.0375,6100.0,F,0.1111675661701719,0.297216725876178,0.2411309233426007,0.06756069507642909,0.007510558040411738,0.241 +/- 0.068
4613,Kepler-1112 b,Kepler-1112,3.02,918.0,0.1239,6496.0,F,0.0003652258954262,0.2447110160215767,0.24107695788618386,0.04093902147988177,1.4951990777862256e-05,0.241 +/- 0.041
4614,Kepler-791 b,Kepler-791,3.05,939.0,0.1256,6383.0,F,0.0004056021320068,0.2443847178454722,0.24099201574426057,0.02669451754256567,1.082735322815756e-05,0.241 +/- 0.027
4615,TOI-3362 b,TOI-3362,12.80065596,688.0,0.153,6532.0,F,0.0685691049873494,0.1928870390484137,0.24094304839447556,0.09809688009690984,0.006726415270296437,0.241 +/- 0.098
4616,Kepler-95 b,Kepler-95,3.42,927.0,0.10232,5699.0,G,0.0064339352899141,0.2451500058295454,0.24087951798074622,0.03852137620933322,0.00024784404180928644,0.241 +/- 0.039
4617,TOI-2364 b,TOI-2364,8.60849718,1091.0,0.04871,5306.0,G,0.0848470138471407,0.2252668080420546,0.2408783645568679,0.06332506438596532,0.005372942614827076,0.241 +/- 0.063
4618,Kepler-1758 b,Kepler-1758,2.57059831,1028.0,0.0919,5557.0,G,0.0002615531676379,0.2168419844793187,0.2408605722436537,0.060075010409003184,1.5712809268354598e-05,0.241 +/- 0.060
4619,Kepler-1820 b,Kepler-1820,3.11883067,561.0,0.1964,5841.0,G,0.0004463411372342,0.2288662471671577,0.24080596418398453,0.04011811607248532,1.7906365551486736e-05,0.241 +/- 0.040
4620,HIP 77900 b,HIP 77900,12.1,2507.0,3319.0,13646.0,B,0.0663645132528713,0.1883525067745673,0.24074775086271993,0.11493644414355955,0.007627701170603159,0.241 +/- 0.115
4621,Kepler-245 b,Kepler-245,2.57,753.0,0.071,5100.0,K,0.0008701973291926,0.0820397030163008,0.2402958003559177,0.13156488796592072,0.00011448741412346786,0.240 +/- 0.132
4622,Kepler-565 b,Kepler-565,3.64,1063.0,0.0501,5735.0,G,0.0011666205759605,0.2427417584202117,0.24022323580707716,0.04153462835588615,4.845515205484922e-05,0.240 +/- 0.042
4623,TOI-1273 b,TOI-1273,11.09689089,1211.0,0.0549,5690.0,G,0.1114911655663173,0.2169878165978983,0.24018748041982999,0.0648311109979181,0.0072280961301171825,0.240 +/- 0.065
4624,Kepler-368 c,Kepler-368,3.88,575.0,0.36,5502.0,G,0.0022418420266969,0.2671587741701118,0.23992325180582172,0.04597251625113164,0.00010306311900479312,0.240 +/- 0.046
4625,Kepler-145 b,Kepler-145,2.65,873.0,0.17308,6022.0,F,0.0020891833894012,0.2007084153823715,0.23988400926735717,0.1012200432165653,0.00021146723296251987,0.240 +/- 0.101
4626,Kepler-1502 b,Kepler-1502,3.18,608.0,0.2482,6666.0,F,0.0005536230239702,0.2532485310758087,0.23961083182569265,0.06803998146240306,3.766850028809193e-05,0.240 +/- 0.068
4627,K2-249 b,K2-249,2.79,1061.0,0.1151,6504.0,F,0.0032499719879388,0.2274824861669589,0.23941800473693328,0.0485186177641027,0.00015768414862684364,0.239 +/- 0.049
4628,Kepler-539 c,Kepler-539,13.3,253.0,2.42,5820.0,G,0.0138821310153083,0.1149955176765763,0.23930889948664594,0.2349665860758449,0.003261836932124594,0.239 +/- 0.235
4629,Kepler-1085 c,Kepler-1085,3.26817741,491.0,0.29798,5816.0,G,0.0007141242885856,0.2231198515282332,0.23916492096502362,0.03891671176837381,2.7791369105680792e-05,0.239 +/- 0.039
4630,WASP-1 b,WASP-1,16.623,1812.0,0.03889,6110.0,F,0.1289361647347915,0.2408795815317146,0.23887356518691089,0.06180042810394297,0.00796831017869063,0.239 +/- 0.062
4631,Kepler-521 b,Kepler-521,3.18,803.0,0.17116,6406.0,F,0.0020637696033403,0.2100322820636982,0.23872847144034515,0.035008603585100224,7.22496919343201e-05,0.239 +/- 0.035
4632,Kepler-351 b,Kepler-351,3.06,498.0,0.214,5643.0,G,0.000668326123529,0.2136903515716577,0.23871684334130264,0.1053960259183393,7.043891743736571e-05,0.239 +/- 0.105
4633,Kepler-397 c,Kepler-397,6.18,295.0,0.48,5307.0,G,0.003442992501976,0.1901928880963002,0.23863389063631188,0.14034949452439818,0.0004832222573036246,0.239 +/- 0.140
4634,Kepler-480 b,Kepler-480,2.78,1312.0,0.06024,6322.0,F,0.0010772952154922,0.2367481753957966,0.23852998222090643,0.029316955929689074,3.1583016355849725e-05,0.239 +/- 0.029
4635,Kepler-1775 b,Kepler-1775,3.64762153,522.0,0.39565,5818.0,G,0.0019027063478435,0.2322699012245097,0.23843958366384888,0.051096558403836735,9.72217460279363e-05,0.238 +/- 0.051
4636,HD 161178 b,HD 161178,14.1,757.6611312521941,0.85,4786.0,K,0.102709280157278,0.2376630856504398,0.23839231826413784,0.0670780556652335,0.006889538811725956,0.238 +/- 0.067
4637,Kepler-278 b,Kepler-278,3.955,586.0,0.202,4965.0,K,0.0076533178447484,0.2112890400314142,0.23830419639156555,0.08349811541032591,0.0006390376166727087,0.238 +/- 0.083
4638,Kepler-966 b,Kepler-966,4.13,391.0,0.3907,5840.0,G,0.002069692390909,0.2844163964952566,0.23782382282518819,0.06095342268182512,0.0001261548351244335,0.238 +/- 0.061
4639,Kepler-648 b,Kepler-648,3.22,674.0,0.13324,5741.0,G,0.0021851231775903,0.2300805371034451,0.23772440673866144,0.03307934692220962,7.228244765927058e-05,0.238 +/- 0.033
4640,Kepler-1906 b,Kepler-1906,2.77615754,901.0,0.0738,5868.0,G,0.0002782643711081,0.2199270813756391,0.23754742109600882,0.05427904030337752,1.5103923014370558e-05,0.238 +/- 0.054
4641,KOI-351 h,KOI-351,11.252,294.0,0.97062,6031.13,F,0.0235550578133708,0.1635106213685182,0.23753875788042947,0.17951957983878633,0.004228594081734646,0.238 +/- 0.180
4642,TOI-4504 b,TOI-4504,2.691,1234.03,0.03392,5315.0,G,0.0118471386270439,0.21130967360055,0.237266354482521,0.061394016370522844,0.0007273434228125867,0.237 +/- 0.061
4643,Kepler-1807 b,Kepler-1807,2.70393215,1108.0,0.0988,6455.0,F,0.0002424233333461,0.2180874340052789,0.23669875453701555,0.056195564731105874,1.362311612138122e-05,0.237 +/- 0.056
4644,Kepler-245 d,Kepler-245,3.03,445.0,0.202,5100.0,K,0.0013484348853668,0.0580852899152026,0.23667931402543294,0.11128202890000544,0.00015005656988316375,0.237 +/- 0.111
4645,WASP-56 b,WASP-56,10.53646,1216.0,0.05614,5600.0,G,0.0873509776367214,0.2610841201702764,0.23637851705422583,0.06069486738566141,0.00530175600366868,0.236 +/- 0.061
4646,IRAS 04125+2902 b,IRAS 04125+2902,10.73820351,854.0,0.077,4080.0,K,0.129622137348515,0.1715263250952054,0.2363557867700419,0.09238831153232616,0.011975570406840573,0.236 +/- 0.092
4647,TOI-6695 b,TOI-6695,9.52763359,599.0,0.402,6400.0,F,0.0872481355327088,0.2067210283617343,0.23595163567610314,0.09716149243424745,0.008477159060463481,0.236 +/- 0.097
4648,Kepler-79 b,Kepler-79,3.47,929.0,0.117,6174.0,F,0.0011316304110957,0.2351378539688915,0.23584527505657177,0.053120959767937646,6.011329353998942e-05,0.236 +/- 0.053
4649,Kepler-347 d,Kepler-347,3.04,482.0,0.3802,5592.0,G,0.000404887256764,0.203558545900452,0.23575127991650413,0.06775046456853663,2.7431299743641378e-05,0.236 +/- 0.068
4650,Kepler-178 b,Kepler-178,2.9,846.0,0.085,5676.0,G,0.0010654471797718,0.2297523638210417,0.2357456237566007,0.03563312030913521,3.796520753983736e-05,0.236 +/- 0.036
4651,2M0437 b,2MASS J04372171+2651014,13.0,1450.0,118.0,3100.0,M,0.0830084553800012,0.2344856127825824,0.23535624446556724,0.097990323228894,0.008134025373417543,0.235 +/- 0.098
4652,Kepler-66 b,Kepler-66,2.8,699.0,0.1352,5962.0,G,0.0006698068035965,0.2328517936829177,0.23503405517650114,0.029219494856173315,1.957141645231782e-05,0.235 +/- 0.029
4653,Kepler-302 b,Kepler-302,4.06,634.0,0.193,5740.0,G,0.0007440892448484,0.2451449076224991,0.23502277136281766,0.03476479808434074,2.5868112353884206e-05,0.235 +/- 0.035
4654,Kepler-729 b,Kepler-729,3.58,1273.0,0.0432,5633.0,G,0.0008907513166921,0.2341126534088249,0.23496662434463958,0.028481965361906433,2.537034814809694e-05,0.235 +/- 0.028
4655,TOI-5261 b,TOI-5261,11.60129502,1244.0,0.05134,5790.0,G,0.0479356778665538,0.2435814914997003,0.23485098628543705,0.052306340272860935,0.0025073398776982113,0.235 +/- 0.052
4656,Kepler-279 b,Kepler-279,3.62,1104.0,0.112,6363.0,F,0.000778305052744,0.0660654196745488,0.234836985108399,0.12917916062375126,0.00010054079342269438,0.235 +/- 0.129
4657,HD 152581 b,HD 152581,13.4,390.158540327935,1.66,5027.0,K,0.057178758507711,0.14694285002929,0.23479094655185287,0.11216590705738902,0.006413507312432804,0.235 +/- 0.112
4658,Kepler-178 d,Kepler-178,3.95,392.0,0.397,5676.0,G,0.0015565508673771,0.2189448204980043,0.23465070816516065,0.0568241162820174,8.844962748671137e-05,0.235 +/- 0.057
4659,Kepler-305 b,Kepler-305,3.6,836.0,0.05746,5080.0,K,0.0009055148130754,0.2384612951328736,0.23457751286989448,0.04904264823442878,4.440884444872138e-05,0.235 +/- 0.049
4660,2MASS J04414489+2301513 b,2MASS J04414489+2301513,12.6,16.102024931105433,15.0,2936.0,M,0.0899759673346222,0.1845796511866059,0.2343255204663005,0.1282250436763243,0.011537172341301461,0.234 +/- 0.128
4661,Kepler-747 b,Kepler-747,5.27,456.0,0.1916,5096.0,K,0.0039364839216831,0.2314498918806832,0.23402291143857332,0.07739842780153335,0.00030467766660428625,0.234 +/- 0.077
4662,Kepler-1720 b,Kepler-1720,3.21585295,697.0,0.1043,5573.0,G,0.0013820140845586,0.2170285646093649,0.23388253984995022,0.04581864025301285,6.332200616498737e-05,0.234 +/- 0.046
4663,Kepler-547 b,Kepler-547,4.0,768.0,0.058,4828.0,K,0.0109494726337693,0.246220298511332,0.2338118123732624,0.045248788054383246,0.0004954503665126965,0.234 +/- 0.045
4664,Kepler-873 b,Kepler-873,3.75,749.0,0.1542,6163.0,F,0.0006618142506249,0.2358238968514937,0.23369298906501024,0.056297703857396755,3.725862269028557e-05,0.234 +/- 0.056
4665,TOI-1232 b,TOI-1232,10.92875618,785.71,0.117,5823.0,G,0.0679420626706934,0.2685115975468845,0.23361548306302765,0.057398713663337035,0.0038997870009316303,0.234 +/- 0.057
4666,Kepler-288 d,Kepler-288,2.67,570.0,0.287,5918.0,G,0.0005195688241474,0.2000217650204376,0.2335654705611546,0.057779032567920045,3.002018401168855e-05,0.234 +/- 0.058
4667,TOI-216.02,TOI-216,8.0,628.0,0.1293,5026.0,K,0.081115188009265,0.1723771090467264,0.23350835210574525,0.0905712665497858,0.007346705314423128,0.234 +/- 0.091
4668,TIC 434398831 b,TIC 434398831,3.51,1250.0,0.04641,5638.0,G,0.0342495174191176,0.2110972127920568,0.2334914490260471,0.0665387011964117,0.0022789184056719635,0.233 +/- 0.067
4669,Kepler-139 e,Kepler-139,13.7,140.91690968200797,3.23579639,5622.0,G,0.0060098661354064,0.1231423708039569,0.2334395108053857,0.2225497089143162,0.0013374939590487006,0.233 +/- 0.223
4670,WASP-12 b,WASP-12,22.02564708,2601.0,0.0234,6265.0,F,0.1555508658533814,0.2319133474370936,0.23339565696222303,0.05189859197520776,0.00807287091831492,0.233 +/- 0.052
4671,Kepler-1724 b,Kepler-1724,2.83677238,999.0,0.0683,6092.0,F,0.0004928545287159,0.1858477258656855,0.23330159408826504,0.058378944618170364,2.877232723671998e-05,0.233 +/- 0.058
4672,HD 174205 b,HD 174205,13.0,751.617302811772,1.7,4308.0,K,0.0288904899836991,0.1517666799769665,0.2332584908205829,0.14711639350836175,0.004250264693091261,0.233 +/- 0.147
4673,Kepler-255 c,Kepler-255,2.99,807.0,0.092,5573.0,G,0.0006758981082215,0.2139295912149156,0.23313501233572897,0.03683384869580455,2.4895928652011258e-05,0.233 +/- 0.037
4674,Kepler-1239 b,Kepler-1239,2.9,1183.0,0.0625,6564.0,F,0.0001959806405977,0.1971977250660316,0.23284802777414867,0.08170717988202522,1.601302545471081e-05,0.233 +/- 0.082
4675,WASP-162 b,WASP-162,11.209,910.0,0.0871,5300.0,G,0.0836997786463026,0.205927278725527,0.23202687456845045,0.07239850447224884,0.0060597387986505765,0.232 +/- 0.072
4676,K2-276 b,K2-276,3.77,583.0,0.1291,5139.0,K,0.0057955132754149,0.2129465173571014,0.23197835845901338,0.06408030206137712,0.0003713782412893078,0.232 +/- 0.064
4677,Kepler-160 c,Kepler-160,3.76,771.0,0.1192,5471.0,G,0.0014278121941654,0.2377783028123717,0.23167833141247243,0.032397460226158,4.6257488770896926e-05,0.232 +/- 0.032
4678,Kepler-464 b,Kepler-464,3.3,1163.0,0.07931,5933.0,G,0.002438032437925,0.2480471759907651,0.23137667291182856,0.02702506943156667,6.588799591133489e-05,0.231 +/- 0.027
4679,WASP-119 b,WASP-119,15.6926,1600.0,0.0363,5650.0,G,0.1120182850996857,0.2362081380803063,0.23134685309553887,0.05357038376209381,0.006000862521161798,0.231 +/- 0.054
4680,Kepler-176 d,Kepler-176,2.51,501.0,0.163,5232.0,G,0.0024111793720141,0.1728475209276525,0.23122769951444874,0.14057383966544934,0.00033894874244614893,0.231 +/- 0.141
4681,Kepler-259 b,Kepler-259,2.8,879.0,0.079,5938.0,G,0.0006119533270028,0.221509219658049,0.23106046447966777,0.03118289890504648,1.9082478730535162e-05,0.231 +/- 0.031
4682,CoRoT-9 b,CoRoT-9,11.948794,420.0,0.4021,5625.0,G,0.0614040512236749,0.2743959744065871,0.23103335649111267,0.05841974744848624,0.003587209164801,0.231 +/- 0.058
4683,Qatar-5 b,Qatar-5,12.408363,1415.0,0.04127,5747.0,G,0.0587348022085784,0.2264438682295541,0.2306341343359055,0.08376385316121729,0.004919853347652502,0.231 +/- 0.084
4684,Kepler-1065 b,Kepler-1065,3.73,1092.0,0.0455,5635.0,G,0.000942069475505,0.2390688588588121,0.23031900404416508,0.030854391083077425,2.9066980024660897e-05,0.230 +/- 0.031
4685,Kepler-1721 b,Kepler-1721,3.11856756,924.0,0.0519,5351.0,G,0.0013577328957049,0.2061496489130333,0.23022950521557226,0.05225146756361267,7.094353635997449e-05,0.230 +/- 0.052
4686,Kepler-1734 b,Kepler-1734,3.08851092,985.0,0.0714,6061.0,F,0.0002618825399747,0.1882145744411065,0.2302135329661968,0.05781022883246822,1.5139489563165413e-05,0.230 +/- 0.058
4687,TOI-1994 b,TOI-1994,13.67495645,2290.0,0.0613,7700.0,A,0.0576628396059152,0.1348892755086951,0.23005217425540658,0.09590247552045136,0.005530009063745996,0.230 +/- 0.096
4688,Kepler-325 b,Kepler-325,2.91,1017.0,0.053,5752.0,G,0.000706956125584,0.2195501211229376,0.22891362526223963,0.030627371219500755,2.1652207694161164e-05,0.229 +/- 0.031
4689,Kepler-104 b,Kepler-104,3.1,852.0,0.094,5711.0,G,0.007794832484873,0.1879870310473532,0.2288031399199761,0.09483080722929131,0.0007391902567576092,0.229 +/- 0.095
4690,Kepler-116 b,Kepler-116,3.42,1251.0,0.069,6142.0,F,0.0009177370575669,0.2253653144212968,0.22876078303274303,0.03954757793886619,3.62942778115127e-05,0.229 +/- 0.040
4691,XO-2 S c,XO-2 S,13.6,344.6455875980782,0.4737,5325.0,G,0.0660097510738233,0.2226405212388194,0.22865429581833646,0.10522679612666691,0.006945994618617237,0.229 +/- 0.105
4692,K2-19 c,K2-19,4.1,679.0,0.0982,5322.0,G,0.0262415379041424,0.1856333258087182,0.22856727857139453,0.08393674609519391,0.0022026293042074077,0.229 +/- 0.084
4693,Kepler-550 b,Kepler-550,4.42,760.0,0.0747,5322.0,G,0.0054078059427987,0.2414557585991961,0.22852348466821937,0.04084741589367816,0.00022089489841780282,0.229 +/- 0.041
4694,Kepler-1728 b,Kepler-1728,2.95501875,886.0,0.0535,5170.0,K,0.0012606876774888,0.1685787874972137,0.2280929492848214,0.09341426320500963,0.00011776621052425106,0.228 +/- 0.093
4695,K2-75 b,K2-75,2.67,1160.4159625011991,0.081,5995.0,G,0.0030737584589636,0.1869893031027385,0.2280722488480897,0.05572322646979626,0.00017127973872228062,0.228 +/- 0.056
4696,Kepler-799 c,Kepler-799,2.78068551,893.0,0.1214,5588.0,G,0.0002723477362812,0.2169270587927167,0.2278771357972858,0.0347598325705798,9.466761714110935e-06,0.228 +/- 0.035
4697,Kepler-143 c,Kepler-143,3.37,703.0,0.181,5848.0,G,0.0009889519040066,0.2087261304285146,0.22784534784889918,0.05025097904934524,4.969580140904573e-05,0.228 +/- 0.050
4698,GSC 06214-00210 b,GSC 06214-00210,20.1762,2300.0,320.0,4200.0,K,0.1013705357684139,0.2191856402853617,0.22771560498969948,0.09007384130926846,0.009130833552239636,0.228 +/- 0.090
4699,K2-295 b,K2-295,10.054473,852.0,0.0451,4444.0,K,0.0451110556247802,0.1987711648642698,0.22769991866314868,0.11050127116985169,0.0049848289903521,0.228 +/- 0.111
4700,TIC 279401253 c,TIC 279401253,12.6,351.5230919123156,0.591,5951.0,G,0.0172522483593473,0.2236955788878863,0.22754136329148542,0.08967614266711772,0.001547115085201376,0.228 +/- 0.090
4701,Kepler-25 c,Kepler-25,5.217,934.0,0.1117,6354.0,F,0.0458462467321504,0.197657460200177,0.2272307670646761,0.07120139066642057,0.0032643165241649486,0.227 +/- 0.071
4702,HD 5583 b,HD 5583,12.8,882.2585069979511,0.53,4830.0,K,0.0335025807995492,0.2091208041422637,0.22685792156124415,0.09303503477450473,0.0031169137697217146,0.227 +/- 0.093
4703,BD-14 3065 b,BD-14 3065 A,21.59,2001.0,0.0656,6935.0,F,0.088071654630374,0.2187209356480046,0.22653820672937972,0.058003273463228505,0.005108444267884598,0.227 +/- 0.058
4704,Kepler-1738 b,Kepler-1738,2.82472883,957.0,0.0781,6063.0,F,0.0002973147912012,0.2133431447445958,0.22642944599804887,0.043968369253669495,1.3072446524112008e-05,0.226 +/- 0.044
4705,TOI-2169 A b,TOI-2169 A,12.50922246,1364.0,0.0896,6270.0,F,0.0800901282048353,0.2335118528868305,0.22641884457247835,0.0689494900778021,0.00552217349998919,0.226 +/- 0.069
4706,Kepler-1666 b,Kepler-1666,2.88273782,672.0,0.1761,6293.0,F,0.0004812856707006,0.2188772151698549,0.22610786197529278,0.0316872459986686,1.5250617443124122e-05,0.226 +/- 0.032
4707,TOI-2416 b,TOI-2416,9.86390302,1080.0,0.0831,5808.0,G,0.0235669360910013,0.2256602429457878,0.2260924252121204,0.062157521289275174,0.0014648623317994008,0.226 +/- 0.062
4708,Kepler-734 b,Kepler-734,3.56,784.0,0.0583,5326.0,G,0.0029375749626034,0.2234872022889365,0.2259672120119672,0.04141193208476764,0.00012165065484524585,0.226 +/- 0.041
4709,TOI-2525 c,TOI-2525,10.13291855,399.96,0.249,5096.0,K,0.0417565832968383,0.25188733801012,0.22546191745063268,0.05742974832654014,0.002398070069713633,0.225 +/- 0.057
4710,Kepler-359 b,Kepler-359,3.53,671.0,0.178,6248.0,F,0.0006496961483811,0.2215004953338089,0.22535843476299647,0.048948856951705956,3.180188382918079e-05,0.225 +/- 0.049
4711,Kepler-232 b,Kepler-232,3.08,1104.0,0.054,5847.0,G,0.0006833061000106,0.211503343148942,0.22535604217556213,0.028549616988142606,1.9508127440964096e-05,0.225 +/- 0.029
4712,TOI-4562 c,TOI-4562,12.8,126.32295215363678,5.219,6096.0,F,0.0100516065219086,0.2168493323486324,0.22529563265035904,0.11790975236379235,0.0011851824358565233,0.225 +/- 0.118
4713,Kepler-104 c,Kepler-104,3.13,668.0,0.153,5711.0,G,0.0078146630873392,0.1789460468926497,0.22514277917620865,0.09711817691880631,0.0007589458322770736,0.225 +/- 0.097
4714,Kepler-153 b,Kepler-153,2.92,621.0,0.129,5404.0,G,0.0045067716312017,0.1783634962332889,0.22507046238372652,0.06340910337240496,0.00028577034823869073,0.225 +/- 0.063
4715,Kepler-1779 b,Kepler-1779,3.03295685,730.0,0.1264,5730.0,G,0.0009403273398175,0.2133809642077931,0.22492979996278128,0.028792411808945217,2.707429200323543e-05,0.225 +/- 0.029
4716,Kepler-627 b,Kepler-627,3.73,685.0,0.22661,6424.0,F,0.0008365371093358,0.2274772989783601,0.22486888487121182,0.03240007257158795,2.7103863051306326e-05,0.225 +/- 0.032
4717,Kepler-119 b,Kepler-119,3.6,1213.0,0.035,5595.0,G,0.0025441046397144,0.231234727922237,0.22471675792531387,0.03749463072461665,9.539026399087532e-05,0.225 +/- 0.037
4718,Kepler-1770 b,Kepler-1770,2.84141754,699.0,0.1261,5602.0,G,0.0019371234732257,0.2002403309426846,0.2246396301812976,0.04422208174385338,8.566363258092408e-05,0.225 +/- 0.044
4719,HD 79181 b,HD 79181,14.1,751.7544028790747,0.9,4862.0,K,0.1067438964814356,0.1882411524879649,0.22462445744731846,0.05735590426079177,0.006122392707013088,0.225 +/- 0.057
4720,Kepler-880 b,Kepler-880,2.66,1622.0,0.0915,6761.0,F,0.0020045907671813,0.2217556075330034,0.22443483543116116,0.06673555445252781,0.00013377747629826213,0.224 +/- 0.067
4721,Kepler-48 e,Kepler-48,13.4,156.8635828959251,1.898274748,5194.0,K,0.0139628813247245,0.2062636701893738,0.22433678943020277,0.14636370792134154,0.0020436590839523314,0.224 +/- 0.146
4722,UCAC3 113-933 b,UCAC3 113-933,12.1,1.639467212225566,6100.0,3864.0,K,0.1773195504552439,0.0697356872057046,0.2242530245453437,0.1239377870023869,0.021976592675681014,0.224 +/- 0.124
4723,Kepler-1714 b,Kepler-1714,3.26437302,1211.0,0.10549,6150.0,F,0.0095193915026698,0.2142796277832615,0.2240332576992909,0.05659218074613108,0.0005387231245122737,0.224 +/- 0.057
4724,TOI-1855 b,TOI-1855,18.49481816,1701.0,0.02398,5359.0,G,0.1206330542253193,0.1332880320081315,0.22389905572424978,0.09910361398550073,0.011955171639838022,0.224 +/- 0.099
4725,Kepler-1727 b,Kepler-1727,3.17321625,757.0,0.0796,5349.0,G,0.0008099383784129,0.1993197077615965,0.22358140572043894,0.05044365570275315,4.0856252701106524e-05,0.224 +/- 0.050
4726,HD 33142 d,HD 33142,9.32,673.2465903183498,0.452,5025.4,K,0.0891243401139681,0.2063798706195611,0.22301845053756922,0.06537499145146444,0.005826502973068074,0.223 +/- 0.065
4727,HD 76920 b,HD 76920,13.1,568.4252798168927,1.091,4664.0,K,0.0476304601005649,0.1414293199046298,0.22285019887015725,0.1587272444385867,0.0075602516831047165,0.223 +/- 0.159
4728,Kepler-172 c,Kepler-172,2.86,970.0,0.068,5526.0,G,0.000726107747495,0.200593837417824,0.22280382255347908,0.03370721843986875,2.4475072455695024e-05,0.223 +/- 0.034
4729,Kepler-1979 b,Kepler-1979,29.33,683.0,0.1383,5942.0,G,0.0006847328155196,0.1719390422192092,0.2226203234250025,0.09499855375780222,6.504862718486999e-05,0.223 +/- 0.095
4730,HAT-P-5 b,HAT-P-5,13.56289,1517.0,0.04073,5960.0,G,0.0991566776912601,0.2271980207322782,0.2224017489469504,0.044170306458896226,0.004379780841068957,0.222 +/- 0.044
4731,Kepler-1784 b,Kepler-1784,2.79936489,724.0,0.1072,5442.0,G,0.0006657099958813,0.1944076082399267,0.22222616168171178,0.04791587599912845,3.189807761402868e-05,0.222 +/- 0.048
4732,Kepler-1270 b,Kepler-1270,3.32,1598.0,0.07045,5047.0,K,0.000483259566417,0.2323694017462939,0.22217308215074605,0.05281707379567383,2.5524356181912027e-05,0.222 +/- 0.053
4733,TOI-2202 c,TOI-2202,13.4,512.7840810576575,0.15544,5144.0,K,0.028345051782959,0.0977392768714667,0.22170704902864605,0.1623187149216769,0.004600932379798291,0.222 +/- 0.162
4734,Kepler-1771 b,Kepler-1771,4.05537256,391.0,0.3815,5661.0,G,0.0026583583687013,0.2139166425571608,0.2215646372166925,0.05694951074439021,0.00015139220848079432,0.222 +/- 0.057
4735,Kepler-1051 b,Kepler-1051,3.4,850.0,0.18395,6675.0,F,0.0012177302347043,0.2222131550749282,0.22153944745068255,0.023407780379452826,2.85043618953778e-05,0.222 +/- 0.023
4736,K2-114 b,K2-114,10.59248676,701.4,0.0944,4899.0,K,0.0243114250509511,0.1943138288531166,0.22151351533479371,0.08235787068610284,0.002002237200541112,0.222 +/- 0.082
4737,HD 238914 b,HD 238914,12.8,314.34663341517063,5.7,4769.0,K,0.0016640634532857,0.1840875020053757,0.22140920973765266,0.1476153624829281,0.00024564132985136167,0.221 +/- 0.148
4738,K2-14 b,K2-14,4.81,488.0,0.0627,3789.0,K,0.0164645469802272,0.1800977375516765,0.2211216594826221,0.1086824234423351,0.0017894068666912725,0.221 +/- 0.109
4739,Kepler-1729 b,Kepler-1729,3.89404186,595.0,0.0418,3837.0,K,0.0027121839480946,0.2042985821279128,0.22091431979893958,0.07013719454307282,0.0001902249732041103,0.221 +/- 0.070
4740,Kepler-448 c,KOI-12,12.0,168.96043420296158,4.2,6635.0,F,0.0055278694754598,0.0820995844108688,0.2209119620398512,0.2291395583991933,0.0012666535704952391,0.221 +/- 0.229
4741,WASP-22 b,WASP-22,13.78707,1502.0,0.047,6000.0,F,0.1044888297757673,0.228689786256398,0.22090524543462864,0.05047000648904935,0.005273551916816149,0.221 +/- 0.050
4742,Kepler-219 c,Kepler-219,3.58,766.0,0.165,5786.0,G,0.0013039619295104,0.2094261591183284,0.22084767368791106,0.040181691650002654,5.239539617492939e-05,0.221 +/- 0.040
4743,Kepler-103 b,Kepler-103,3.4857,973.0,0.133,6047.0,F,0.0052302339528273,0.2083004873831781,0.2206575865888341,0.03910342989409354,0.00020452008670409003,0.221 +/- 0.039
4744,Kepler-289 d,Kepler-289,3.03,459.9118180932879,0.33,5990.0,G,0.0002616892558921,0.1407792881729837,0.22059249155177824,0.14542376029535323,3.80558356207221e-05,0.221 +/- 0.145
4745,Kepler-1676 b,Kepler-1676,3.3769596,782.0,0.1954,5878.3,G,0.0086781693798715,0.2011160666401008,0.22037598663421135,0.0519069413047021,0.000450457228633253,0.220 +/- 0.052
4746,HD 11755 b,HD 11755,12.8,826.4049417253917,1.09,4312.0,K,0.0285978767241696,0.0959548514463358,0.22017120668329246,0.1384550410049665,0.003959520194499879,0.220 +/- 0.138
4747,Kepler-1090 c,Kepler-1090,3.29265785,496.0,0.22622,5330.0,G,0.0007937835061683,0.1803001792132264,0.21992235164980609,0.059540885093332746,4.726257252974954e-05,0.220 +/- 0.060
4748,WASP-83 b,WASP-83,11.65736,1120.0,0.059,5510.0,G,0.1009430736052867,0.2172545703770962,0.21974342911358102,0.094023114410037,0.009490982158490657,0.220 +/- 0.094
4749,Kepler-4 b,Kepler-4,4.002,1650.0,0.0456,5857.0,G,0.0078390128554309,0.2376408457971089,0.21967058998338723,0.054205041815860625,0.00042491401962370097,0.220 +/- 0.054
4750,Kepler-219 b,Kepler-219,2.95,1307.0,0.057,5786.0,G,0.0007797815384249,0.2084346253108424,0.21962815365468974,0.04448150811850892,3.468585883211057e-05,0.220 +/- 0.044
4751,Kepler-1990 b,Kepler-1990,3.27,1554.0,0.0286,5751.0,G,0.0096142364489115,0.2013751637680168,0.21960855253787742,0.05361941865493879,0.0005155097692017578,0.220 +/- 0.054
4752,Kepler-216 c,Kepler-216,3.04,814.0,0.136,6091.0,F,0.0010591399137503,0.1989836248285601,0.21917846337453942,0.03281198900630066,3.475248720610908e-05,0.219 +/- 0.033
4753,CoRoT-8 b,CoRoT-8,6.39,870.0,0.063,5080.0,K,0.0268782565040714,0.2282869214230339,0.2191777625807985,0.060062519511336024,0.0016143758057064828,0.219 +/- 0.060
4754,Kepler-1543 b,Kepler-1543,2.71,1774.0,0.0867,6561.0,F,0.0004814781980489,0.2101493944419991,0.21912839420795724,0.030899577841267227,1.4877473059485064e-05,0.219 +/- 0.031
4755,TOI-1199 b,TOI-1199,10.5140239,1486.0,0.04988,5710.0,G,0.0897963273780999,0.1450690895391259,0.2189935876617662,0.08775789939452676,0.007880337064045279,0.219 +/- 0.088
4756,Kepler-293 c,Kepler-293,3.83,466.0,0.286,5804.0,G,0.0008741353058229,0.2201631097019145,0.21882188024455185,0.03562194307019496,3.11383980996708e-05,0.219 +/- 0.036
4757,Kepler-667 b,Kepler-667,4.73,516.0,0.2288,5327.0,G,0.0030275280913489,0.2341531359945954,0.218768403238952,0.03544806726536455,0.00010732001942991656,0.219 +/- 0.035
4758,Kepler-170 c,Kepler-170,2.86,702.0,0.131,5679.0,G,0.0011788153382066,0.1948041549156135,0.21840070116673124,0.041155675884362114,4.851494198674554e-05,0.218 +/- 0.041
4759,HATS-37 A b,HATS-37 A,6.792654,1085.0,0.04913,5326.0,G,0.0360469579022167,0.1081003520030382,0.2182518468262073,0.10969122971320666,0.003954035139714342,0.218 +/- 0.110
4760,Kepler-1666 c,Kepler-1666,3.23564749,578.0,0.2383,6293.0,F,0.0006390732052855,0.2022003002470992,0.21781742846114246,0.036418040887779855,2.3273794120371867e-05,0.218 +/- 0.036
4761,WASP-135 b,WASP-135,14.5717,1403.66,0.0243,5675.0,G,0.0715277843292763,0.1962206790089506,0.21770176503317454,0.07623105703182485,0.00545263860656513,0.218 +/- 0.076
4762,Kepler-511 b,Kepler-511,6.35,332.0,0.85672,5770.0,G,0.0248555918692654,0.2078329316408877,0.21754988550456267,0.10995440429066643,0.002732981797277009,0.218 +/- 0.110
4763,HD 36384 b,HD 36384,12.7,944.484586690854,1.3,3940.0,K,0.0369916597345847,0.2209479739144366,0.21736320427638361,0.07278222753641087,0.0026923353957520315,0.217 +/- 0.073
4764,HATS-5 b,HATS-5,10.223,1025.0,0.0542,5304.0,G,0.0942452917214211,0.2270205728329352,0.21722677837538318,0.057124763291949855,0.005383739980966942,0.217 +/- 0.057
4765,HAT-P-45 b,HAT-P-45,15.984,1652.0,0.0452,6330.0,F,0.128043097218084,0.2222509955220612,0.21721168006921482,0.047246723674896296,0.0060496168327406966,0.217 +/- 0.047
4766,Kepler-1993 b,Kepler-1993,4.15,903.0,0.1943,5159.0,K,0.0007028739667054,0.2315095662940317,0.21710337321869044,0.08063768085238569,5.667812660664041e-05,0.217 +/- 0.081
4767,Kepler-1165 c,Kepler-1165,3.36093385,644.0,0.1969,6249.0,F,0.0004173896849953,0.2047777920429744,0.21696273875003608,0.045022743255757315,1.8792028625144815e-05,0.217 +/- 0.045
4768,HD 284149 AB b,HD 284149 A,12.0,2395.0,431.16,6035.0,F,0.0923617077678809,0.1492087428437631,0.21695129655339215,0.12394248411092028,0.011447539497478041,0.217 +/- 0.124
4769,NGTS-13 b,NGTS-13,12.800678,1605.0,0.0549,5819.0,G,0.0233323563567391,0.2282437656662191,0.21681201341593304,0.06639314072179367,0.001549108418964016,0.217 +/- 0.066
4770,Kepler-1668 b,Kepler-1668,4.34764405,721.0,0.124,5542.0,G,0.0011310807431393,0.2359016719851111,0.2167173596145319,0.033185362235809916,3.753532417902674e-05,0.217 +/- 0.033
4771,Kepler-419 b,Kepler-419,10.8,613.0,0.37,6430.0,F,0.0123559561695411,0.1017990704965219,0.21648231611272928,0.14241586109799953,0.0017596841375743355,0.216 +/- 0.142
4772,Kepler-880 c,Kepler-880,2.87,1407.0,0.1216,6900.0,F,0.0012657512676723,0.2089875473921476,0.21645363046259555,0.06811352568721847,8.621478148422655e-05,0.216 +/- 0.068
4773,TOI-2373 b,TOI-2373,10.42435205,860.0,0.112,5651.0,G,0.028647351772792,0.2230082668271883,0.21620774985196764,0.09019609388769696,0.002583879230132629,0.216 +/- 0.090
4774,Kepler-1752 b,Kepler-1752,4.54060463,419.0,0.2698,5446.0,G,0.0018538267117904,0.2151083833359898,0.21619769336067282,0.059048959463098655,0.0001094665383561208,0.216 +/- 0.059
4775,WASP-28 b,WASP-28,13.66374747,1456.0,0.0442,6084.0,F,0.0898550166790173,0.2472498758416418,0.21596026607451857,0.04366128390577722,0.003923185393580921,0.216 +/- 0.044
4776,HD 240210 b,HD 240210,12.8,887.8571938748747,1.16,4297.0,K,0.0072408056270116,0.2424384062185897,0.21587973344746506,0.058022004295076535,0.0004201260551902814,0.216 +/- 0.058
4777,HIP 79098 AB b,HIP 79098 AB,12.1,2450.0,345.0,9193.75,A,0.0698117598397058,0.1321176613675881,0.21583674145389342,0.12079537521364114,0.008432937724161867,0.216 +/- 0.121
4778,Kepler-1171 b,Kepler-1171,2.56,2700.0,0.0284,7044.0,F,0.0023230493598418,0.1809212146791837,0.21580722798255958,0.07220800674193387,0.00016774276383730183,0.216 +/- 0.072
4779,TOI-6420 b,TOI-6420,11.93756445,1213.0,0.0753,6020.0,F,0.0188191119276375,0.2410883646757705,0.2157633807321126,0.06017579035493617,0.001132454934023593,0.216 +/- 0.060
4780,NGTS-14 A b,NGTS-14 A,4.976796,1143.0,0.0403,5187.0,K,0.0205327068945876,0.2547374567812648,0.21564356330236212,0.08589081020909686,0.0017635708309620382,0.216 +/- 0.086
4781,Kepler-11 d,Kepler-11,3.12,653.0,0.155,5663.0,G,0.0024813780055138,0.213096311104853,0.215394446839748,0.04487183967582876,0.00011134399603854297,0.215 +/- 0.045
4782,HD 33283 b,HD 33283,12.5,946.1454009763116,0.1508,5935.0,G,0.1221389675379922,0.1404043887021,0.21525420438603174,0.08013143430858344,0.009787170653788826,0.215 +/- 0.080
4783,IC 4651 9122 b,IC 4651 9122,12.7,469.2679346071984,2.038,4740.1,K,5.56063694772406e-05,0.2141299356060027,0.2149847585304318,0.06504453089727863,3.6168902175478677e-06,0.215 +/- 0.065
4784,Kepler-146 b,Kepler-146,3.71,639.0,0.2,5948.0,G,0.0020598851911937,0.2028042810441523,0.21488417458100473,0.03642348704016272,7.502820156566684e-05,0.215 +/- 0.036
4785,Kepler-595 b,Kepler-595,3.708,535.0,0.1582,5138.5,K,0.0029908001623658,0.1749468526275475,0.21460602574315446,0.09073445462475187,0.0002713686216238802,0.215 +/- 0.091
4786,TAP 26 b,TAP 26,13.5,708.438157478094,0.0968,4620.0,K,0.0891002797904271,0.1803345859853452,0.2145638719932173,0.08876329004428221,0.007908833978064378,0.215 +/- 0.089
4787,WASP-93 b,WASP-93,17.900773,1942.0,0.04211,6700.0,F,0.1237364832913264,0.1961708519684115,0.21452427789843934,0.05334531615601573,0.0066007618212093645,0.215 +/- 0.053
4788,V1298 Tau d,V1298 Tau,6.53,831.0,0.1081,4970.0,K,0.1016761207557636,0.1211206475273018,0.21446609706796924,0.13996029527857945,0.014230619883757173,0.214 +/- 0.140
4789,Kepler-117 c,Kepler-117,12.341,704.0,0.2804,6150.0,F,0.009447589607631,0.2276405222773826,0.21439692405071464,0.07463084949975009,0.0007050816381425121,0.214 +/- 0.075
4790,Kepler-774 b,Kepler-774,3.17,1422.0,0.1082,6403.0,F,0.0006331672943639,0.2062370254740271,0.21426507245926785,0.048637263942311174,3.079552481561604e-05,0.214 +/- 0.049
4791,Kepler-1360 b,Kepler-1360,3.4,933.0,0.2866,6778.0,F,0.0008454106640863,0.207287510154162,0.2141253657490738,0.03043838851215402,2.5732938245776933e-05,0.214 +/- 0.030
4792,HD 97048 b,HD 97048,13.3,58.02622263647323,130.0,10000.0,B,0.0477134092459683,0.1328462748850947,0.2139341400153584,0.18538184694257112,0.008845199929944354,0.214 +/- 0.185
4793,HD 102956 b,HD 102956,13.8,1650.9685896097951,0.0807,4985.0,K,0.0886665296362174,0.1845568163405325,0.213931561001272,0.0654663011745488,0.005804669733266665,0.214 +/- 0.065
4794,HD 5891 b,HD 5891,12.6,840.3908690526969,0.64,4673.0,K,0.0176152054425297,0.1865851171162053,0.21386649353740375,0.07521828181201025,0.0013249854871526555,0.214 +/- 0.075
4795,CoRoT-23 b,CoRoT-23,11.77,1660.0,0.048,5900.0,G,7.402647848979067e-06,0.1533048490368105,0.2138567350588663,0.1302015636515107,9.638363250985666e-07,0.214 +/- 0.130
4796,WASP-58 b,WASP-58,16.02887,1270.0,0.0562,5800.0,G,0.1506212198520946,0.1655731693146533,0.21366702123946563,0.06865530403993111,0.010340945643810863,0.214 +/- 0.069
4797,Kepler-234 c,Kepler-234,3.51,1025.0,0.077,6224.0,F,0.0006210937940811,0.2056740041172695,0.21357344309922666,0.03031305431762418,1.8827249916319672e-05,0.214 +/- 0.030
4798,WASP-118 b,WASP-118,16.14096,1729.0,0.05453,6410.0,F,0.1394496654810281,0.1801743383559403,0.2132479243518429,0.052047492102715656,0.007258005362850151,0.213 +/- 0.052
4799,Kepler-1527 b,Kepler-1527,4.77,450.0,0.6276,6224.0,F,0.0013983112874339,0.2183047854374525,0.21312044631701313,0.04747076448729401,6.637890580569955e-05,0.213 +/- 0.047
4800,2MASS J19383260+4603591 b,2MASS J19383260+4603591,13.4,612.5224570652098,0.92,29564.0,B,0.0056999789089884,0.139933777748779,0.2130638476767083,0.1682115766536254,0.0009588024391733503,0.213 +/- 0.168
4801,K2-34 b,K2-34,13.75,1687.0,0.0442,6168.0,F,0.0734650600607467,0.2296692541102865,0.2127550327580847,0.06421284012606218,0.004717400156532284,0.213 +/- 0.064
4802,Kepler-697 b,Kepler-697,4.13,1151.0,0.0471,5513.0,G,0.0012870840757274,0.2192537637181567,0.2125848561951329,0.027117022765600577,3.490188818274188e-05,0.213 +/- 0.027
4803,PDS 70 c,PDS 70,22.19378179,1054.0,34.3,4109.0,K,0.0968479743843727,0.2254861196808875,0.2124861602964459,0.07200759130683695,0.006973789358364924,0.212 +/- 0.072
4804,Kepler-1733 b,Kepler-1733,3.63582354,1021.0,0.0933,6320.0,F,0.0002879511348531,0.147126848689034,0.21245093529661177,0.07517184555579276,2.1645818236792487e-05,0.212 +/- 0.075
4805,Kepler-1670 b,Kepler-1670,3.3564801,731.0,0.1528,5838.0,G,0.0003248600390822,0.1931619699224395,0.21228085601510363,0.05382914251604172,1.7486937341522625e-05,0.212 +/- 0.054
4806,TOI-2977 b,TOI-2977,13.15934334,1544.0,0.03386,5691.0,G,0.0776309450525897,0.2152015235296076,0.21221405519065933,0.05295238237554404,0.004110743486599578,0.212 +/- 0.053
4807,HD 175541 b,HD 175541,14.1,458.3604375521817,0.975,5013.0,K,0.0820847684311309,0.1732082348862255,0.2120760279394277,0.07812487306405237,0.006412862114174234,0.212 +/- 0.078
4808,Kepler-1778 b,Kepler-1778,3.01665969,942.0,0.0956,6310.0,F,0.0004097700031463,0.1983384151518534,0.21196273686414432,0.03218765984593056,1.3189537476339001e-05,0.212 +/- 0.032
4809,Kepler-104 d,Kepler-104,3.58,515.0,0.257,5711.0,G,0.0090359105023742,0.1461429404950291,0.21182387299782512,0.11552800579929026,0.0010439007209201545,0.212 +/- 0.116
4810,Kepler-207 d,Kepler-207,3.31,1254.0,0.068,5920.0,G,0.0012674864728744,0.2042027488685727,0.21163826704129327,0.024882282027459842,3.153795588405115e-05,0.212 +/- 0.025
4811,Kepler-1797 b,Kepler-1797,3.05774442,684.0,0.1637,6244.0,F,0.0004346194507886,0.2032044963561302,0.21160576537381612,0.039196878456347,1.703572578732504e-05,0.212 +/- 0.039
4812,TOI-5573 b,TOI-5573,9.75,528.0,0.0712,3790.0,K,0.0936146898846602,0.1737014247195306,0.21141035963994045,0.06976394814323193,0.006530930370558173,0.211 +/- 0.070
4813,Kepler-552 b,Kepler-552,3.95,1103.0,0.0612,5863.0,G,0.0011452556288564,0.2233643426320633,0.2114023182684983,0.0452819527684895,5.185941129372225e-05,0.211 +/- 0.045
4814,Kepler-584 b,Kepler-584,4.21,664.0,0.2281,6195.0,F,0.0010469315935978,0.224235616706378,0.2110638085366256,0.035201835123357283,3.685391334326345e-05,0.211 +/- 0.035
4815,Kepler-471 b,Kepler-471,14.96,1308.0,0.0626,6733.0,F,0.0117635634757883,0.2242668007079533,0.21105367232505998,0.06785068512197703,0.0007981658413081017,0.211 +/- 0.068
4816,Lupus-TR-3 b,Lupus-TR-3,9.976,927.0916239259624,0.0464,5000.0,K,0.0001312951383568,0.1895990549031969,0.21082476453620033,0.11258773810702999,1.4782222652041666e-05,0.211 +/- 0.113
4817,K2-79 b,K2-79,4.15,1033.0,0.0987,5897.0,G,0.034993440258547,0.1752696329811963,0.21069188325731483,0.10286632574480299,0.0035996466245669986,0.211 +/- 0.103
4818,Kepler-460 c,KIC 5437945,5.52,389.0,0.75318,6146.0,F,0.0066983501076276,0.215257830249372,0.2106270927454617,0.07495396878551015,0.0005020679248815377,0.211 +/- 0.075
4819,K2-246 b,K2-246,3.49,977.0,0.0602,5610.0,G,0.0018721610058987,0.1731709505459776,0.21028389832091743,0.051301970692593624,9.60455490564317e-05,0.210 +/- 0.051
4820,HAT-P-29 b,HAT-P-29,13.11453,1281.0,0.0667,6087.0,F,0.0954851879895522,0.2098643101480556,0.20997114558272673,0.04063127323858434,0.0038796847634410877,0.210 +/- 0.041
4821,Kepler-340 c,Kepler-340,3.37,946.0,0.178,6620.0,F,0.0016464843083529,0.2022110744457287,0.20978242663261093,0.023322124442663367,3.8399511932298855e-05,0.210 +/- 0.023
4822,CI Tau c,CI Tau,13.0,558.5229485643862,0.17,3807.0,K,0.0617937653244128,0.1722700643949694,0.20949767559873952,0.11148173708165875,0.006888876299181909,0.209 +/- 0.111
4823,mu2 Sco b,mu2 Sco,12.3,145.47626981283608,242.4,21700.0,B,0.0079929705539407,0.0948537815490958,0.20948125430422115,0.19670158317229422,0.001572229962209665,0.209 +/- 0.197
4824,HD 233604 b,HD 233604,12.7,807.2049863519934,0.747,4791.0,K,6.286299989340438e-05,0.1920192771516483,0.20924536870492902,0.08877019690792735,5.5803608787605235e-06,0.209 +/- 0.089
4825,KOI-3680 b,KOI-3680,11.09691,347.0,0.534,5830.0,G,0.0173127056432815,0.1770016151210005,0.20913272654966233,0.09641251002495092,0.0016691614063919019,0.209 +/- 0.096
4826,TOI-3837 b,TOI-3837,10.87271128,1178.0,0.099,5905.0,G,0.0912527186629118,0.139623636558501,0.20886337890155504,0.07470989653721949,0.006817481170046139,0.209 +/- 0.075
4827,CoRoT-20 c,CoRoT-20,12.2,153.80948927777524,2.9,5880.0,G,6.477551996332985e-05,0.0784696627373372,0.20871326066491105,0.21455592253883848,1.3897971443665186e-05,0.209 +/- 0.215
4828,PDS 70 b,PDS 70,21.96960217,1392.0,20.8,4109.0,K,0.0968479743843727,0.1230308021120898,0.20856667298129905,0.14361048425988282,0.01390838450092849,0.209 +/- 0.144
4829,WASP-141 b,WASP-141,13.56289,1540.0,0.0469,5900.0,G,0.0382999991169406,0.2202447907250562,0.20827811729021603,0.030949722326565163,0.0011853743377770024,0.208 +/- 0.031
4830,TOI-375 b,TOI-375,10.77183045,1373.0,0.099,5259.9,G,0.0568437363581475,0.2050819376459635,0.20790416588021093,0.059240841528886416,0.0033674707775028147,0.208 +/- 0.059
4831,K2-193 b,K2-193,3.95,739.0,0.1184,5817.0,G,0.0105092624844831,0.201163236953469,0.2078067055649385,0.0453752257013083,0.0004768601571877127,0.208 +/- 0.045
4832,Kepler-248 c,Kepler-248,4.07,598.0,0.123,5190.0,K,0.0023055788469314,0.211208041450345,0.20771350704127045,0.03599709092107132,8.299413137868838e-05,0.208 +/- 0.036
4833,TYC 0434-04538-1 b,TYC 0434-04538-1,12.7,802.913090528519,0.66,4679.0,K,0.0006502245427618,0.2207722129414977,0.20748983976303353,0.04461013079726477,2.900660190019558e-05,0.207 +/- 0.045
4834,Kepler-541 b,Kepler-541,3.36,1673.0,0.06447,6166.0,F,0.0007261040613423,0.204174572662233,0.20742044663747403,0.021682146515351223,1.574349464341532e-05,0.207 +/- 0.022
4835,Kepler-288 c,Kepler-288,2.85,815.0,0.14,5918.0,G,0.0005622961014834,0.1693452342354279,0.20732783187162043,0.05268544392185073,2.962481972217896e-05,0.207 +/- 0.053
4836,Kepler-1811 b,Kepler-1811,3.84829873,455.0,0.3462,5561.0,G,0.0005488233884716,0.1880156169532968,0.2073091042812658,0.0446362220987439,2.4497402660803537e-05,0.207 +/- 0.045
4837,WASP-72 b,WASP-72,14.45961,2210.0,0.03711,6250.0,F,0.0692201068257803,0.1957311882933929,0.20710688877949354,0.05258912915315524,0.0036402251378561622,0.207 +/- 0.053
4838,HD 28678 b,HD 28678,13.5,513.9044002950958,1.18,4972.0,K,0.0449118857007525,0.1825172298342092,0.20709585216507934,0.06381573511011351,0.0028660850011749165,0.207 +/- 0.064
4839,Kepler-14 b,Kepler-14,12.733,1605.0,0.0771,6395.0,F,0.0166777891302705,0.2152597963998592,0.20656436566014624,0.060879794153309616,0.0010153403691831727,0.207 +/- 0.061
4840,Kepler-228 d,Kepler-228,4.04,835.0,0.101,6043.0,F,0.0009626638409377,0.2079617240177604,0.20651662356905098,0.032070829614489586,3.087342801874308e-05,0.207 +/- 0.032
4841,Kepler-432 b,Kepler-432,12.834305,812.0,0.301,4995.0,K,0.0169443472825946,0.1879501724352943,0.2064786478288978,0.09280332333712411,0.0015724917396031468,0.206 +/- 0.093
4842,TOI-5007 b,TOI-5007,11.07447293,774.0,0.0307,3793.0,K,0.0747140923900261,0.2064965289678937,0.20627944255674663,0.05553245069795732,0.004149056652091753,0.206 +/- 0.056
4843,Kepler-30 c,Kepler-30,12.3,411.0,0.3,5498.0,G,0.0140622168269145,0.2196543048689151,0.20626958052154565,0.0720882423325684,0.0010137204943517334,0.206 +/- 0.072
4844,Kepler-473 b,Kepler-473,4.08,879.0,0.12048,5816.0,G,0.0035877422026892,0.2148036412075242,0.2062399649012833,0.03581715843738893,0.00012850273090622583,0.206 +/- 0.036
4845,Kepler-642 b,Kepler-642,2.9,1810.0,0.05631,6570.0,F,0.0007082496630739,0.1964618339604137,0.20592375944961774,0.024894940077858276,1.7631832922388055e-05,0.206 +/- 0.025
4846,WASP-98 b,WASP-98,12.823096,1171.0,0.03762,5473.0,G,0.0905727369729819,0.1749723768582301,0.205851189109111,0.07338466162648818,0.0066466496553471924,0.206 +/- 0.073
4847,TCP J05074264+2447555 b,TCP J05074264+2447555,4.72,315.23224556617185,0.94,5805.0,G,0.0019228000338769,0.1922085814051514,0.20539143518416716,0.09018987182252933,0.00017341708859571267,0.205 +/- 0.090
4848,Kepler-221 e,Kepler-221,2.63,582.0,0.13,5243.0,G,0.0082331492353827,0.1634227491748003,0.20531842128251984,0.0737750384593098,0.0006074009014815958,0.205 +/- 0.074
4849,K2-52 b,K2-52,18.0,2004.0,0.054,7147.0,F,0.0122713108596319,0.1696957875037089,0.20496097015908032,0.10891628518795958,0.0013365455932177733,0.205 +/- 0.109
4850,Kepler-150 c,Kepler-150,3.69,876.0,0.073,5560.0,G,0.001249495289796,0.1940307648414726,0.2049385879906304,0.030469266312789126,3.8071204741369944e-05,0.205 +/- 0.030
4851,Kepler-1530 d,Kepler-1530,3.27870115,972.0,0.08276,5678.0,G,0.0040406245280627,0.1902346719108383,0.20492080184156186,0.03604016726161921,0.0001456247838327809,0.205 +/- 0.036
4852,TOI-2992 b,TOI-2992,13.75341932,1726.0,0.0434,6000.0,F,0.0354976011108971,0.2262756614798538,0.20486707302236698,0.04858801930700778,0.0017247581281287293,0.205 +/- 0.049
4853,TIC 241249530 b,TIC 241249530,13.29385111,401.4924896780173,0.641,6166.0,F,0.0116966499840642,0.1112296710259083,0.204766614854629,0.16064421322955266,0.001878999134111453,0.205 +/- 0.161
4854,HD 81817 b,HD 81817,12.0,929.6601498853672,3.233,4140.0,K,0.0203386389748255,0.1144700018866939,0.20460146004793156,0.14313824183558185,0.002911237024185163,0.205 +/- 0.143
4855,TOI-6016 b,TOI-6016,13.67495645,1890.0,0.055,6110.0,F,0.1124517727227242,0.1951863209484406,0.20444677826691685,0.04557202700315804,0.005124655223072978,0.204 +/- 0.046
4856,Kepler-1715 b,Kepler-1715,4.14042267,646.0,0.22429,6212.0,F,0.0058291441652714,0.2518217172524707,0.20434763544670764,0.07020068243711731,0.00040920989842639286,0.204 +/- 0.070
4857,WASP-18 c,WASP-18,8.58,1673.4133318027796,0.035,6400.0,F,0.0872652625440763,0.1700548399173062,0.2041195861102886,0.07737620579081528,0.006752254912999972,0.204 +/- 0.077
4858,KOI-142 b,KOI-142,3.438,758.0,0.09586,5466.0,G,0.0116908196087896,0.1768621631553608,0.2039427531492938,0.07306312479203392,0.0008541678119981517,0.204 +/- 0.073
4859,K2-290 c,K2-290,11.276254,676.0,0.305,6302.0,F,0.0195835998701896,0.203207156379362,0.20391919432422342,0.06499146108898338,0.0012727667689456474,0.204 +/- 0.065
4860,TOI-1386 c,TOI-1386,10.3,327.4,0.75,5735.0,G,0.0690756633888977,0.1461689330568352,0.20385660670333938,0.13917442386878182,0.009613565655503743,0.204 +/- 0.139
4861,Kepler-1442 b,Kepler-1442,3.93,522.0,0.40814,6394.0,F,0.007363149322247,0.2031939140891427,0.20384806411850537,0.045902831372112075,0.00033798940170678537,0.204 +/- 0.046
4862,Kepler-913 c,Kepler-913,3.8580709,1357.0,0.0699,6068.0,F,0.0002618756266135,0.2025052731992953,0.20383191667532913,0.04541491683378587,1.1893059803447663e-05,0.204 +/- 0.045
4863,Pr0211 c,Pr0211,12.6,90.646699691178,5.5,5300.0,G,0.048261902179293,0.133698947508902,0.2037930462712418,0.13884453770071817,0.006700901496641219,0.204 +/- 0.139
4864,TIC 237913194 b,TIC 237913194,12.520453,974.0,0.1207,5788.0,G,0.0601339894880071,0.1771764107585456,0.20375305220903053,0.056647503925775305,0.0034064404055944133,0.204 +/- 0.057
4865,TOI-3919 b,TOI-3919,12.31866979,1198.0,0.0795,6100.0,F,0.0248799702685744,0.1978559564468427,0.20372605603073676,0.056297770870739526,0.0014006868654510133,0.204 +/- 0.056
4866,Pr0211 b,Pr0211,13.4,1192.8699399113964,0.03176,5300.0,G,0.048261902179293,0.1649707302007473,0.20335177123457251,0.09236337796473906,0.004457632312283303,0.203 +/- 0.092
4867,Kepler-247 d,Kepler-247,3.94,530.0,0.14,5100.0,K,0.0016306715232758,0.1890573107481905,0.20335008696789558,0.06091453575070038,9.933159880223278e-05,0.203 +/- 0.061
4868,K2-63 c,K2-63,3.9,877.0420798404061,0.189,6771.0,F,0.0051254812903269,0.1815306938249854,0.20322328438846818,0.06795636148169726,0.0003483090593331309,0.203 +/- 0.068
4869,HD 102272 b,HD 102272,12.9,949.4536202807332,0.51,4790.0,K,0.0093260585326783,0.2046595541878915,0.2032068262614075,0.047775264102071856,0.00044555490943008655,0.203 +/- 0.048
4870,Kepler-562 b,Kepler-562,5.21,658.0,0.1333,5575.0,G,0.003188978954092,0.2109518534647629,0.2030933052274313,0.030764896463745913,9.810860734770512e-05,0.203 +/- 0.031
4871,Kepler-1518 c,Kepler-1518,2.9,1094.0,0.0905,6432.0,F,0.0008311894812664,0.1756522583585606,0.20299087067578675,0.03658267877398852,3.040713779348686e-05,0.203 +/- 0.037
4872,Kepler-23 c,Kepler-23,3.005,1008.0,0.09501,5828.0,G,0.0012120354748969,0.1822599556248208,0.20285019296520518,0.05824997671502674,7.06010381905308e-05,0.203 +/- 0.058
4873,HIP 67522 c,HIP 67522,7.93595834,917.0,0.1228,5675.0,G,0.0840139179211821,0.1778168758086694,0.2025587617488675,0.08355661483954521,0.007019918580901377,0.203 +/- 0.084
4874,K2-278 b,K2-278,2.98,1711.0,0.0488,6747.0,F,0.0011614899134732,0.1770305891580561,0.20227534127479488,0.03510169528339514,4.0770265017473256e-05,0.202 +/- 0.035
4875,Kepler-223 b,Kepler-223,2.99,1042.0,0.07525,5803.0,G,0.0002873793647456,0.1703625513069416,0.2022060918956102,0.07918057777484004,2.2754864141123102e-05,0.202 +/- 0.079
4876,Kepler-1732 b,Kepler-1732,4.09903273,699.0,0.2015,5821.0,G,0.0007633045523944,0.1995902396988588,0.20215174070654685,0.027972134300063838,2.135125745142627e-05,0.202 +/- 0.028
4877,Kepler-315 b,Kepler-315,3.77,409.0,0.402,5796.0,G,0.0009661058603289,0.1563119354278947,0.20212602201618501,0.06176833709531566,5.967475245055544e-05,0.202 +/- 0.062
4878,TYC 3667-1280-1 b,TYC 3667-1280-1,12.8,1350.0,0.21,5130.0,K,0.0025310202305997,0.1809497800405924,0.20203143897433845,0.07995952149259551,0.00020237916652683077,0.202 +/- 0.080
4879,Kepler-230 b,Kepler-230,4.26,506.0,0.191,5588.0,G,0.0019089716153995,0.1881651121504198,0.20202856752529905,0.04757531660826074,9.081992899881417e-05,0.202 +/- 0.048
4880,KELT-16 b,KELT-16,15.860735,2453.0,0.02044,6236.0,F,0.0729402177049019,0.2251537489651261,0.20197234902036762,0.04766446356988808,0.003476656349575002,0.202 +/- 0.048
4881,WISPIT 2 c,WISPIT 2,17.93436912,2050.0,14.0,4530.0,K,0.0778444398694513,0.175398581161378,0.20196641691638623,0.11432655676261694,0.008899686773388945,0.202 +/- 0.114
4882,HD 100546 b,HD 100546,77.3421,86.59239030901813,53.0,10500.0,B,0.1001843986724487,0.058683341230716,0.2019364783676907,0.19040740131810438,0.019075851003837904,0.202 +/- 0.190
4883,TOI-4914 b,TOI-4914,12.87,894.0,0.098,5805.0,G,0.0922754072634306,0.1832683888095367,0.2017907996878174,0.058086668360757605,0.005359970979564737,0.202 +/- 0.058
4884,HD 208527 b,HD 208527,12.5,877.9081056450251,2.1,4035.0,K,0.0132204182904931,0.2211157150684731,0.20152435314963987,0.047016922559511835,0.0006215833829684679,0.202 +/- 0.047
4885,Kepler-318 c,Kepler-318,3.68,762.0,0.105,5746.0,G,0.0044506488910951,0.1591593513134517,0.2015124363114327,0.061461815412033535,0.0002735449606082588,0.202 +/- 0.061
4886,Kepler-590 b,Kepler-590,4.02,1056.0,0.0647,6000.0,F,0.0014353701368206,0.2157085417390132,0.2014727598343805,0.04127819021335522,5.9249481534250436e-05,0.201 +/- 0.041
4887,TYC 1422-614-1 b,TYC 1422-614-1,13.3,667.8965865963651,0.69,4806.0,K,0.0003604804603168,0.1820249943934233,0.20092593032271178,0.06765415975413039,2.438800265051525e-05,0.201 +/- 0.068
4888,Kepler-815 b,Kepler-815,4.11,1374.0,0.09473,5028.0,K,0.0008223310598479,0.2059044771405612,0.2009022512612529,0.046352376598685276,3.811699897486586e-05,0.201 +/- 0.046
4889,TOI-2818 b,TOI-2818,15.27784069,1376.0,0.0493,5721.0,G,0.1264663312102719,0.1956969437927992,0.20085735204197053,0.051339550491387206,0.006492724596630252,0.201 +/- 0.051
4890,TIC 279401253 b,TIC 279401253,11.2089807,444.87132858908586,0.369,5951.0,G,0.0172522483593473,0.166928380225337,0.20080801099076853,0.07564707966728235,0.0013050822060792864,0.201 +/- 0.076
4891,WASP-192 b,WASP-192,13.78707,1620.0,0.0408,5910.0,G,0.0353875347965478,0.2159157077616071,0.2007961028830726,0.03235626430834547,0.001145008429097873,0.201 +/- 0.032
4892,CoRoT-27 b,CoRoT-27,11.287,1500.0,0.0476,5900.0,G,1.2289408005700526e-05,0.1781941702874416,0.20060780874282336,0.09806339773445684,1.2051411051840287e-06,0.201 +/- 0.098
4893,Kepler-610 b,Kepler-610,4.19,888.0,0.0719,5943.0,G,0.0012568951701263,0.2125826015887215,0.20056993727996272,0.030347374930989175,3.814346897677225e-05,0.201 +/- 0.030
4894,TOI-907.01,TOI-907,9.6158851,1846.6,0.055225481,6272.0,F,0.0903967733230458,0.1613217311889448,0.20049241905868348,0.07183162027519674,0.0064933466954440605,0.200 +/- 0.072
4895,Kepler-1808 b,Kepler-1808,3.02511302,601.0,0.1467,5530.0,G,0.0004285047039499,0.1591259266730491,0.2004742860757592,0.06159595785864974,2.6394157686731225e-05,0.200 +/- 0.062
4896,BD+49 828 b,BD+49 828,13.5,293.2766443551688,4.2,4943.0,K,0.0036087536905304,0.1094709928038562,0.20003808621536903,0.17499560386206559,0.0006315160312638251,0.200 +/- 0.175
4897,Kepler-1719 b,Kepler-1719,3.95000623,1287.0,0.06868,5687.0,G,0.0010625907383482,0.2011923064560889,0.19978363387838435,0.05795998189839808,6.158773996006713e-05,0.200 +/- 0.058
4898,Kepler-176 c,Kepler-176,2.6,633.0,0.102,5232.0,G,0.0026637398064872,0.1487205935397481,0.1996450870229738,0.10711160762852326,0.0002853174529769354,0.200 +/- 0.107
4899,Kepler-281 b,Kepler-281,2.82,694.0,0.117,5723.0,G,0.0004101210834327,0.1298015289952077,0.19953370347428512,0.12039598607100627,4.937693224838935e-05,0.200 +/- 0.120
4900,K2-204 b,K2-204,3.17214154,1148.0,0.0738,5783.0,G,0.0029207243223653,0.1703015586428042,0.19918756470209686,0.04717173530605673,0.00013777563463657783,0.199 +/- 0.047
4901,TOI-2876 b,TOI-2876,9.6397234,929.0,0.0654,5271.0,G,0.0901303902610706,0.1561466969287685,0.1987701975253442,0.06827918848269261,0.006154029904654282,0.199 +/- 0.068
4902,Kepler-33 f,Kepler-33,4.46,691.0,0.2535,5904.0,G,0.0013047903934186,0.2081795409457912,0.19872134970584626,0.040437798195937326,5.2762850617059015e-05,0.199 +/- 0.040
4903,Kepler-1984 b,Kepler-1984,6.81,675.0,0.0238,3638.0,M,0.0082622485112994,0.0951985531643137,0.198689863952404,0.1496036323412785,0.001236062388596711,0.199 +/- 0.150
4904,Kepler-1875 b,Kepler-1875,3.22686692,559.0,0.2039,6161.0,F,0.0004357955331774,0.141813468977517,0.19868475066688007,0.06448706630611914,2.810317544392154e-05,0.199 +/- 0.064
4905,HD 19615 b,HD 19615,12.6,1018.8845300935296,1.1,4263.0,K,0.0211625365518369,0.1996659891339307,0.19861939982721724,0.10394981434291238,0.0021998417455885433,0.199 +/- 0.104
4906,TOI-4087 b,TOI-4087,13.04725353,1458.0,0.04469,6060.0,F,0.1035716076538174,0.1819393906764471,0.19855537027908818,0.04417432881425834,0.004575206252321086,0.199 +/- 0.044
4907,USco1556 b,USco1556 A,12.3,2240.0,3500.0,3410.0,M,0.0735108103250589,0.1610493418454469,0.1984481216849291,0.11485022224878114,0.008442732903521011,0.198 +/- 0.115
4908,EPIC 249893012 c,EPIC 249893012,3.67,990.0,0.13,5430.0,G,0.0120712002950068,0.1771842145791162,0.19814311167101784,0.08983967425247222,0.0010844727023397575,0.198 +/- 0.090
4909,Kepler-335 b,Kepler-335,3.39,1290.0,0.075,5877.0,G,0.0004302810890875,0.1868423355255966,0.19802440692769147,0.026371533472401516,1.1347172143412385e-05,0.198 +/- 0.026
4910,Kepler-718 b,Kepler-718,16.56,1497.0,0.0322,6191.0,F,0.0094198830650163,0.2272360527232981,0.19785633423913906,0.09934774711064048,0.0009358441605550443,0.198 +/- 0.099
4911,HD 12648 b,HD 12648,13.4,963.3744251566358,0.54,4835.0,K,0.048514487984073,0.1570399476908986,0.19774633280167964,0.07209391580572844,0.003497599412081783,0.198 +/- 0.072
4912,CoRoT-24 b,CoRoT-24,3.7,1070.0,0.056,4950.0,K,0.0008091527832181,0.0970795242435704,0.19769798956835205,0.1506432572190366,0.0001218934108518236,0.198 +/- 0.151
4913,WASP-158 b,WASP-158,11.99363,1590.0,0.0517,6350.0,F,0.03801850742994,0.2234849900803271,0.19750187532458655,0.058625572547320044,0.002228856765474774,0.198 +/- 0.059
4914,Qatar-3 b,Qatar-3,12.285064,1681.0,0.03783,6007.0,F,0.03004945647543,0.207975883417379,0.19738639991555873,0.06824403920863831,0.002050696285907515,0.197 +/- 0.068
4915,Kepler-1015 b,Kepler-1015,3.55,1040.0,0.1345,6769.0,F,0.0017037565184851,0.1920408650607927,0.197272827925267,0.0262269611469619,4.4684356014191795e-05,0.197 +/- 0.026
4916,Kepler-1518 b,Kepler-1518,3.05,1351.0,0.0593,6846.0,F,0.0005972696222692,0.1974050958888836,0.19694634589551485,0.016683376327779807,9.964473877467958e-06,0.197 +/- 0.017
4917,K2-283 b,K2-283,3.52,1186.0,0.0291,5060.0,K,0.0080877028289442,0.1602025741006155,0.19630459013379314,0.052363449804800954,0.0004235000211195663,0.196 +/- 0.052
4918,HAT-P-38 b,HAT-P-38,9.247,1082.0,0.0523,5330.0,G,0.0862340904997251,0.1750696814121386,0.19622637516986713,0.056569448685696654,0.00487821495748192,0.196 +/- 0.057
4919,TOI-2207 b,TOI-2207,11.1529358,1259.0,0.0854,6101.0,F,0.0609040836776547,0.1691752981803566,0.19621558490278385,0.06704377591005767,0.004083239738092083,0.196 +/- 0.067
4920,Kepler-1321 b,Kepler-1321,4.92,408.0,0.0781,4094.0,K,0.0032760307697288,0.1671782790876603,0.1962143688761898,0.07537369339614625,0.00024692653879387953,0.196 +/- 0.075
4921,BD+37 3172 b,BD+37 3172,12.4,652.402429692683,4.65,4500.0,K,0.0031939949690175,0.1491216750783242,0.1962062464473115,0.1450303554961763,0.0004632262258096066,0.196 +/- 0.145
4922,Kepler-812 b,Kepler-812,3.55,1163.0,0.1024,6761.0,F,0.0004442540051974,0.1862175722839786,0.19615108376256707,0.03710324225616923,1.6483263978112598e-05,0.196 +/- 0.037
4923,HAT-P-61 b,HAT-P-61,10.07687365,1505.0,0.0301,5587.0,G,0.0408368360085556,0.190707878471016,0.19582845415159525,0.04850643381039186,0.0019808492828748293,0.196 +/- 0.049
4924,Kepler-1744 b,Kepler-1744,3.76754004,532.0,0.20945,5986.0,G,0.0011597713916648,0.1551379615761632,0.19582461196334994,0.07426475603658603,8.613013946019824e-05,0.196 +/- 0.074
4925,Kepler-644 b,Kepler-644,3.15,1655.0,0.04641,6747.0,F,0.0004348236089246,0.1811053867819526,0.195745694605354,0.044230914408413445,1.9232645829101425e-05,0.196 +/- 0.044
4926,WASP-66 b,WASP-66,15.6926,1569.7,0.0546,6600.0,F,0.0667029498267269,0.2021046365288087,0.195711546280324,0.03865299501729114,0.0025782687872910963,0.196 +/- 0.039
4927,Kepler-1519 b,Kepler-1519,7.06,342.0,0.7655,5644.0,G,0.0078209206456971,0.1841717118183876,0.19553071738121922,0.08534536443464266,0.0006674793227214399,0.196 +/- 0.085
4928,WASP-61 b,WASP-61,15.80469,1624.4,0.0521,6250.0,F,0.0537484028746401,0.2104924205198194,0.19544643110974586,0.03605272027221581,0.0019377761339177595,0.195 +/- 0.036
4929,Kepler-222 b,Kepler-222,3.16,1004.0,0.048,5433.0,G,0.0011693320953346,0.165415475685305,0.19529799443598858,0.039234117829994565,4.587771321075213e-05,0.195 +/- 0.039
4930,Kepler-232 c,Kepler-232,3.83,806.0,0.101,5847.0,G,0.0006612687114753,0.1892196794479469,0.1952291992672941,0.033050718309313595,2.185540590973291e-05,0.195 +/- 0.033
4931,Kepler-223 c,Kepler-223,3.44,947.0,0.09117,5803.0,G,0.0003589856595109,0.1051257352020278,0.19520410184191628,0.14069556713898543,5.05076909596488e-05,0.195 +/- 0.141
4932,Kepler-740 b,Kepler-740,4.57,1131.0,0.0462,5438.0,G,0.0014455016052862,0.198492320549198,0.1948049347992213,0.026658576958206164,3.853501578773271e-05,0.195 +/- 0.027
4933,WASP-37 b,WASP-37,13.002,1232.5,0.0446,5800.0,G,0.0648955090765392,0.1477550199820291,0.19458001311532677,0.0731695500245656,0.004748375197745486,0.195 +/- 0.073
4934,TOI-6695 c,TOI-6695,13.6,415.0,0.838,6400.0,F,0.0177861928667159,0.159379958370166,0.19439143492538008,0.11826682602947769,0.0021035165774946265,0.194 +/- 0.118
4935,Kepler-164 e,Kepler-164,4.24,429.0,0.4025,5888.0,G,0.0009838269331869,0.1847410573419281,0.19439036440715307,0.052602938325506644,5.175218748940285e-05,0.194 +/- 0.053
4936,Kepler-405 c,Kepler-405,4.66,557.0,0.188,5818.0,G,0.0005257674997611,0.1884059509462732,0.19426487549827312,0.04553562573574715,2.394115209314098e-05,0.194 +/- 0.046
4937,TOI-5292 A b,TOI-5292 A,12.64373023,809.0,0.0279,3919.0,K,0.0440122295706072,0.2012235397946971,0.19413767676045945,0.06861878664343839,0.0030200657906075254,0.194 +/- 0.069
4938,TOI-2981 b,TOI-2981,13.4,1358.0,0.048,5940.0,G,0.0358214482730447,0.217416871261006,0.1939767730473886,0.03969540407944071,0.0014219468639092927,0.194 +/- 0.040
4939,Kepler-258 c,Kepler-258,3.61,470.0,0.193,4942.0,K,0.0020929571625084,0.1519847261424997,0.1938505298089022,0.06207377330776778,0.00012991774844841531,0.194 +/- 0.062
4940,Kepler-493 b,Kepler-493,15.13,1438.0,0.0439,6457.0,F,0.0071912789736068,0.2124317201045193,0.19382069676698024,0.09977331344335513,0.0007174977310922805,0.194 +/- 0.100
4941,Kepler-100 e,Kepler-100,5.27,568.6870604026802,0.312391586,5884.0,G,0.0142582042039788,0.2084415482481472,0.19376819228766798,0.04942454494885919,0.0007047052545695633,0.194 +/- 0.049
4942,Kepler-1769 b,Kepler-1769,4.465,483.0,0.40598,6071.0,F,0.0076063051061234,0.1936729980045481,0.19367015274303165,0.0490845066984257,0.00037335173393178363,0.194 +/- 0.049
4943,Kepler-501 b,Kepler-501,4.3,1125.0,0.0627,5904.0,G,0.0012399330611363,0.1920425354338062,0.19332300900975813,0.02481917389601299,3.0774114263757534e-05,0.193 +/- 0.025
4944,Kepler-564 b,Kepler-564,4.63,1129.0,0.0484,5626.0,G,0.0019848292796629,0.1941620695169519,0.1933153488691976,0.028627390943756607,5.682048374552466e-05,0.193 +/- 0.029
4945,K2-115 b,K2-115,11.80305668,696.0,0.1415,5870.0,G,0.0489353912138126,0.1975709126195328,0.1932924484583097,0.04803254559303821,0.0023504914095906155,0.193 +/- 0.048
4946,TOI-333 b,TOI-333,4.26,1445.0,0.049,6241.0,F,0.0175692166009781,0.1783342976630388,0.19323601517419292,0.05784972892381911,0.0010163744177704456,0.193 +/- 0.058
4947,TOI-2498 b,TOI-2498,6.06,1443.0,0.0491,5905.0,G,0.034520567169671,0.1711775755355452,0.1932012140976478,0.07168763043659615,0.0024746976617210687,0.193 +/- 0.072
4948,Kepler-33 c,Kepler-33,3.2,1009.0,0.1189,5904.0,G,0.0005722156013725,0.081922877407643,0.1929062180748292,0.15352038125163112,8.784675728083758e-05,0.193 +/- 0.154
4949,Kepler-20 g,Kepler-20,4.71,524.0,0.2055,5495.0,G,0.0177813912428903,0.1968406029201542,0.19285866218873782,0.05208273737961886,0.00092610353034771,0.193 +/- 0.052
4950,Kepler-234 b,Kepler-234,3.7,1420.0,0.04,6224.0,F,0.0005187827210176,0.1743108276008602,0.19246218999009804,0.040594592032891993,2.1059772913423093e-05,0.192 +/- 0.041
4951,Kepler-549 d,Kepler-549,4.2,586.0,0.1575,5312.0,G,0.0023478755061402,0.1891474304710745,0.1924285158947148,0.032354068985001906,7.596332609385631e-05,0.192 +/- 0.032
4952,TOI-6692 b,TOI-6692,11.67975789,467.0,0.512,5890.0,G,0.0765948215657198,0.1498859997997876,0.192402924145586,0.07783706315674503,0.005961915963690548,0.192 +/- 0.078
4953,Kepler-827 b,Kepler-827,5.63,574.0,0.2742,5602.0,G,0.0021203812942969,0.1958145693454156,0.19216692376038477,0.025007995859822257,5.302648662902143e-05,0.192 +/- 0.025
4954,Kepler-33 e,Kepler-33,4.02,752.0,0.2138,5904.0,G,0.0010080499387253,0.1932997566117969,0.19215609318906735,0.08186592563582328,8.252494132088162e-05,0.192 +/- 0.082
4955,HATS-30 b,HATS-30,13.170575,1414.0,0.04354,5943.0,G,0.0922893554343362,0.1892293703224535,0.1919586476309086,0.04699659461155345,0.004337285424309065,0.192 +/- 0.047
4956,Kepler-943 b,Kepler-943,5.93,455.0,0.2559,5612.0,G,0.0028024853648589,0.1981484635916071,0.19193067683175832,0.024644226553343366,6.906508424401188e-05,0.192 +/- 0.025
4957,Kepler-79 e,Kepler-79,3.49,511.0,0.386,6174.0,F,0.0006270073395908,0.1652445207386425,0.1918098958050657,0.1263583956588653,7.922764149702682e-05,0.192 +/- 0.126
4958,NGTS-1 b,NGTS-1,14.90797,790.0,0.0326,3916.0,K,0.0581398154584349,0.1794060763586674,0.19172497387268156,0.06832431572835361,0.00397236310777032,0.192 +/- 0.068
4959,Kepler-700 b,Kepler-700,5.99,452.0,0.3577,5692.0,G,0.0039968446545837,0.2031583018693787,0.19171563650137183,0.024000707766454434,9.592710054257889e-05,0.192 +/- 0.024
4960,Kepler-11 c,Kepler-11,2.87,786.0,0.107,5663.0,G,0.0020345016039194,0.1422414740741653,0.1915581078156848,0.11512929788723784,0.00023423074120969978,0.192 +/- 0.115
4961,Kepler-1989 b,Kepler-1989,4.62,904.0,0.0918,6032.0,F,0.001527706236862,0.2041329586963803,0.19129163909675787,0.026777209714976366,4.0907710287331135e-05,0.191 +/- 0.027
4962,Kepler-222 d,Kepler-222,3.69,522.0,0.18,5433.0,G,0.0020546078346701,0.1751507076955965,0.19103165239984576,0.04674264473913732,9.603780409423267e-05,0.191 +/- 0.047
4963,HD 60292 b,HD 60292,12.7,813.636653825957,1.5,4348.0,K,0.0128285412609814,0.1931721718865983,0.19097544489557663,0.03862417038722347,0.0004954917634836723,0.191 +/- 0.039
4964,Kepler-407 c,Kepler-407,12.3,134.21311774797684,3.27090369,5476.0,G,0.0101767171082289,0.1549024354018987,0.19079358870856186,0.11038267083834913,0.0011233332147726268,0.191 +/- 0.110
4965,Kepler-1746 b,Kepler-1746,8.93504475,310.0,0.94082,6018.0,F,0.0049578001629476,0.1524778000716524,0.190751193554512,0.14350075480790372,0.0007114480655697286,0.191 +/- 0.144
4966,Kepler-350 c,Kepler-350,3.1,888.0,0.1385,6492.3,F,0.0008194167886036,0.1300734548438474,0.19072965729342517,0.11483174357477544,9.409505854979456e-05,0.191 +/- 0.115
4967,DMPP-2 c,DMPP-2,8.26,1747.8560267929663,0.04789,6500.0,F,0.075518863645437,0.1316027970267512,0.19056328743871934,0.09822393170906031,0.007417759705455241,0.191 +/- 0.098
4968,CoRoT-24 c,CoRoT-24,5.0,850.0,0.098,4950.0,K,0.0008091527832181,0.1136791003869675,0.1901665207797664,0.1020196647679719,8.2549495689982e-05,0.190 +/- 0.102
4969,Kepler-554 b,Kepler-554,4.29,1346.0,0.03022,5447.0,G,0.0029231699482592,0.1905915274267995,0.19000055998965615,0.04283085784543583,0.00012520187651193982,0.190 +/- 0.043
4970,V1298 Tau e,V1298 Tau,10.17,527.0,0.2689,4970.0,K,0.1016761207557636,0.1029896621823178,0.1899981133602103,0.12540946690415325,0.012751148100862624,0.190 +/- 0.125
4971,Kepler-24 e,Kepler-24,2.78,792.0,0.138,5897.0,G,0.0003822765878199,0.1131306018143541,0.1898226921172195,0.10697559862093267,4.089426682080134e-05,0.190 +/- 0.107
4972,Kepler-229 c,Kepler-229,4.92,600.0,0.117,5120.0,K,0.0032267580319568,0.180002043598117,0.18978265223703952,0.04736128297103157,0.00015282340023055495,0.190 +/- 0.047
4973,K2-30 b,K2-30,11.646151,1092.0,0.04839,5425.0,G,0.0625662079137648,0.2117780637999269,0.1897401853617768,0.05313379591161103,0.0033243801222534015,0.190 +/- 0.053
4974,HD 112640 b,HD 112640,12.9,877.7757691113981,1.7,4155.0,K,0.011827560866045,0.1781499586556074,0.18899213034497364,0.039390445668396244,0.0004658928936835952,0.189 +/- 0.039
4975,Kepler-1730 b,Kepler-1730,4.48524519,833.0,0.1131,5942.0,G,0.0008697843115785,0.1870287186826273,0.1884645277874034,0.02587684194970101,2.2507271161046345e-05,0.188 +/- 0.026
4976,Kepler-1736 b,Kepler-1736,3.8765856,566.0,0.2188,6085.0,F,0.0007867546094292,0.1821218212294189,0.18807184827500686,0.03376466144946932,2.65645030311864e-05,0.188 +/- 0.034
4977,HATS-2 b,HATS-2,12.57647635,1550.0,0.02317,5227.0,G,0.0592395203927311,0.22176526931593,0.18763076937877515,0.06190958851200638,0.0036674943311625933,0.188 +/- 0.062
4978,Kepler-603 c,Kepler-603,6.5,401.0,0.53439,5808.0,G,0.0059742771611832,0.1954661189178343,0.1875790893269288,0.02445521956901159,0.0001461022597428664,0.188 +/- 0.024
4979,Kepler-247 c,Kepler-247,4.09,686.0,0.084,5100.0,K,0.0030641489490034,0.1732456632177346,0.18659730204874939,0.04504534435253524,0.00013802564455531709,0.187 +/- 0.045
4980,Kepler-30 b,Kepler-30,3.9,524.0,0.18,5498.0,G,0.0013886461392731,0.1755127457206896,0.18645754767156258,0.06875663136766762,9.547863069813537e-05,0.186 +/- 0.069
4981,CoRoT-6 b,CoRoT-6,13.068,1017.0,0.0855,6090.0,F,0.0004727646772715,0.1507072859545477,0.1859457090885092,0.08860426757173555,4.188896796342919e-05,0.186 +/- 0.089
4982,TOI-5232 b,TOI-5232,12.778238,1772.0,0.05593,6500.0,F,0.0324137975056218,0.1830767294478839,0.18578248657572013,0.032850620426430256,0.0010648133584363537,0.186 +/- 0.033
4983,TYC 4282-00605-1 b,TYC 4282-00605-1,12.4,1175.4616228875072,0.422,4300.0,K,0.0028936031048357,0.1086763236503605,0.18547794049582683,0.10850285966651746,0.00031396421161458715,0.185 +/- 0.109
4984,K2-98 b,K2-98,5.06645928,1185.0,0.0986,6260.0,F,0.0083599030803111,0.1848203014664324,0.18535747443664866,0.033213554542254664,0.0002776620969258755,0.185 +/- 0.033
4985,TOI-329 b,TOI-329,4.94057819,1213.02,0.0638,5614.0,G,0.0331055604337785,0.1469619529880237,0.18535496512675587,0.07347807806085276,0.0024325329538014548,0.185 +/- 0.073
4986,Kepler-148 c,Kepler-148,3.6,957.0,0.05,5272.0,G,0.0014655327946381,0.1513241267105265,0.1853288284088908,0.06476765286685249,9.491911930810867e-05,0.185 +/- 0.065
4987,Kepler-818 b,Kepler-818,5.11,786.0,0.0886,5638.0,G,0.002273204178329,0.1921692779101468,0.1851757287333079,0.037889505257244625,8.613058166558709e-05,0.185 +/- 0.038
4988,Kepler-767 b,Kepler-767,6.64,366.0,0.5874,5694.0,G,0.0031458932631848,0.1864022225444986,0.18517298504256266,0.039680751615219695,0.00012483140918442901,0.185 +/- 0.040
4989,Kepler-53 b,Kepler-53,2.89,701.0,0.1361,5858.0,G,0.0006360855991649,0.1761768552507803,0.18510052528012513,0.047686715991334054,3.033283331355414e-05,0.185 +/- 0.048
4990,Kepler-647 c,Kepler-647,4.00135002,644.0,0.18291,5906.74,G,0.0013829653829653,0.1649892131973644,0.18502897214059724,0.03629849556771122,5.019956282386399e-05,0.185 +/- 0.036
4991,K2-39 b,K2-39,6.27704,1670.0,0.05708,4881.0,K,0.0349484600679114,0.1589726713618477,0.18446780312390432,0.0707717866075199,0.002473364958187656,0.184 +/- 0.071
4992,NGC 2682 Sand 1429 b,NGC 2682 Sand 1429,13.4,683.0,0.384,6000.0,F,5.9359237512591285e-05,0.1812546681679748,0.1843900633257313,0.08744455051582019,5.190641843250358e-06,0.184 +/- 0.087
4993,K2-113 b,K2-113,12.14,1098.0,0.0642,5660.0,G,0.0178548151092247,0.1995973219502335,0.1842293173311911,0.04277696227376549,0.000763774752332363,0.184 +/- 0.043
4994,TOI-1296 b,TOI-1296,14.11645916,1414.84,0.051,5567.0,G,0.124137878205841,0.1455678619213956,0.1837003154211617,0.06290662167517422,0.007809094539853695,0.184 +/- 0.063
4995,HD 11343 c,HIP 8541,13.9,560.9636904394916,0.923,4672.0,K,0.0635973927275677,0.1075226819789794,0.18367546575523555,0.1187406957230881,0.007551598658645853,0.184 +/- 0.119
4996,Kepler-678 b,Kepler-678,5.14,833.0,0.0732,5520.0,G,0.0033087140534152,0.1952061604562141,0.18365443737249457,0.042584588493584465,0.00014090022640762614,0.184 +/- 0.043
4997,Kepler-1750 b,Kepler-1750,6.00434637,298.0,0.6785,5644.0,G,0.0020268455583353,0.1441622858256355,0.18324821738648603,0.10566980732280275,0.0002141763796223697,0.183 +/- 0.106
4998,Kepler-39 b,Kepler-39,13.9,897.0,0.164,6350.0,F,0.0125190874019776,0.1713896923691232,0.18315178419304753,0.10602754243340098,0.0013273680707406358,0.183 +/- 0.106
4999,WASP-190 b,WASP-190,12.89035,1500.0,0.0663,6400.0,F,0.0539907419812183,0.2109166170518388,0.183044359400608,0.033641961361510625,0.0018163544556114358,0.183 +/- 0.034
5000,Kepler-799 b,Kepler-799,6.88,433.0,0.5167,5681.0,G,0.0055447712566138,0.1762856049030194,0.18304152576147176,0.030884749330152544,0.00017124887035355215,0.183 +/- 0.031
5001,Kepler-458 c,KIC 9663113,4.2,798.0,0.17012,6117.21,F,0.0024431720381017,0.1857749089976108,0.18270868445234315,0.04462481597245537,0.00010902610258933709,0.183 +/- 0.045
5002,Kepler-1656 c,Kepler-1656,14.0,147.4398483127412,3.053,5569.0,G,0.046760202847767,0.072679561881459,0.18258912137333466,0.17645897725942267,0.008251257570960109,0.183 +/- 0.176
5003,K2-99 b,K2-99,11.88151954,1184.0,0.153,6069.0,F,0.055812849972526,0.1645909875658531,0.182477111691117,0.04520802227324773,0.0025231885646913896,0.182 +/- 0.045
5004,BD+48 740 b,BD+48 740,13.5,492.9602860118715,1.7,4534.0,K,0.0003820867792574,0.081684682603629,0.1824196678412632,0.14084366337412366,5.381450171743234e-05,0.182 +/- 0.141
5005,TOI-163 b,TOI-163,16.690201,1669.0,0.058,6495.0,F,0.1019168514289173,0.1728974401166801,0.18208635618212443,0.05866858970241183,0.005979317940244814,0.182 +/- 0.059
5006,WASP-138 b,WASP-138,12.21781,1590.0,0.0494,6272.0,F,0.0620542917808754,0.173105071166901,0.1815851648660528,0.030757226727229865,0.0019086179217020613,0.182 +/- 0.031
5007,Gaia-1 b,Gaia-1,13.77583728,1159.07,0.04047,5470.0,G,0.0553661488493847,0.1830080015337157,0.18139822602701555,0.047003069002042736,0.002602378914744998,0.181 +/- 0.047
5008,WASP-150 b,WASP-150,11.99363,1460.0,0.0694,6218.0,F,0.0280043600447097,0.1675630226789005,0.1812388071460655,0.04984485523650092,0.0013958732724194056,0.181 +/- 0.050
5009,Kepler-857 b,Kepler-857,6.8,390.0,0.3751,5773.0,G,0.0048521546197715,0.1857430443049505,0.1807308445449393,0.04694287895123928,0.00022777410696862998,0.181 +/- 0.047
5010,TOI-4773 b,TOI-4773,15.22179579,2255.0,0.03216,6740.0,F,0.042396555224419,0.1743338645166048,0.18044890583138506,0.0546591153426623,0.0023173582021430703,0.180 +/- 0.055
5011,HD 10975 b,HD 10975,14.3,731.6786342548316,0.95,4840.0,K,0.0935711841703123,0.119200056523895,0.18029873834304289,0.057753473993809125,0.005404060951550055,0.180 +/- 0.058
5012,HATS-7 b,HATS-7,6.310667,1084.0,0.04012,4985.0,K,0.0442749369486628,0.1501543808591654,0.18000701526262702,0.06924847518431239,0.003065971872576472,0.180 +/- 0.069
5013,Kepler-1515 b,Kepler-1515,9.55,380.0,0.75235,6511.0,F,0.056085205920457,0.1811280289836672,0.1799136013893884,0.06508820649128215,0.0036504854640567854,0.180 +/- 0.065
5014,K2-140 b,K2-140,13.56286665,962.0,0.068,5585.0,G,0.0845364984630682,0.1844522114273454,0.17987568251409083,0.07125367240212342,0.006023535967510071,0.180 +/- 0.071
5015,Kepler-495 b,Kepler-495,5.23,1200.0,0.0427,5346.0,G,0.0042874616620117,0.1740834301003757,0.17970749052386747,0.03524130184044368,0.00015109573056028465,0.180 +/- 0.035
5016,Kepler-258 b,Kepler-258,4.06,642.0,0.103,4942.0,K,0.0029738585031193,0.1268051667863534,0.17960561798136473,0.056182595250926386,0.00016707908861427742,0.180 +/- 0.056
5017,KOI-1783.02,KOI-1783,5.44,321.0,0.86695,5922.0,G,0.0033019850309485,0.1154913925432296,0.17959751225736484,0.15222931279701468,0.0005026589121273194,0.180 +/- 0.152
5018,TOI-7510 b,TOI-7510,7.31,878.0,0.1019,5720.0,G,0.0681666516286396,0.1527208336999786,0.17952755005558738,0.05789186988893996,0.003946294926849901,0.180 +/- 0.058
5019,Kepler-1326 b,Kepler-1326,4.18,938.0,0.2743,6725.0,F,0.0027596784652783,0.1775592571621322,0.17945101200336788,0.04102948675607576,0.0001132281910421635,0.179 +/- 0.041
5020,Kepler-82 f,Kepler-82,4.84,387.4335031074119,0.3395,5401.0,G,3.5455477471529727e-05,0.1682432888025379,0.1789945629296792,0.07684890186381964,2.724714508744456e-06,0.179 +/- 0.077
5021,TIC 434398831 c,TIC 434398831,5.63,1050.0,0.06572,5638.0,G,0.0342495174191176,0.1516978470990556,0.17896864850902353,0.05324835634828718,0.001823730508290043,0.179 +/- 0.053
5022,WASP-197 b,WASP-197,14.44837612,1665.0,0.065,6050.0,F,0.0648288033212635,0.1792412270739132,0.17861198624580213,0.03951535009512966,0.0025617328594880317,0.179 +/- 0.040
5023,Kepler-53 c,Kepler-53,3.17,550.0,0.22091,5858.0,G,0.0007274342102711,0.1632663787526314,0.1784468854077784,0.039270447157151916,2.8566666714755768e-05,0.178 +/- 0.039
5024,USco1621 b,USco1621 A,12.2,2270.0,2880.0,3460.0,M,0.075548321746215,0.1583168208453406,0.17816480231560525,0.08970272728179916,0.006776890502198341,0.178 +/- 0.090
5025,K2-157 d,K2-157,5.16,429.1,0.309,5334.0,G,0.0151811188480452,0.1073417238483468,0.1780139316144779,0.0816251819637177,0.0012391615883845138,0.178 +/- 0.082
5026,Kepler-637 b,Kepler-637,4.75,1002.0,0.16619,6096.0,F,0.0008753042043719,0.1200546784789238,0.17784935276848732,0.07703416417923037,6.742832778635556e-05,0.178 +/- 0.077
5027,Kepler-972 b,Kepler-972,4.65,1060.0,0.0734,6146.0,F,0.0007582342910305,0.1729537288777143,0.17777086175695136,0.03406667112401922,2.583051822748992e-05,0.178 +/- 0.034
5028,TOI-375 d,TOI-375,13.6,434.0,0.984,5259.9,G,0.0057067659213616,0.1153850547687826,0.17766281988663277,0.147846194667489,0.0008437236253314192,0.178 +/- 0.148
5029,Wendelstein-1 b,Wendelstein-1,11.5609626,2198.0,0.0282,4251.0,K,0.0554729544981044,0.1816111970793007,0.1775847516841871,0.06791059156672492,0.0037672011559202845,0.178 +/- 0.068
5030,WISPIT 2 b,WISPIT 2,17.93436912,30.609630081169136,57.0,4400.0,K,0.0778444398694513,0.1202308120831655,0.17709675679818423,0.14890206954425556,0.011591198199074658,0.177 +/- 0.149
5031,TrES-5 b,TrES-5,13.383546,1480.0,0.02459,5171.0,K,0.0495816379355266,0.1911041692170761,0.17706501180931095,0.06412512590150518,0.0031794287750184884,0.177 +/- 0.064
5032,Kepler-391 c,Kepler-391,2.88,662.0,0.164,5038.0,K,0.000658165225814,0.063108575966729,0.1766881052826826,0.13025766646845363,8.573106646521449e-05,0.177 +/- 0.130
5033,Kepler-561 b,Kepler-561,6.96,446.0,0.29256,5646.0,G,0.0097537702494206,0.185436827207429,0.1765541389382944,0.030650731824622243,0.0002989601961939696,0.177 +/- 0.031
5034,Kepler-46 b,Kepler-46,9.057,543.0,0.1968,5155.0,K,0.0067198100508344,0.1420943401210683,0.17634950443923675,0.11007529091574572,0.0007396850462441486,0.176 +/- 0.110
5035,HATS-58 A b,HATS-58 A,12.273855,1721.0,0.05798,7175.0,F,0.0778576680589823,0.1551589709266677,0.17630100666228601,0.049306264210205716,0.0038388707521066754,0.176 +/- 0.049
5036,Kepler-489 b,Kepler-489,7.72,538.0,0.12109,5014.0,K,0.0282129040098692,0.1831842518559134,0.17617065434717538,0.0846359695061359,0.002387826483458829,0.176 +/- 0.085
5037,Kepler-1799 b,Kepler-1799,4.12801189,770.0,0.1028,5831.0,G,0.0004595265569648,0.1645088147337432,0.17613884764781806,0.039286706838890836,1.8053285128160968e-05,0.176 +/- 0.039
5038,TOI-5301 b,TOI-5301,13.09208946,1648.0,0.073,6240.0,F,0.0327886817365027,0.1610830179498034,0.17575306040785124,0.040188365595784856,0.0013177235290304044,0.176 +/- 0.040
5039,Kepler-1000 b,Kepler-1000,4.76,473.0,0.5326,6453.0,F,0.0033359499716054,0.1439318068893336,0.17573455949780908,0.06366979292381703,0.0002123992438963291,0.176 +/- 0.064
5040,HAT-P-37 b,HAT-P-37,13.204,1271.0,0.0379,5500.0,G,0.048623242076071,0.1876051658453785,0.17573095142340228,0.030203751041664197,0.00146860429850422,0.176 +/- 0.030
5041,TOI-5349 b,TOI-5349,10.2,719.0,0.0369,3751.0,K,0.0860010864515072,0.1511004180712011,0.17562603865387827,0.06354455785597005,0.005464901013694081,0.176 +/- 0.064
5042,TOI-1338 c,TOI-1338 A,10.3,324.6128829450581,0.794,5723.2,G,0.0055489708307173,0.1309831097804048,0.17540303582704408,0.1545175830965777,0.0008574135614358462,0.175 +/- 0.155
5043,Kepler-1995 b,Kepler-1995,4.28,375.0,0.3259,5029.0,K,0.0023067034259069,0.1522345644201728,0.17535356000203556,0.05741299906724459,0.00013243476164000273,0.175 +/- 0.057
5044,Kepler-254 b,Kepler-254,3.87,1013.0,0.064,5957.0,G,0.0008509551122527,0.1544130924070429,0.1752746612311295,0.03920476982780952,3.336149930966492e-05,0.175 +/- 0.039
5045,CoRoT-29 b,CoRoT-29,10.0881,1120.2580248624895,0.0386,5260.0,G,9.429873299361064e-05,0.1527694516208348,0.1752306669827493,0.08659219071422634,8.165533871492642e-06,0.175 +/- 0.087
5046,Kepler-48 f,Kepler-48,13.8,87.52014568532947,5.719187877,5190.0,K,0.0139628813247245,0.0998085081106703,0.17508166121262964,0.14798016402772166,0.002066229468732343,0.175 +/- 0.148
5047,Kepler-88 d,KOI-142,13.1,145.3934978808671,2.466329866,5466.0,G,0.0069250998771061,0.1086920377714253,0.174988521975831,0.1500238698007239,0.0010389302823199747,0.175 +/- 0.150
5048,FU Tau b,FU Tau,12.2,2375.0,800.0,2838.0,M,0.0789513633167825,0.1615595448315652,0.1746695970388015,0.06306434875780921,0.0049790163111140765,0.175 +/- 0.063
5049,Kepler-511 c,Kepler-511,4.20964327,742.0,0.17177,5866.0,G,0.00346982265785,0.1615142286389224,0.17466653323668532,0.041000005865414704,0.00014226274932379885,0.175 +/- 0.041
5050,Kepler-957 b,Kepler-957,5.5,769.0,0.0559,4963.0,K,0.0031116191213772,0.1665203169069669,0.17451119324574868,0.05831003210991502,0.00018143861088133008,0.175 +/- 0.058
5051,HD 18438 b,HD 18438,12.1,1105.07730540667,2.1,3860.0,K,0.0318909565113403,0.1572269197353895,0.17418356737516724,0.08061976655410062,0.0025710414691312304,0.174 +/- 0.081
5052,DMPP-2 d,DMPP-2,11.6,1010.779827350698,0.1432,6500.0,F,0.075518863645437,0.1397769200992014,0.17407141477197283,0.09285159847690057,0.00701204720463792,0.174 +/- 0.093
5053,TOI-4377 b,TOI-4377,15.10970598,1162.08,0.0579,4974.0,K,0.0508966407136354,0.179236301961914,0.17393378112557994,0.05158261646197056,0.0026253818971341703,0.174 +/- 0.052
5054,Kepler-58 d,Kepler-58,2.94,583.0,0.236,6099.0,F,0.0005933445037487,0.1481585249228912,0.173819930707342,0.07271192138450018,4.3143218910500746e-05,0.174 +/- 0.073
5055,HD 95127 b,HD 95127,12.4,1053.0553340554054,1.28,4218.0,K,0.0003457609891792,0.1968800319524421,0.1736508597148706,0.04508831754144321,1.558978127355528e-05,0.174 +/- 0.045
5056,TOI-375 c,TOI-375,13.4,596.0,0.524,5259.9,G,0.0057067659213616,0.1363959494194084,0.17339848082648918,0.07719972601973707,0.0004405607655878879,0.173 +/- 0.077
5057,NGTS-10 b,NGTS-10,13.506845,1332.0,0.0143,4600.0,K,0.0476944513096898,0.1629819601134262,0.17322803031461798,0.06580265583843219,0.003138421564934379,0.173 +/- 0.066
5058,HATS-75 b,HATS-75,9.90873894,772.3,0.032742,3790.4,K,0.0835077430248244,0.1222452539885458,0.17309691265684704,0.06471759386743807,0.00540442019786697,0.173 +/- 0.065
5059,WASP-46 b,WASP-46,13.159366,1636.0,0.02335,5600.0,G,0.0545026639544674,0.1496184573841366,0.1728211549753296,0.05157847957179981,0.0028111645393841668,0.173 +/- 0.052
5060,BD-13 2130 b,BD-13 2130,12.5,681.2329048708328,1.66,4545.0,K,2.877185791366206e-05,0.1556972358586853,0.1727747203182516,0.058855936320117076,1.6933946371779507e-06,0.173 +/- 0.059
5061,Kepler-82 b,Kepler-82,4.07,562.0,0.1683,5401.0,G,0.0015639656210971,0.1612332912993283,0.17276396910395603,0.03507898277923124,5.4862323089774855e-05,0.173 +/- 0.035
5062,EPIC 249893012 d,EPIC 249893012,3.94,752.0,0.22,5430.0,G,0.0120712002950068,0.1326869280891139,0.17265499681847418,0.08875145731931394,0.0010713366177751858,0.173 +/- 0.089
5063,Kepler-297 c,Kepler-297,6.54,409.0,0.336,5619.0,G,0.0060733649066378,0.1667171391076648,0.17261337583083364,0.024749912198934527,0.00015031524819137575,0.173 +/- 0.025
5064,Kepler-677 b,Kepler-677,5.38,1015.0,0.067,5723.0,G,0.0021424529588522,0.1761647305655344,0.1717944413352225,0.027320425383054528,5.853272619902592e-05,0.172 +/- 0.027
5065,Kepler-36 c,Kepler-36,3.679,928.0,0.12692,5979.0,G,0.0051853029229063,0.1576228440753935,0.1716548122714288,0.048173153790829086,0.0002497923951572008,0.172 +/- 0.048
5066,Kepler-1640 b,Kepler-1640,4.82,1228.0,0.0836,6324.0,F,0.0010248033656403,0.1531015609670047,0.17155506006762566,0.03542882434938405,3.630757843392779e-05,0.172 +/- 0.035
5067,KOI-94 c,KOI-94,4.32,1012.0,0.1013,6182.0,F,0.0077364880296913,0.110744114410412,0.17147924872939346,0.060910556004373034,0.00047123378740967354,0.171 +/- 0.061
5068,Kepler-1764 b,Kepler-1764,4.55527871,511.0,0.3512,6461.0,F,0.000968874383938,0.1584477733930921,0.17141624817281811,0.046052000314277634,4.4618603433608324e-05,0.171 +/- 0.046
5069,HAT-P-46 b,HAT-P-46,14.392,1458.0,0.0577,6120.0,F,0.1073541078558137,0.1351834539558927,0.17137116804927374,0.05951308070402573,0.006388973684731724,0.171 +/- 0.060
5070,GPX-1 b,GPX-1,16.47720163,2300.0,0.0338,7000.0,F,0.0352988346048369,0.1376843718038317,0.17119162211974276,0.0825422072530819,0.002913643721744706,0.171 +/- 0.083
5071,ROXs 42 B b,ROXs 42 B,12.5,1975.0,157.0,3433.0,M,0.0713703469784615,0.1480929002181296,0.17109051046538584,0.07476629779846393,0.005336096616171352,0.171 +/- 0.075
5072,NGTS-33 b,NGTS-33,18.38272835,1991.0,0.048,7437.0,F,0.1257929175933681,0.1291322498702668,0.17103764513674052,0.06331326747015689,0.00796436063744032,0.171 +/- 0.063
5073,Kepler-434 b,Kepler-434,12.67,1000.0,0.1143,5977.0,G,0.0035313490454726,0.1661635445719843,0.17085746839155216,0.05445314996398975,0.00019229307914831156,0.171 +/- 0.054
5074,WASP-144 b,WASP-144,9.52765,1260.0,0.0316,5200.0,G,0.0478734081425679,0.1643811783261812,0.17033109366345403,0.05717831454188122,0.002737320788967605,0.170 +/- 0.057
5075,Kepler-1819 b,Kepler-1819,3.90351256,760.0,0.1337,6090.0,F,0.0005644975648295,0.1572538304527016,0.1703005952390458,0.03418891182072512,1.9299557466969836e-05,0.170 +/- 0.034
5076,WASP-64 b,WASP-64,14.247,1689.0,0.02648,5400.0,G,0.0696469746562327,0.1663034168831349,0.16989098700493047,0.03713817747154854,0.002586561705139613,0.170 +/- 0.037
5077,Kepler-502 b,Kepler-502,4.77,1217.0,0.0535,6125.0,F,0.0011092700605496,0.167388914312891,0.1698456397232801,0.02702404819801374,2.9976967580906008e-05,0.170 +/- 0.027
5078,Kepler-1085 b,Kepler-1085,7.22,313.0,0.73361,6000.0,F,0.0035469566937479,0.16912945313354,0.1697559840138707,0.05240679834129806,0.00018588464417456347,0.170 +/- 0.052
5079,Kepler-424 b,Kepler-424,9.98,1116.0,0.044,5460.0,G,0.00651851073857,0.1554866625925688,0.1696514188558153,0.06543306003533479,0.00042652610449782537,0.170 +/- 0.065
5080,HAT-P-23 b,HAT-P-23,15.334,2056.0,0.0232,5905.0,G,0.0594017311654812,0.1719047045314901,0.169222104543927,0.0359057235873008,0.0021328621398349194,0.169 +/- 0.036
5081,Kepler-276 b,Kepler-276,2.87,739.0,0.119,6105.0,F,0.0004342387822086,0.0891472086369265,0.16901804451323404,0.11242194255433996,4.8817967428321775e-05,0.169 +/- 0.112
5082,Kepler-35 b,Kepler-35,8.16,322.7832588398811,0.60347,5606.0,G,3.771953483414246e-09,0.1050994013572333,0.1689570212409028,0.14485427042525878,5.46383569917984e-10,0.169 +/- 0.145
5083,TOI-4994 b,TOI-4994,8.54124329,717.6,0.1515,5640.0,G,0.0451848713360251,0.1589068651496713,0.1684052948031732,0.05331895680456523,0.0024092102029853596,0.168 +/- 0.053
5084,HATS-4 b,HATS-4,11.433,1315.0,0.0362,5403.0,G,0.0445705685077396,0.1534278823270658,0.1682933417681399,0.050596993692064565,0.002255136773637832,0.168 +/- 0.051
5085,TOI-1298 b,TOI-1298,9.65807033,1278.0,0.057,5752.0,G,0.0640961869380309,0.1638843013117975,0.16785637822294053,0.051962983707869795,0.0033306291175974763,0.168 +/- 0.052
5086,CoRoT-22 b,CoRoT-22,4.88,885.0,0.092,5939.0,G,0.0005667723668054,0.0841482901191355,0.1677668441285276,0.14165833806654568,8.028803154369558e-05,0.168 +/- 0.142
5087,WASP-36 b,WASP-36,14.874343,1733.0,0.02677,5959.0,G,0.0589905980309338,0.1596424401771814,0.16732986397040683,0.034409943039668635,0.002029863118120421,0.167 +/- 0.034
5088,TOI-1937 A b,TOI-1937 A,13.97759893,2097.0,0.01932,5814.0,G,0.038629401787106,0.1676740058680356,0.1670390477756207,0.03885770752501588,0.0015010499965096907,0.167 +/- 0.039
5089,NGTS-9 b,NGTS-9,11.99363,1448.0,0.058,6330.0,F,0.0190621464380545,0.143270288133282,0.16687273309651118,0.06551479471048265,0.0012488526106302987,0.167 +/- 0.066
5090,Kepler-450 b,Kepler-450,6.14,769.0,0.20092,6197.21,F,0.0216888870309044,0.1690648025520798,0.16673748160697371,0.036904915406753044,0.0008004265411421501,0.167 +/- 0.037
5091,Kepler-33 d,Kepler-33,5.35,853.0,0.1662,5904.0,G,0.0017165290714997,0.0989298230345445,0.1665545255295348,0.13348729262456976,0.0002291348184658615,0.167 +/- 0.133
5092,TOI-4214 b,TOI-4214,10.68215861,1642.0,0.05018,6370.0,F,0.0628383664610215,0.1081465167952056,0.16653777564292355,0.06116019162732295,0.003843206534304019,0.167 +/- 0.061
5093,HATS-24 b,HATS-24,15.636555,2166.0,0.0238,6125.0,F,0.0605812795015175,0.1787746984864553,0.16646889017025948,0.029743876545518137,0.0018019220984626652,0.166 +/- 0.030
5094,K2-45 b,K2-45,6.71,1073.56,0.0224,4103.0,K,0.020849039446845,0.1576471113903037,0.1661013048500447,0.07054025142451184,0.0014706964845400115,0.166 +/- 0.071
5095,KOI-94 e,KOI-94,6.56,584.0,0.3046,6182.0,F,0.0193266804830467,0.1711677088450558,0.16602946461683168,0.034679607367729674,0.0006702416908736236,0.166 +/- 0.035
5096,Kepler-177 b,Kepler-177,3.5,549.0,0.21101,5732.0,G,0.0007280412807968,0.1220188171518189,0.16560949002270917,0.096712415582945,7.041063090995968e-05,0.166 +/- 0.097
5097,Kepler-891 b,Kepler-891,6.41,486.0,0.2881,5887.0,G,0.0026478801340789,0.1710300421319407,0.16552854884182466,0.024250881549113704,6.421342748779872e-05,0.166 +/- 0.024
5098,Kepler-1851 b,Kepler-1851,3.90012032,776.0,0.1016,5982.0,G,0.0003903941555441,0.1452467512882602,0.16545145204026002,0.05266505360352518,2.0560129128232974e-05,0.165 +/- 0.053
5099,Kepler-820 b,Kepler-820,6.09,554.0,0.56004,6260.0,F,0.0046064239468204,0.1631553479375217,0.16518556765964243,0.02693144991771814,0.00012405767582357113,0.165 +/- 0.027
5100,HD 158996 b,HD 158996,12.3,878.3482737535121,2.1,4069.0,K,0.0175875712684879,0.1639656280768922,0.1650144135335953,0.04667857932988152,0.0008209628406760574,0.165 +/- 0.047
5101,XO-2 S b,XO-2 S,10.9,646.3096155152465,0.1347,5325.0,G,0.0660097510738233,0.1239256439445137,0.1648703855198731,0.06995568737386629,0.004617757509747117,0.165 +/- 0.070
5102,V830 Tau b,V830 Tau,14.0,1110.3789425280684,0.057,4250.0,K,0.0816688351724558,0.1451457451490601,0.16468197843254528,0.07039183211597333,0.005748818934566606,0.165 +/- 0.070
5103,DMPP-2 b,DMPP-2,14.2,1000.0,0.06638,6500.0,F,0.075518863645437,0.1409314085369226,0.16466887849895095,0.07095829846804537,0.005358690066520539,0.165 +/- 0.071
5104,KOINTREAU-3 b,ISO-Oph 96,13.1,7.992368780857912,342.0,3920.0,K,0.0735637571670688,0.1022665293677979,0.16457320057334937,0.1294948562844791,0.009526128162095892,0.165 +/- 0.129
5105,Kepler-669 b,Kepler-669,4.83,1243.0,0.0529,6038.0,F,0.0009215698386564,0.1601262425761241,0.16456101189455302,0.02800635845479925,2.580981524254265e-05,0.165 +/- 0.028
5106,Kepler-79 c,Kepler-79,3.72,734.0,0.187,6174.0,F,0.0014911792812581,0.1602730921677632,0.1644976158259582,0.06403775322337865,9.549177082502135e-05,0.164 +/- 0.064
5107,1RXS J160929.1-210524 b,1RXS J160929.1-210524,18.647,1700.0,330.0,4060.0,K,0.0746217839514554,0.1678511116630516,0.16440392483731822,0.050744431277607444,0.0037866399875370986,0.164 +/- 0.051
5108,Kepler-462 c,Kepler-462,4.0,453.0,0.7584,7500.0,A,0.0054527549770372,0.097811281631402,0.16410435614603963,0.1285993557785267,0.0007012207772651392,0.164 +/- 0.129
5109,CoRoT-32 b,CoRoT-32,6.38913,938.0,0.071,5970.0,G,0.0057897469732276,0.1455330087409816,0.16405977106266637,0.06447471722166748,0.0003732922988838547,0.164 +/- 0.064
5110,WASP-31 b,WASP-31,17.363,1423.7,0.04659,6302.0,F,0.1085894399758568,0.1127452415976126,0.16391140355514305,0.06262845515144623,0.00680078887144861,0.164 +/- 0.063
5111,Kepler-619 d,Kepler-619,4.17,830.0,0.1021,6122.0,F,0.000874428788017,0.1550014957360754,0.16380660651854767,0.02876995808442306,2.5157279579061948e-05,0.164 +/- 0.029
5112,Kepler-418 c,Kepler-418,5.22108654,835.0,0.10632,5822.0,G,0.001671081808884,0.1560218523044779,0.1636834053191801,0.02716840876686062,4.540063366662537e-05,0.164 +/- 0.027
5113,K2-19 b,K2-19,7.0,857.0,0.07487,5322.0,G,0.0423570701344934,0.1372183992703971,0.1634079315580598,0.07443263867071208,0.0031527484964707572,0.163 +/- 0.074
5114,WASP-171 b,WASP-171,10.98482,1642.0,0.0504,5965.0,G,0.0202562367331398,0.1911449507060142,0.16324517114324436,0.05184458436528588,0.0010501761742344692,0.163 +/- 0.052
5115,K2-7 b,K2-7,4.03523305,786.0,0.1867,5700.0,G,0.0026396030968678,0.142434556415402,0.16301580469007532,0.041629906590656345,0.00010988643035901374,0.163 +/- 0.042
5116,HD 81817 c,HD 81817,12.0,1096.2651012724837,2.325,4140.0,K,0.0203386389748255,0.1118552308716224,0.1628778586592729,0.0862452792381694,0.0017541115977081406,0.163 +/- 0.086
5117,CoRoT-13 b,CoRoT-13,9.92,1700.0,0.051,5945.0,G,0.0100433556523761,0.1674713117235748,0.16236417292368618,0.04048521489246181,0.0004066074118278674,0.162 +/- 0.040
5118,TOI-4940 b,TOI-4940,6.61,643.0,0.165,5504.0,G,0.0263953712253263,0.1297132214855369,0.1622965998325369,0.06434355696192247,0.001698372071967872,0.162 +/- 0.064
5119,HD 220074 b,HD 220074,12.2,978.600188686501,1.6,3787.0,K,0.0116858940145835,0.1686513865347867,0.16129691789683823,0.06202825644753855,0.0007248556307553411,0.161 +/- 0.062
5120,HATS-61 b,HATS-61,13.394755,1226.1,0.07908,5542.0,G,0.0145977255685188,0.137047389316696,0.1612432547235371,0.05482274213481576,0.000800287344597713,0.161 +/- 0.055
5121,HATS-47 b,HATS-47,12.520453,852.9,0.04269,4512.0,K,0.058881748093444,0.1162443140292475,0.1611731176166547,0.06521934662537897,0.0038402291388145715,0.161 +/- 0.065
5122,Kepler-40 b,Kepler-40,13.11,1620.0,0.08,6510.0,F,0.0045439074617444,0.1471054156289511,0.1611091213509927,0.0551375263151382,0.0002505398172454847,0.161 +/- 0.055
5123,Kepler-43 b,Kepler-43,13.663771,1620.0,0.046,6041.0,F,0.0111716770453408,0.1491404834700294,0.1609931045352905,0.0702910074791686,0.0007852684347489064,0.161 +/- 0.070
5124,HAT-P-25 b,HAT-P-25,12.722215,1182.0,0.0466,5519.0,G,0.0156168836611437,0.0906283357511013,0.16098419958537402,0.10807161957381084,0.0016877419099555842,0.161 +/- 0.108
5125,TOI-2421 b,TOI-2421,10.36830715,1534.0,0.0543,5607.0,G,0.0632170514498295,0.1550814024481064,0.16095626347249659,0.058074139311852076,0.0036712758527819188,0.161 +/- 0.058
5126,K2-60 b,K2-60,7.655747,1400.0,0.045,5500.0,G,0.0233136242031627,0.1630009357563672,0.1609323275790243,0.056719936023126805,0.001322347273270609,0.161 +/- 0.057
5127,NGTS-5 b,NGTS-5,12.733424,952.0,0.0382,4987.0,K,0.0704056435507447,0.1435926701871882,0.16083692091753643,0.05609991500335286,0.003949750618953136,0.161 +/- 0.056
5128,WASP-172 b,WASP-172,17.59813,1740.0,0.0694,6900.0,F,0.1095755580844993,0.1274167665304988,0.16057086222634476,0.06058758743027731,0.006638918705666031,0.161 +/- 0.061
5129,K2-225 b,K2-225,3.60929179,923.0,0.1409,5520.0,G,0.0142278243688279,0.0962021131642324,0.16045360737102304,0.07812945930372378,0.001111612225004869,0.160 +/- 0.078
5130,USco CTIO 108 b,USco CTIO 108,12.3,2.703773091089024,670.0,2700.0,M,0.0710648240052742,0.0748967644816874,0.1599689378374059,0.12273873868730857,0.008722406863442923,0.160 +/- 0.123
5131,K2-108 b,K2-108,5.33,1360.0,0.0581,5599.0,G,0.009164227413952,0.1400270067724497,0.15977585290253682,0.06359788692590394,0.0005828254988357884,0.160 +/- 0.064
5132,WASP-103 b,WASP-103,17.127,2508.0,0.01985,6110.0,F,0.0706181651179975,0.1628043138266909,0.15951189364838678,0.06234721651037892,0.004402846030177478,0.160 +/- 0.062
5133,HIP 78530 b,HIP 78530,12.0,2700.0,740.0,10500.0,B,0.0764160287573421,0.0850498370204553,0.15944934401830657,0.10131679498853298,0.00774222711944547,0.159 +/- 0.101
5134,HATS-74 A b,HATS-74 A,11.56766808,895.1,0.02384,3776.9,K,0.047781956007861,0.1144626773109297,0.15931643823827837,0.07216579974469917,0.003448223068673322,0.159 +/- 0.072
5135,Kepler-1755 b,Kepler-1755,5.91688317,631.0,0.1668,6086.0,F,0.0023821258160831,0.1062546970754139,0.15905566020795003,0.0502484229520431,0.00011969806553152444,0.159 +/- 0.050
5136,Kepler-1520 b,Kepler-1520,5.77,1437.0,0.0129,4677.0,K,0.003504002378836,0.1542144016552935,0.15878464856238292,0.05828759658299595,0.0002042398770834509,0.159 +/- 0.058
5137,Kepler-328 c,Kepler-328,5.4,475.0,0.354,6064.0,F,0.0016379305929927,0.1521659585624531,0.15824479308786835,0.028596821963919373,4.683960955706912e-05,0.158 +/- 0.029
5138,BD+20 274 b,BD+20 274,13.0,691.2264770308313,1.3,4296.0,K,5.414187627804792e-07,0.1496183011872796,0.15802093062954123,0.08065486299722657,4.366805613618747e-08,0.158 +/- 0.081
5139,TOI-5688 A b,TOI-5688 A,10.3,742.0,0.03379,3713.0,K,0.0588149286985378,0.1215111844763329,0.15795576663997074,0.07247260585911078,0.004262471146200833,0.158 +/- 0.072
5140,Kepler-276 c,Kepler-276,2.9,563.0,0.18619,5693.0,G,0.000678161328084,0.1385986913381204,0.15724149675357335,0.039222318379495656,2.6599059522772257e-05,0.157 +/- 0.039
5141,Kepler-1747 b,Kepler-1747,4.26508,875.0,0.066,5477.0,G,0.0007297600798693,0.1443603880448605,0.15718909406659562,0.029973107020856246,2.187317697347113e-05,0.157 +/- 0.030
5142,K2-289 b,K2-289,9.1,753.0,0.107,5529.0,G,0.0566844702604448,0.1431372518057174,0.15711078604720774,0.05339562892555913,0.0030267029398686027,0.157 +/- 0.053
5143,TOI-5210 b,TOI-5210,10.72699453,1286.0,0.0557,5723.0,G,0.07474594613741,0.147888769071256,0.15706347640194368,0.04206733530688324,0.0031443627789926602,0.157 +/- 0.042
5144,Kepler-276 d,Kepler-276,2.8,489.0,0.24666,5693.0,G,0.0004508392034234,0.133595683246173,0.15687453772091603,0.04786436301275461,2.157913129303874e-05,0.157 +/- 0.048
5145,Kepler-959 b,Kepler-959,4.38,1912.0,0.1633,7005.0,F,0.0022820793476377,0.133054494880986,0.1568345601689043,0.061613134209837744,0.0001406060611235006,0.157 +/- 0.062
5146,Kepler-75 b,Kepler-75,11.77,767.0,0.0818,5200.0,G,0.0137134887911477,0.1204531823105843,0.1568243839932239,0.09083919953351698,0.0012457223445997145,0.157 +/- 0.091
5147,Pr0201 b,Pr0201,14.2,1192.1877010692472,0.06,6174.0,F,0.0492733060343163,0.1296329518759827,0.1565576454644187,0.07675389820993839,0.003781918315825056,0.157 +/- 0.077
5148,TOI-4153 b,TOI-4153,16.11851425,1669.0,0.06311,6860.0,F,0.1082187943265836,0.138281738356082,0.15645014994327638,0.044017163739117,0.004763484389523056,0.156 +/- 0.044
5149,WASP-114 b,WASP-114,15.008851,2043.0,0.02851,5940.0,G,0.0403796236986159,0.1621644390008132,0.1563600787535673,0.0327936754827437,0.0013241962756877167,0.156 +/- 0.033
5150,CoRoT-21 b,CoRoT-21,14.5717,1870.017560317364,0.0417,6200.0,F,2.523838300963836e-07,0.1359053023351993,0.1562765503358788,0.08417802908923933,2.1245173391507017e-08,0.156 +/- 0.084
5151,KOI-2513.01,KOI-2513,2.80224517,758.0,0.5,5900.0,G,0.0003884917227727,0.0534411917114513,0.1562668377826773,0.13664040204588668,5.308366519116088e-05,0.156 +/- 0.137
5152,TOI-5386 A b,TOI-5386 A,14.70618268,1488.0,0.04856,6094.0,F,0.0831651782603057,0.1342282563391727,0.15605937925206367,0.05782671623856989,0.004809169164188779,0.156 +/- 0.058
5153,TOI-3688 A b,TOI-3688 A,13.08088048,1534.0,0.0456,5950.0,G,0.0563603735880902,0.1631525738601321,0.1558140409496474,0.026842872830053776,0.0015128743408794269,0.156 +/- 0.027
5154,CoRoT-17 b,CoRoT-17,11.43,1626.0,0.0461,5740.0,G,0.0059235541962461,0.1378267410345011,0.1557602779511831,0.05487840245235552,0.0003250751911299328,0.156 +/- 0.055
5155,Kepler-65 e,Kepler-65,13.9,355.8870279893716,0.8539307544,6220.0,F,0.0143895532514971,0.1012172861570966,0.15557605994695345,0.14178367204800144,0.0020402036991275176,0.156 +/- 0.142
5156,HAT-P-42 b,HAT-P-42,14.348,1428.0,0.0575,5743.0,G,0.0609426844172477,0.1659431864327884,0.15513483288224778,0.027380091913959174,0.0016686163008276494,0.155 +/- 0.027
5157,Kepler-279 d,Kepler-279,3.1,574.0,0.2901,6689.45,F,0.0014304005923347,0.0904472660269802,0.15500360177494962,0.07113785611534652,0.00010175563152481233,0.155 +/- 0.071
5158,Kepler-257 d,Kepler-257,4.95,567.0,0.16,5180.0,K,0.0020360142262924,0.1242915926514311,0.15494883555711061,0.04769124780577356,9.710005900219116e-05,0.155 +/- 0.048
5159,Kepler-1737 b,Kepler-1737,5.395,383.0,0.297,5043.0,K,0.0103479536062807,0.1174351838207134,0.15489696017662996,0.08304613663308878,0.0008593575690600508,0.155 +/- 0.083
5160,Kepler-289 c,Kepler-289,11.23,394.0,0.50155,5990.0,G,0.0273174377542757,0.1453671253199804,0.15440133006342824,0.0577291252715729,0.0015770117862149771,0.154 +/- 0.058
5161,WASP-183 b,WASP-183,16.47723,1111.0,0.04632,5313.0,G,0.0798501718990211,0.0630564437532515,0.154115079260751,0.07172086649426573,0.005726923518313862,0.154 +/- 0.072
5162,HATS-43 b,HATS-43,13.22662,1003.0,0.04944,5099.0,K,0.0716401982947689,0.0902589298578066,0.15376040033922656,0.06967629736778444,0.004991623759873362,0.154 +/- 0.070
5163,Kepler-318 b,Kepler-318,4.71,1039.0,0.056,5746.0,G,0.0059795704903846,0.1167139734574217,0.15355041958149634,0.05052757147515319,0.00030213317534362466,0.154 +/- 0.051
5164,Kepler-148 d,Kepler-148,8.68,413.0,0.2607,5172.0,K,0.0090150293546495,0.1556477483937816,0.15345381043550055,0.07805688740207992,0.0007036851312623212,0.153 +/- 0.078
5165,CoRoT-3 b,CoRoT-3,11.32,1695.0,0.05783,6740.0,F,0.0132516238409508,0.1276257112217997,0.15335141106771527,0.06602104354329687,0.0008748860346228036,0.153 +/- 0.066
5166,K2-245 b,K2-245,4.34,923.0,0.0959,5793.0,G,0.0082008674590579,0.1126656575781841,0.1533465768503052,0.04489803729281031,0.00036820285301017615,0.153 +/- 0.045
5167,TOI-3894 b,TOI-3894,15.27784069,1531.0,0.05354,6000.0,F,0.0783339108220158,0.1718006477025795,0.15333777153289985,0.029731588808607854,0.0023289916263303304,0.153 +/- 0.030
5168,HATS-29 b,HATS-29,14.022459,1212.0,0.05475,5670.0,G,0.0778568091624961,0.1595809851840835,0.15299694180484127,0.029393515312386535,0.0022884853122913853,0.153 +/- 0.029
5169,TOI-2570 b,TOI-2570,13.64132951,1431.0,0.04145,5771.0,G,0.0705324598958622,0.1896142081739615,0.15221751563068525,0.042966141554226886,0.003030507656053446,0.152 +/- 0.043
5170,Kepler-673 b,Kepler-673,6.54,1023.0,0.0455,5355.0,G,0.0034233795835068,0.1532231527867588,0.15202585071133734,0.02843906169172157,9.735770316952998e-05,0.152 +/- 0.028
5171,WASP-48 b,WASP-48,16.8135,2035.0,0.03444,5920.0,G,0.087932939135455,0.1503975222131205,0.15135520977637298,0.03829505731447433,0.0033673969440224318,0.151 +/- 0.038
5172,HAT-P-24 b,HAT-P-24,14.5717,1637.0,0.04651,6373.0,F,0.0817400196338199,0.1536482229467496,0.15117528274828473,0.029401134892442206,0.0024032493433648132,0.151 +/- 0.029
5173,Kepler-952 b,Kepler-952,7.65,369.0,0.5183,5730.0,G,0.0044218248724514,0.1671644991705919,0.15100920237079557,0.046896194144046534,0.00020736675768945464,0.151 +/- 0.047
5174,TOI-2524 b,TOI-2524,11.2089807,1100.0,0.073,5831.0,G,0.0544488458853659,0.2175874743338493,0.15088994033058628,0.04969079536053247,0.002705606458506887,0.151 +/- 0.050
5175,Kepler-122 c,Kepler-122,5.87,897.0,0.108,6050.0,F,0.0030953653012505,0.138900215568652,0.1508739160791964,0.04092353142159661,0.0001266732791670447,0.151 +/- 0.041
5176,ROXs 12 b,ROXs 12,12.2,12.100112116055016,210.0,3850.0,K,0.0764993676401274,0.0666602492504632,0.1506223879627107,0.14877437278511885,0.011381145439118171,0.151 +/- 0.149
5177,NGTS-21 b,NGTS-21,14.90794433,1357.0,0.0236,4660.0,K,0.0205439588782182,0.0990582893514364,0.15035550431946973,0.0716760567173539,0.001472509961754154,0.150 +/- 0.072
5178,WASP-168 b,WASP-168,16.8135,1340.0,0.0519,6000.0,F,0.0868918224811078,0.1370308791299931,0.15021811842024335,0.04839948046957109,0.004205519065139815,0.150 +/- 0.048
5179,Kepler-101 b,Kepler-101,5.77,1513.0,0.0474,5667.0,G,0.002862914726151,0.1416853551160185,0.1499989134539579,0.03716275183426553,0.00010639378949061387,0.150 +/- 0.037
5180,Kepler-108 c,Kepler-108,8.18,426.0,0.721,5854.0,G,0.0208452978199002,0.1378741915784454,0.14993842594787024,0.07474704546583859,0.001558124423893026,0.150 +/- 0.075
5181,K2-11 b,K2-11,7.55,734.0,0.2257,5433.0,G,0.0139624673272307,0.1101138365591035,0.1487112439732232,0.08607401697607212,0.0012018056497519075,0.149 +/- 0.086
5182,Kepler-222 c,Kepler-222,4.64,734.0,0.091,5433.0,G,0.0017093620164952,0.1321769815357004,0.14854611995747313,0.0390939113276831,6.682564709977292e-05,0.149 +/- 0.039
5183,HD 1690 b,HD 1690,12.5,769.9158630321465,1.36,4374.0,K,0.0001616426045954,0.1066846870653601,0.14843297285783996,0.06659359005749918,1.0764361346252501e-05,0.148 +/- 0.067
5184,Kepler-11 e,Kepler-11,4.19,582.0,0.195,5663.0,G,0.0031508984599169,0.1359974091034904,0.14836531103157904,0.04334858773181522,0.0001365869983237492,0.148 +/- 0.043
5185,TOI-3023 b,TOI-3023,16.43236571,1596.0,0.0505,5760.0,G,0.0914414013052519,0.1501475750352496,0.14795397042597933,0.03201172210104178,0.002927196727113563,0.148 +/- 0.032
5186,Kepler-682 b,Kepler-682,7.37,753.0,0.1058,5559.0,G,0.005280514921696,0.1487792967937609,0.14784985027343367,0.026956493261167835,0.00014234416490219442,0.148 +/- 0.027
5187,K2-157 c,K2-157,6.08,587.0,0.165,5334.0,G,0.0151811188480452,0.1220595569465831,0.14733789547968734,0.06944149697784258,0.0010541996186067997,0.147 +/- 0.069
5188,NGTS-25 b,NGTS-25,11.46678726,1101.0,0.0388,5321.0,G,0.0016346888405642,0.1181123400685042,0.14698868204765989,0.09987360895471455,0.00016326227402514463,0.147 +/- 0.100
5189,TOI-2346 b,TOI-2346,16.11851425,1689.0,0.0473,6480.0,F,0.0833920298705884,0.1522151624197552,0.14675082151852717,0.04592635668835165,0.003829892108802318,0.147 +/- 0.046
5190,Kepler-690 b,Kepler-690,5.95,964.0,0.081,5913.0,G,0.0015545223969729,0.1451346029623992,0.1467237609928444,0.030424969116663692,4.7296295919062504e-05,0.147 +/- 0.030
5191,Kepler-25 d,Kepler-25,10.0,498.2105775630764,0.4164221832,6354.0,F,0.0263453680684331,0.1130803404229722,0.14640947471259624,0.07024347910116048,0.001850590311327361,0.146 +/- 0.070
5192,WASP-57 b,WASP-57,11.76945,1338.0,0.03769,5600.0,G,0.0467262101941292,0.1440613889547015,0.14617266866296294,0.030700016605409493,0.001434495428867621,0.146 +/- 0.031
5193,WASP-113 b,WASP-113,15.793481,1496.0,0.05885,5890.0,G,0.0860895333281195,0.1506746879384689,0.1460561608021225,0.02485097795685562,0.002139409095053085,0.146 +/- 0.025
5194,HATS-36 b,HATS-36,12.92,1203.0,0.0523,5950.0,G,0.0164352195530603,0.1360907339067442,0.14578594716052654,0.038452317300788554,0.0006319722771623989,0.146 +/- 0.038
5195,Kepler-149 b,Kepler-149,4.21,540.0,0.184,5381.0,G,0.0049947213449385,0.1171132146407629,0.14551273845194784,0.045364110602243914,0.0002265810915191786,0.146 +/- 0.045
5196,DH Tau b,DH Tau,30.2643,2200.0,330.0,4371.0,K,0.0778919394636751,0.0869878236220569,0.1452693196430581,0.09789488808123775,0.0076252226962270206,0.145 +/- 0.098
5197,WASP-44 b,WASP-44,12.3299,1337.0,0.03453,5420.0,G,0.0547027767172668,0.1406597697634618,0.14516440214536674,0.028550797121697783,0.0015618078800482176,0.145 +/- 0.029
5198,HATS-3 b,HATS-3,15.48,1648.0,0.0485,6351.0,F,0.0737135309158708,0.166044939595946,0.14510135449192957,0.0414759957760026,0.0030573420969008938,0.145 +/- 0.041
5199,HAT-P-50 b,HAT-P-50,14.437192,1862.0,0.0453,6280.0,F,0.0524099079772732,0.1402350671958852,0.14503973812432983,0.02830728844160853,0.0014835823823108323,0.145 +/- 0.028
5200,WASP-188 b,WASP-188,14.81827249,1666.0,0.072,6850.0,F,0.0332003416481731,0.1563406885495258,0.14501956526193985,0.03413264581973333,0.0011332155025712341,0.145 +/- 0.034
5201,Kepler-468 b,Kepler-468,13.34,484.0,0.2213,5498.0,G,0.0582597116082602,0.1361825817545489,0.1447627316805484,0.064416279284478,0.003752873853990834,0.145 +/- 0.064
5202,TOI-6628 b,TOI-6628,10.98480109,833.0,0.134,5463.0,G,0.0608562628985524,0.0921228193268146,0.14463256924871015,0.07441161336206431,0.00452841270546722,0.145 +/- 0.074
5203,TOI-2796 b,TOI-2796,17.26183028,1205.0,0.0569,5764.0,G,0.098484949675245,0.1358589381198019,0.1444212075314395,0.04564531816585332,0.0044953768624746105,0.144 +/- 0.046
5204,Kepler-428 b,Kepler-428,12.11,1070.0,0.0433,5150.0,K,0.0177551032386535,0.138064066402702,0.14439425904147324,0.04805719085455598,0.0008532603849823163,0.144 +/- 0.048
5205,CoRoT-18 b,CoRoT-18,14.68,1550.0,0.0295,5440.0,G,0.0234189146549957,0.1391442247901227,0.14437188258307534,0.0728683745368694,0.0017064982443272061,0.144 +/- 0.073
5206,KOI-1257 b,KOI-1257,10.54,511.0,0.382,5520.0,G,0.0096051134365198,0.0755060396855412,0.14428158605530497,0.10189534498198217,0.0009787163472052573,0.144 +/- 0.102
5207,HATS-16 b,HATS-16,14.5717,1592.0,0.03744,5738.0,G,0.0189570328202038,0.1341988362735496,0.14422422999802237,0.06893461490201129,0.001306795757145538,0.144 +/- 0.069
5208,Wendelstein-2 b,Wendelstein-2,12.9934728,2470.0,0.0234,4591.0,K,0.0515264924786358,0.149298096827687,0.1440544381910693,0.04369078621053613,0.002251232967062875,0.144 +/- 0.044
5209,Kepler-56 c,Kepler-56,9.8,1087.0,0.1652,4840.0,K,0.0058103306786284,0.1484592599925515,0.14395559701587327,0.047028058087573404,0.00027324856866254617,0.144 +/- 0.047
5210,Kepler-418 b,Kepler-418,13.45,434.0,0.39249,5820.0,G,0.0119021124854787,0.1311501922354318,0.14360909637632613,0.04236123346860271,0.0005041881657669345,0.144 +/- 0.042
5211,Kepler-950 b,Kepler-950,8.98,360.0,0.3982,5857.0,G,0.0050620804415387,0.1450886525043195,0.14318434781946437,0.04123242184284712,0.00020872183616794945,0.143 +/- 0.041
5212,HAT-P-28 b,HAT-P-28,13.585,1384.0,0.0434,5680.0,G,0.0639205459215097,0.1563500406414728,0.1431680360077338,0.025655788057962668,0.001639931978711523,0.143 +/- 0.026
5213,TOI-1294 b,TOI-1294,10.12369881,1392.74,0.051,5718.0,G,0.048319108319264,0.1146017642713942,0.14313476322901802,0.05569591575690654,0.0026911769863985696,0.143 +/- 0.056
5214,TOI-4487 A b,TOI-4487 A,14.60530185,1639.0,0.05448,6206.0,F,0.0578769397866043,0.1340026307177345,0.1428090312886994,0.02772409092282579,0.0016045855409787312,0.143 +/- 0.028
5215,HATS-70 b,HATS-70,15.513256,2730.0,0.03632,7930.0,A,0.0113733623342153,0.1190975092723054,0.14254512353846407,0.06685693590812128,0.0007603881566384729,0.143 +/- 0.067
5216,CoRoT-11 b,CoRoT-11,16.03,1657.0,0.0436,6440.0,F,0.0400877695380454,0.1471919871719139,0.14234541381436386,0.030046811703315416,0.001204509662915554,0.142 +/- 0.030
5217,Kepler-696 b,Kepler-696,6.14,1234.0,0.0535,5903.0,G,0.0019877416880564,0.1463840539961681,0.14228104829464314,0.024308570495228204,4.831915895042291e-05,0.142 +/- 0.024
5218,HATS-12 b,HATS-12,7.76,1446.0,0.0441,6357.0,F,0.017527129917298,0.143168065615848,0.1418011035434071,0.0363363781777316,0.0006368724210451738,0.142 +/- 0.036
5219,WASP-155 b,WASP-155,13.45077684,1468.0,0.043,5660.0,G,0.055127342892983,0.1451962638249549,0.14121249764459784,0.02248313659964774,0.0012394355806385569,0.141 +/- 0.022
5220,WASP-88 b,WASP-88,16.36514,1772.0,0.06431,6430.0,F,0.090790235130867,0.1136401214880307,0.14118212855817167,0.05521628350094898,0.00501309936210377,0.141 +/- 0.055
5221,WASP-94 B b,WASP-94 B,14.1,1691.165601430621,0.0335,6040.0,F,0.0372191150470354,0.1033353350958181,0.14109335509013166,0.06774484456914977,0.0025214031638627166,0.141 +/- 0.068
5222,HATS-48 A b,HATS-48 A,8.9672,954.6,0.03769,4546.0,K,0.0533180017838047,0.0988536280524939,0.1408843309930716,0.0666136943689943,0.003551709075191859,0.141 +/- 0.067
5223,Kepler-51 b,Kepler-51,7.1,543.0,0.2514,6018.0,F,0.0070882108838387,0.0569358289524393,0.14084121452178175,0.1375287816327344,0.000974833006810224,0.141 +/- 0.138
5224,HATS-56 b,HATS-56,18.920792,1902.0,0.06043,6536.0,F,0.0760910301570116,0.0841462476870002,0.1406493527062518,0.05580894198619689,0.0042465598877026185,0.141 +/- 0.056
5225,WTS-2 b,WTS-2,15.277867,2000.0,0.01855,5000.0,K,0.0578748213549566,0.0997795991433324,0.14055506288080735,0.07730810743996891,0.004474192907377991,0.141 +/- 0.077
5226,Kepler-516 b,Kepler-516,5.74,1095.0,0.1992,7099.0,F,0.0070130446057466,0.1308535697945261,0.13959552433571554,0.051756859555993275,0.000362973164719543,0.140 +/- 0.052
5227,Kepler-27 c,Kepler-27,4.9,481.0,0.191,5400.0,G,0.0033119104595748,0.0637064772123185,0.13936953624188478,0.11510016894013417,0.00038120145341165686,0.139 +/- 0.115
5228,Kepler-87 b,Kepler-87,13.49,478.0,0.481,5600.0,G,0.0079790635575268,0.1271386980407438,0.13934552531164518,0.053951145039130656,0.00043047961526857025,0.139 +/- 0.054
5229,WASP-96 b,WASP-96,13.45,1285.0,0.0453,5540.0,G,0.0705960973508423,0.1380309531930199,0.1392988453460456,0.029276949633052652,0.002066838386430692,0.139 +/- 0.029
5230,TOI-2525 b,TOI-2525,8.67575106,512.97,0.1511,5096.0,K,0.0188910366461111,0.0905406311455235,0.13918348712488154,0.08899327375510827,0.0016811751957651474,0.139 +/- 0.089
5231,KOI-94 d,KOI-94,11.27,806.0,0.1684,6182.0,F,0.0447038041285455,0.1421328559897471,0.13915560672153957,0.040854989872964674,0.0018263734649547228,0.139 +/- 0.041
5232,TOI-6448 b,TOI-6448,8.47398941,745.0,0.131,5910.0,G,0.0319032724023176,0.0926077920343576,0.13876824984206163,0.06892381850310882,0.0021988953567125785,0.139 +/- 0.069
5233,Kepler-433 b,Kepler-433,16.25,1776.0,0.0679,6360.0,F,0.007459258763658,0.1007111955407978,0.1385610545861205,0.07222114730767913,0.0005387162259762409,0.139 +/- 0.072
5234,Kepler-497 b,Kepler-497,6.04,1210.0,0.0457,5834.0,G,0.002610244900444,0.1305071651195579,0.13839851375934611,0.02703508476844126,7.056819214989505e-05,0.138 +/- 0.027
5235,HATS-49 b,HATS-49,8.574885,834.8,0.04515,4405.0,K,0.0303094691332873,0.1230117032008956,0.13828993507297094,0.049808304450869034,0.0015096632663349915,0.138 +/- 0.050
5236,HATS-14 b,HATS-14,11.646151,1276.0,0.03815,5346.0,G,0.0273654735574077,0.139600338024504,0.13828383425623683,0.033094430721887926,0.000905644768817285,0.138 +/- 0.033
5237,CoRoT-20 b,CoRoT-20,9.41556,1024.0,0.09,5880.0,G,0.0126822410797146,0.0987727072047024,0.13817555632436185,0.07341253941755764,0.0009310355231675168,0.138 +/- 0.073
5238,NGTS-6 b,NGTS-6,14.863134,1283.9,0.01677,4730.0,K,0.0276985704160691,0.0974536549293152,0.13807777484413536,0.08418694707513028,0.0023318580816743787,0.138 +/- 0.084
5239,TOI-1294 c,TOI-1294,14.3,402.87698995138976,0.61,5718.0,G,0.0107757956410045,0.0903860676589227,0.13788193039173463,0.0954862212236627,0.001028940006437936,0.138 +/- 0.095
5240,Kepler-1311 d,Kepler-1311,9.65837605,391.0,0.68434,5616.0,G,0.010919613916042,0.1206996574679804,0.13733056749562894,0.08383179557670274,0.0009154108415861515,0.137 +/- 0.084
5241,HAT-P-40 b,HAT-P-40,17.03768,1770.0,0.0608,6080.0,F,0.1027953327023516,0.1157162833208009,0.13705974976190435,0.045076058327851484,0.0046336084127220995,0.137 +/- 0.045
5242,HATS-66 b,HATS-66,15.815899,1998.0,0.04714,6626.0,F,0.0076721372406993,0.1362978904510109,0.13675437380644537,0.03530273835190221,0.00027084745360829237,0.137 +/- 0.035
5243,HATS-77 b,HATS-77,13.05846252,828.3,0.03607,4071.0,K,0.0338800672682287,0.107565619815041,0.13675341196669252,0.052606346491018106,0.0017823065578514404,0.137 +/- 0.053
5244,HAT-P-62 b,HAT-P-62,12.02723629,1512.0,0.03772,5629.0,G,0.0674512666729831,0.1179916266575748,0.13657569441569184,0.043814594738423855,0.0029553499138701093,0.137 +/- 0.044
5245,WASP-81 b,WASP-81,16.017661,1623.0,0.03908,5870.0,G,0.0832017676798879,0.1270926979080038,0.136496562870732,0.036878440818251895,0.0030683514653566894,0.136 +/- 0.037
5246,TOI-3160 A b,TOI-3160 A,13.7646283,1539.0,0.0505,6190.0,F,0.0436031017629303,0.1430836940602359,0.13646335217805583,0.033861627353012964,0.0014764719833318485,0.136 +/- 0.034
5247,WASP-193 b,WASP-193,14.78464554,1250.0,0.0668,6080.0,F,0.1034986015203644,0.0967830041729008,0.13631109279076778,0.05886555062263278,0.006092502167168709,0.136 +/- 0.059
5248,Kepler-27 b,Kepler-27,4.0,610.0,0.118,5400.0,G,0.001881402285199,0.0614039581618392,0.136150939031657,0.10964333187199356,0.000206283215140801,0.136 +/- 0.110
5249,TOI-169 b,TOI-169,12.172974,1715.0,0.03524,5880.0,G,0.0357917006547587,0.1471575471298418,0.1360887938154067,0.028871896797639466,0.0010333742875161982,0.136 +/- 0.029
5250,TOI-2886 b,TOI-2886,18.6405349,1978.0,0.02871,6240.0,F,0.1000914776470993,0.1142135883247486,0.13604421808186323,0.043322355650702624,0.004336198592231988,0.136 +/- 0.043
5251,WASP-157 b,WASP-157,11.19,1193.0,0.0499,5772.0,G,0.0450734597289811,0.1273671099138285,0.13601217917449998,0.034603425838953886,0.001559696121036872,0.136 +/- 0.035
5252,BD+03 2562 b,BD+03 2562,12.7,900.9985447577164,1.3,4095.0,K,6.721005381174223e-06,0.1163932784041365,0.13569042861606156,0.06250384103956351,4.200886519709646e-07,0.136 +/- 0.063
5253,WASP-160 B b,WASP-160 B,12.21781,1119.0,0.0452,5298.0,G,0.0777268155822797,0.102686442374129,0.13539540601268574,0.051159079858911584,0.00397643236555274,0.135 +/- 0.051
5254,KOI-984 c,KOI-984,14.1,597.0,0.1467,5295.0,G,0.0239774180938686,0.0706143655402664,0.13536797430391745,0.11112436879487365,0.002664475451011931,0.135 +/- 0.111
5255,Kepler-693 b,Kepler-693,10.18,600.0,0.1121,4881.0,K,0.0080568618103846,0.1187882547629831,0.13530464868422348,0.05445728538558335,0.0004387548229203219,0.135 +/- 0.054
5256,K2-127 b,K2-127,8.37,809.0,0.0411,4575.0,K,0.0143477272696396,0.1231531144980361,0.13507463664229988,0.05807619670543622,0.0008332614311875407,0.135 +/- 0.058
5257,Kepler-87 c,Kepler-87,6.14,403.0,0.676,5600.0,G,0.0020132457676484,0.0742162768528667,0.13479331133557138,0.12942296701195902,0.000260560240573325,0.135 +/- 0.129
5258,HD 13189 b,HD 13189,12.4,1020.7710486393026,1.25,4175.0,K,0.0020658721267362,0.1391377302729435,0.13463356659636352,0.03714364270486165,7.673401614942208e-05,0.135 +/- 0.037
5259,TOI-4504 d,TOI-4504,13.6,477.3349657754183,0.2219,5315.0,G,0.0097545366541733,0.1110903648522784,0.1346275978381228,0.06519489142684017,0.000635945958087961,0.135 +/- 0.065
5260,K2-271 b,K2-271,7.28,893.0,0.077,5644.0,G,0.0110260087313986,0.0926082918766361,0.13451250081277413,0.0505972578881513,0.0005578858072595829,0.135 +/- 0.051
5261,TOI-2382 b,TOI-2382,12.25141591,1426.0,0.059,6033.0,F,0.0416892114803439,0.1100168514531741,0.13430410970205475,0.04609941531765408,0.001921848274297886,0.134 +/- 0.046
5262,TOI-1232 c,TOI-1232,8.88,603.7373371364032,0.194,5823.0,G,0.0112205001377283,0.1279441909453003,0.13424637054524788,0.04547262892003565,0.000510225639060128,0.134 +/- 0.045
5263,Kepler-447 b,Kepler-447,18.49,882.0,0.0769,5493.0,G,0.0318119405207625,0.0870317303465297,0.13421498196147763,0.07392374040663235,0.0023516576328880758,0.134 +/- 0.074
5264,WASP-148 c,WASP-148,13.9,590.0,0.2044,5555.0,G,0.0255401691788434,0.088593710452112,0.13271941134224952,0.0938596113038963,0.002397190351761994,0.133 +/- 0.094
5265,Kepler-45 b,Kepler-45,10.76,1000.0,0.03,3820.0,K,0.0292226477447298,0.0958050756098738,0.13265117742828428,0.06377665816670819,0.0018637228159417583,0.133 +/- 0.064
5266,Kepler-890 b,Kepler-890,8.89,540.0,0.2944,5954.0,G,0.005073135136453,0.1310096053048099,0.13247622163507491,0.02145997239966959,0.00010886934000807541,0.132 +/- 0.021
5267,Kepler-31 b,Kepler-31,5.5,781.0,0.16,6340.0,F,0.0013984731123934,0.116368284270522,0.1323558487678566,0.04383893158351068,6.130756709559351e-05,0.132 +/- 0.044
5268,WASP-124 b,WASP-124,13.89916,1400.0,0.0449,6050.0,F,0.060611918457773,0.1343553644681217,0.1323160147529146,0.027020145257574638,0.0016377428410692958,0.132 +/- 0.027
5269,HATS-15 b,HATS-15,12.385945,1505.0,0.02712,5311.0,G,0.0165886751412503,0.1102396277804783,0.13216838433227626,0.04830034907008606,0.0008012387999326487,0.132 +/- 0.048
5270,HD 96127 b,HD 96127,12.1,1043.2725293762956,1.42,3943.0,K,0.0008412995280994,0.1071952767329679,0.13196449467437038,0.07024119325215465,5.909388273617647e-05,0.132 +/- 0.070
5271,OGLE-TR-56 b,OGLE-TR-56,15.278,2212.0,0.02383,6050.0,F,0.0218465634647538,0.0940705674943237,0.13195128938315484,0.08023234431124486,0.0017528010019215894,0.132 +/- 0.080
5272,Kepler-643 b,Kepler-643,10.16,963.0,0.13485,4908.0,K,0.0064395339809084,0.0839636747211552,0.13164108300239494,0.07618878236533051,0.0004906202530055806,0.132 +/- 0.076
5273,HATS-68 b,HATS-68,13.809488,1741.0,0.05071,6147.0,F,0.0312185921796584,0.123900367222247,0.13163244857508735,0.038802398852908634,0.0012113562653813996,0.132 +/- 0.039
5274,TOI-3856 b,TOI-3856,13.59649359,1544.0,0.0325,5622.0,G,0.0813732698116249,0.0992379472609137,0.1312461906747652,0.05036359233696337,0.004098250187918405,0.131 +/- 0.050
5275,TOI-2587 A b,TOI-2587 A,12.07207221,1445.0,0.0635,5760.0,G,0.0600442424395408,0.110464880633509,0.13112697651575808,0.04576202812733979,0.0027477463114030753,0.131 +/- 0.046
5276,HAT-P-44 b,HAT-P-44,13.922,1108.0,0.0507,5295.0,G,0.0844407364054656,0.1083501121103391,0.1309646776999103,0.048887862164835406,0.0041281270824876015,0.131 +/- 0.049
5277,Kepler-238 e,Kepler-238,5.6,731.0,0.17286,5800.0,G,0.003435148357696,0.1201541325455578,0.1307808729899043,0.03983637448379097,0.0001368438563845574,0.131 +/- 0.040
5278,TOI-5181 A b,TOI-5181 A,13.34989601,1585.0,0.0522,6060.0,F,0.0410125682705151,0.1315641606288813,0.13048747654735068,0.033088561138986734,0.0013570468726858064,0.130 +/- 0.033
5279,TIC 257060897 b,TIC 257060897,17.26183028,1775.0,0.04922,5993.0,G,0.081218528579488,0.1327204908257187,0.13044992545851855,0.025993483651954603,0.002111152494866729,0.130 +/- 0.026
5280,Kepler-82 c,Kepler-82,5.34,450.0,0.2626,5401.0,G,0.0035225703187604,0.1108077236385999,0.13026870614762806,0.04430822109926767,0.0001560788245213536,0.130 +/- 0.044
5281,TOI-2420 b,TOI-2420,15.02003414,1571.6,0.0684,5707.0,G,0.0457668103124538,0.1364804711748532,0.12956253650504487,0.034723706621658045,0.0015891932942987195,0.130 +/- 0.035
5282,Kepler-281 c,Kepler-281,5.31,513.0,0.215,5723.0,G,0.0019928723627345,0.0547545185563946,0.12953443647953516,0.060229855323965444,0.00012003041408662812,0.130 +/- 0.060
5283,Kepler-257 c,Kepler-257,5.41,881.0,0.066,5180.0,K,0.0020612773024067,0.1010872374705099,0.12743247053798726,0.04360023662845853,8.987217814180279e-05,0.127 +/- 0.044
5284,K2-281 b,K2-281,8.18,665.0,0.0773,4812.0,K,0.016653165632545,0.1014450507700246,0.12742838840077597,0.06070010199415768,0.001010848852421083,0.127 +/- 0.061
5285,TOI-3819 b,TOI-3819,13.13692538,1633.0,0.04611,5859.0,G,0.0272630650607431,0.1351328323502228,0.12733376748537706,0.02456789272425311,0.0006697960577466696,0.127 +/- 0.025
5286,HAT-P-52 b,HAT-P-52,11.309881,1218.0,0.03694,5131.0,K,0.0384640144630187,0.1155459608021927,0.12711716772227788,0.033029420879954204,0.0012704441224316901,0.127 +/- 0.033
5287,HD 216536 b,HD 216536,13.8,821.3739613387237,0.61,4639.0,K,0.0069688657239941,0.0851103035144552,0.1269596998870815,0.07341774760771798,0.0005116384248362757,0.127 +/- 0.073
5288,Kepler-1487 c,Kepler-1487,7.97,991.0,0.2588,5745.0,G,0.0011251840041146,0.0774918220016704,0.12695652783689187,0.1130650303710994,0.00012721896359829248,0.127 +/- 0.113
5289,Kepler-17 b,Kepler-17,14.68,1570.0,0.02591,5781.0,G,0.0256922682265664,0.1244856982259004,0.12689915611554894,0.03129192463472062,0.0008039605210407429,0.127 +/- 0.031
5290,HD 96992 b,HD 96992,13.7,510.1408415132106,1.24,4725.0,K,0.005714246683548,0.0739760098544388,0.12680384134055286,0.11014809480373654,0.0006294133854313822,0.127 +/- 0.110
5291,Kepler-31 c,Kepler-31,5.3,615.0,0.26,6340.0,F,0.0013415339641014,0.1209238317303722,0.12646482531878125,0.0373515003540951,5.010830633516405e-05,0.126 +/- 0.037
5292,Kepler-15 b,Kepler-15,10.76,1251.0,0.05714,5515.0,G,0.0208341882795672,0.1180584433077661,0.1264381996476951,0.040028592280869225,0.0008339632281456597,0.126 +/- 0.040
5293,HATS-59 b,HATS-59,12.621334,1128.0,0.06112,5670.0,G,0.0267588601844428,0.1295677000612206,0.12602084962220703,0.03192274041309858,0.0008542161474183668,0.126 +/- 0.032
5294,Kepler-223 e,Kepler-223,4.6,751.0,0.14481,5803.0,G,0.0005074299146383,0.0788803409856259,0.12587319117752027,0.10642225883023163,5.40018377138395e-05,0.126 +/- 0.106
5295,TOI-3474 b,TOI-3474,14.67255574,1451.0,0.0502,6020.0,F,0.0669466184847897,0.1312035529327413,0.12529649076652602,0.03985502561539398,0.0026681591945753014,0.125 +/- 0.040
5296,Kepler-302 c,Kepler-302,12.45,392.0,0.503,5740.0,G,0.0064964584770932,0.1045502878412035,0.12526643714932087,0.07585216933674892,0.0004927704684936314,0.125 +/- 0.076
5297,HD 24064 b,HD 24064,12.3,995.1975410556344,1.29,4052.0,K,0.0148992738170979,0.0852494415666509,0.12452838922970827,0.05871024352734506,0.0008747399941824137,0.125 +/- 0.059
5298,TOI-3807 b,TOI-3807,18.49481816,1646.0,0.0421,5772.0,G,0.0731646858119248,0.1198842244533111,0.1244368622911895,0.030038542464007757,0.002197760521627289,0.124 +/- 0.030
5299,WASP-90 b,WASP-90,18.27067,1840.0,0.0562,6430.0,F,0.0719470933885994,0.1118855204936706,0.12430797187850534,0.03833559472903464,0.0027581346140773543,0.124 +/- 0.038
5300,Kepler-108 b,Kepler-108,8.65,669.0,0.292,5854.0,G,0.0233107449359899,0.0975104172860402,0.1241184464939298,0.05874331303598245,0.0013693503868767974,0.124 +/- 0.059
5301,WISPIT 1 c,WISPIT 1,12.8,7.508159822985335,840.0,4670.0,K,0.0300755477548114,0.0808937531013757,0.12384649689793482,0.0984121015208834,0.002959797858942676,0.124 +/- 0.098
5302,Kepler-30 d,Kepler-30,8.8,308.0,0.5,5498.0,G,0.007902671647589,0.0798303693469783,0.1235240894441016,0.12684858038494323,0.001002442679745005,0.124 +/- 0.127
5303,Kepler-359 d,Kepler-359,4.01,464.0,0.372,6248.0,F,0.0005235586812957,0.0676999157424919,0.12348177010445922,0.10527097703224736,5.511553391371335e-05,0.123 +/- 0.105
5304,Kepler-522 b,Kepler-522,6.91,761.0,0.25029,6392.0,F,0.0112054082389575,0.0951347296313793,0.12343250014822547,0.06482570037930105,0.0007263984371264103,0.123 +/- 0.065
5305,OGLE-TR-113 b,OGLE-TR-113,12.251,1342.0,0.02289,4790.0,K,0.0096422726440293,0.0941393291945893,0.1228665514420503,0.05702702491148183,0.0005498701222743587,0.123 +/- 0.057
5306,Kepler-855 b,Kepler-855,8.35,996.0,0.0762,5835.0,G,0.0065114623563846,0.1240314212605652,0.12255518715921807,0.02293988441020259,0.0001493721937968481,0.123 +/- 0.023
5307,Kepler-51 c,Kepler-51,9.0,439.0,0.384,6018.0,F,0.0017896133192301,0.0566840820127101,0.12246847828790573,0.13059484492179396,0.00023371427389483186,0.122 +/- 0.131
5308,Kepler-695 b,Kepler-695,9.21,1021.0,0.0374,5181.0,K,0.0092597194603519,0.1180515564407218,0.12238452074013674,0.033796028157413054,0.0003129417396117984,0.122 +/- 0.034
5309,Kepler-702 b,Kepler-702,9.17,713.0,0.088,5419.0,G,0.006874034278588,0.130224968962686,0.12236280742728915,0.04021024986314723,0.0002764066359098625,0.122 +/- 0.040
5310,KOI-134 b,KOI-134,12.03844527,659.0,0.363,6160.0,F,0.0152645116299398,0.1000476273619872,0.12209653551876601,0.04009346414342551,0.000612007149701893,0.122 +/- 0.040
5311,NGTS-15 b,NGTS-15,12.32987877,1146.0,0.0441,5600.0,G,0.0111148971407199,0.1219278111873909,0.1213148600333367,0.026234218390141693,0.0002915906389736073,0.121 +/- 0.026
5312,HD 240237 b,HD 240237,12.2,1054.7168157097592,1.92,3926.0,K,2.651651519124165e-05,0.1082031401551271,0.12122922611540943,0.06072248570452239,1.610148714633922e-06,0.121 +/- 0.061
5313,BD+48 738 b,BD+48 738,13.9,645.7038687375588,1.0,4414.0,K,4.923514775143228e-05,0.0937016209039803,0.12102116768855548,0.09486799409483854,4.670839706141381e-06,0.121 +/- 0.095
5314,TOI-2803 A b,TOI-2803 A,18.11371281,1893.0,0.03185,6280.0,F,0.0690000182465971,0.1244447022797939,0.12075051773225089,0.026220040002942094,0.0018091832386295105,0.121 +/- 0.026
5315,WASP-175 b,WASP-175,13.540472,1571.0,0.04403,6229.0,F,0.0342356130331735,0.116032455880189,0.12067210809824315,0.028107609529880374,0.0009622812431525241,0.121 +/- 0.028
5316,Kepler-719 b,Kepler-719,8.52,998.0,0.0556,5777.0,G,0.0046704877873203,0.1181572709848775,0.12056503729914508,0.023185818035269014,0.00010828907997275469,0.121 +/- 0.023
5317,Kepler-546 b,Kepler-546,7.0,1258.0,0.0502,5967.0,G,0.0044521449858274,0.1191504770970424,0.12052537846335959,0.022360090213999956,9.955036352890821e-05,0.121 +/- 0.022
5318,Kepler-44 b,Kepler-44,12.22,1544.0,0.0446,5800.0,G,0.0073232078820822,0.1186138562714118,0.12049997839066966,0.030181920341238913,0.0002210284769393379,0.120 +/- 0.030
5319,TOI-157 b,TOI-157,14.414774,1588.0,0.03138,5404.0,G,0.058280712347551,0.0977709071137659,0.12012589415462317,0.03402340304427929,0.001982908165908432,0.120 +/- 0.034
5320,Kepler-1004 b,Kepler-1004,6.28,1661.0,0.06791,4972.0,K,0.0019079645900295,0.1084301317151682,0.11987098414772523,0.046030554492485276,8.782466803108522e-05,0.120 +/- 0.046
5321,Kepler-856 b,Kepler-856,9.3,824.0,0.0787,5535.0,G,0.0056388461081069,0.1136737443401867,0.11950903908525376,0.038822656753614106,0.00021891498694148694,0.120 +/- 0.039
5322,HATS-18 b,HATS-18,14.896761,2069.48,0.0174,5600.0,G,0.028488272403816,0.1095524575170591,0.11912264420956288,0.04836926361012535,0.0013779567576972355,0.119 +/- 0.048
5323,HATS-41 b,HATS-41,14.90797,1710.0,0.0583,6424.0,F,0.013792738488296,0.0882134092734176,0.11896857803446459,0.042797405168082586,0.0005902934174610108,0.119 +/- 0.043
5324,TrES-4 b,TrES-4,18.04649,1778.0,0.05084,6200.0,F,0.0980081320818354,0.0955891270328453,0.11857731319357043,0.03545970886891343,0.003475339830407897,0.119 +/- 0.035
5325,Kepler-160 d,Kepler-160,12.134637302822927,618.8250319787642,0.17,5471.0,G,2.5569692249904164e-05,0.068870127227771,0.11812902402394296,0.08983003359330963,2.29692631377948e-06,0.118 +/- 0.090
5326,Kepler-714 b,Kepler-714,9.67,986.0,0.0832,5995.0,G,0.0050447352588545,0.1041500393567244,0.11789632200218003,0.03323405494367872,0.00016765700876908372,0.118 +/- 0.033
5327,BD+15 2375 b,BD+15 2375,13.8,808.2850370312993,0.576,4649.0,K,0.0001385301170535,0.1001505692637592,0.11775494939930162,0.06224725472299365,8.623119483035342e-06,0.118 +/- 0.062
5328,KOI-1783.01,KOI-1783,8.86,412.0,0.52661,5922.0,G,0.0089104531071982,0.106641222703094,0.11771049330793763,0.030923959352259524,0.0002755464896972117,0.118 +/- 0.031
5329,WASP-116 b,WASP-116,13.67495645,1414.0,0.065,6250.0,F,0.049162857365772,0.1131422222887014,0.11597729046654766,0.02679598914137779,0.0013173673921323317,0.116 +/- 0.027
5330,CoRoT-4 b,CoRoT-4,13.34,1074.0,0.09,6190.0,F,0.027237456379239,0.0993665306684362,0.11590756764521977,0.04295322419157534,0.0011699365702657067,0.116 +/- 0.043
5331,Kepler-785 b,Kepler-785,13.02,753.0,0.025,4739.0,K,0.0192733357337907,0.0950220842727564,0.11566162726262234,0.043189306116536375,0.0008324019968934658,0.116 +/- 0.043
5332,KOI-142 c,KOI-142,14.0,581.620429297621,0.154121003,5466.0,G,0.0069250998771061,0.0775575220250205,0.11525880151398898,0.09064075566154749,0.0006276962858925866,0.115 +/- 0.091
5333,HAT-P-35 b,HAT-P-35,14.930388,1581.0,0.04978,6096.0,F,0.0484867222924319,0.1412150298727294,0.11524714421375876,0.0284832390587374,0.0013810589022299497,0.115 +/- 0.028
5334,Kepler-816 b,Kepler-816,10.24,668.0,0.0895,5286.0,G,0.0084578020906703,0.1098544585592222,0.1152463625763731,0.03128115320154723,0.0002645698029466241,0.115 +/- 0.031
5335,CT Cha b,CT Cha,24.66,2600.0,440.0,4403.0,K,0.0445486778085604,0.0647229449538418,0.11519241455794504,0.08357926707353049,0.0037233458403343306,0.115 +/- 0.084
5336,WTS-1 b,WTS-1,16.7,1500.0,0.047,6250.0,F,0.0072876069929533,0.0827541296182851,0.11512841958839352,0.06406085560257573,0.00046685033926390244,0.115 +/- 0.064
5337,WASP-60 b,WASP-60,9.86392,1479.0,0.05548,5900.0,G,0.0455872531446659,0.1096900414855923,0.11504519434367573,0.025451065349845727,0.001160244158904852,0.115 +/- 0.025
5338,Kepler-18 c,Kepler-18,5.49,899.0,0.0752,5345.0,G,0.0095892595115424,0.0979734124698849,0.11483471963509445,0.03660468338354115,0.00035101180830262,0.115 +/- 0.037
5339,WISPIT 1 b,WISPIT 1,12.4,11.836268315244103,338.0,4670.0,K,0.0300755477548114,0.0856312177723959,0.11482976059439466,0.07642267410441943,0.0022984537845778547,0.115 +/- 0.076
5340,Kepler-720 b,Kepler-720,8.41,1162.0,0.0539,5618.0,G,0.0064701153556067,0.1134688597927938,0.11481360631566977,0.01972735395483807,0.00012763825574868635,0.115 +/- 0.020
5341,GQ Lup b,GQ Lup,33.6,2650.0,100.0,4360.0,K,0.0661610866168442,0.0678574757522851,0.11471333150242707,0.06891587641252102,0.004559549268604533,0.115 +/- 0.069
5342,Kepler-703 b,Kepler-703,8.2,1038.0,0.0535,6185.0,F,0.0030231493571173,0.1050815075997461,0.11432197507705988,0.04359429771495291,0.0001317920731109401,0.114 +/- 0.044
5343,WASP-182 b,WASP-182,9.52765,1479.0,0.0451,5638.0,G,0.0399811647673745,0.1051191494502939,0.11431734479697425,0.031542933716124634,0.0012611232301507514,0.114 +/- 0.032
5344,Kepler-223 d,Kepler-223,5.24,827.0,0.11956,5803.0,G,0.0006543507985739,0.0802088108954767,0.11417983288672341,0.0697765297996174,4.565832799609518e-05,0.114 +/- 0.070
5345,WASP-133 b,WASP-133,13.56289,1790.0,0.0345,5700.0,G,0.034529438022391,0.1040953721154561,0.11412913292738695,0.02943153210000963,0.0010162542635512937,0.114 +/- 0.029
5346,Kepler-56 b,Kepler-56,6.51,1378.0,0.1028,4840.0,K,0.002906913276677,0.0937737217386949,0.11344008246204546,0.07106603665697413,0.00020658280547897244,0.113 +/- 0.071
5347,WASP-194 b,WASP-194,15.47960235,1693.0,0.047,6405.0,F,0.0509171335860391,0.1071151237506977,0.11332420360143551,0.0235719991326373,0.0012002186287264913,0.113 +/- 0.024
5348,HAT-P-53 b,HAT-P-53,14.773462,1778.0,0.03159,5956.0,G,0.0259661729899649,0.1213070405225912,0.11316073601484668,0.021297814044383235,0.0005530227237845591,0.113 +/- 0.021
5349,K2-260 b,K2-260,18.41635529,2090.0,0.04392,6860.0,F,0.0480353205746232,0.0721283841458109,0.11295112503530608,0.04602475311685934,0.002210813770336227,0.113 +/- 0.046
5350,Kepler-117 b,Kepler-117,8.059,984.0,0.1445,6150.0,F,0.0034653208532805,0.0940299829284402,0.11251943314456642,0.057676334933514116,0.00019986700618589707,0.113 +/- 0.058
5351,HATS-51 b,HATS-51,15.80469,1553.0,0.04639,5758.0,G,0.0642527136169921,0.1008322670745757,0.11238308803693146,0.02754093111805117,0.0017695795598734478,0.112 +/- 0.028
5352,NGTS-8 b,NGTS-8,12.21781,1345.0,0.035,5241.0,G,0.0336349852932185,0.0940816527769151,0.11212062997530599,0.03435459745924573,0.0011555163802961718,0.112 +/- 0.034
5353,HAT-P-63 b,HAT-P-63,12.5428494,1237.0,0.04294,5400.0,G,0.0505415385000264,0.1017195343410692,0.11203625877810566,0.030705337741789046,0.0015518950096329448,0.112 +/- 0.031
5354,Kepler-79 d,Kepler-79,7.16,592.0,0.287,6174.0,F,0.0061262764201203,0.0687008228315971,0.11195569399410907,0.08343509573221947,0.000511146459594776,0.112 +/- 0.083
5355,HATS-38 b,HATS-38,6.882326,1294.0,0.05036,5732.0,G,0.0275762464566333,0.0846149329440194,0.1118778816217124,0.056876889858463474,0.0015684511324237757,0.112 +/- 0.057
5356,Kepler-487 b,Kepler-487,11.42,662.0,0.11819,5444.0,G,0.0133618491937572,0.1129178496820723,0.1118176630830807,0.04614550048575053,0.0006165892184610481,0.112 +/- 0.046
5357,Kepler-31 d,Kepler-31,3.9,484.0,0.4,6340.0,F,0.00081331451228,0.0615798273321861,0.11147343555727204,0.07579295037802851,6.16435064709685e-05,0.111 +/- 0.076
5358,TOI-3523 A b,TOI-3523 A,15.9727975,1984.0,0.03559,6450.0,F,0.0477764635932012,0.1048395712171592,0.11137978647493765,0.04053473952310337,0.0019366065070854422,0.111 +/- 0.041
5359,WASP-151 b,WASP-151,13.30506009,1312.0,0.055,5871.0,G,0.0488131580498344,0.1158091404549468,0.11087874220700893,0.01974349811560155,0.0009637424939734662,0.111 +/- 0.020
5360,HATS-46 b,HATS-46,10.121727,1054.0,0.05367,5495.0,G,0.026653910171013,0.0645348463285058,0.11077710294590325,0.053935108730236145,0.001437581543159533,0.111 +/- 0.054
5361,HAT-P-43 b,HAT-P-43,13.63,1353.0,0.0444,5693.0,G,0.0429291554420264,0.121535405655761,0.11051970742730717,0.022726232649762305,0.0009756179740333015,0.111 +/- 0.023
5362,KOI-351 g,KOI-351,7.718,342.0,0.71704,6031.13,F,0.0100838744534551,0.0870502604147245,0.11010230002168564,0.05924950134266274,0.0005974645329692304,0.110 +/- 0.059
5363,Kepler-279 c,Kepler-279,4.3,774.0,0.2236,6689.45,F,0.0019304973227976,0.0807729374635094,0.10988546592820782,0.04314351665833649,8.328844340499225e-05,0.110 +/- 0.043
5364,Kepler-817 b,Kepler-817,9.03,1124.0,0.0493,5861.0,G,0.0036078498887128,0.1047007808577704,0.10973012943682801,0.032030767364450194,0.00011556220047121723,0.110 +/- 0.032
5365,CoRoT-19 b,CoRoT-19,14.46,2000.0,0.0518,6090.0,F,0.0160198438070728,0.1113080542272182,0.10970090410633593,0.024169488859874546,0.0003871914364319763,0.110 +/- 0.024
5366,WASP-176 b,WASP-176,16.869545,1721.0,0.0535,5941.0,G,0.0528518736874981,0.1129163097714592,0.10935481454960563,0.02416623360093525,0.0012772307257792022,0.109 +/- 0.024
5367,BD+15 2940 b,BD+15 2940,13.7,1104.7097226588023,0.539,4796.0,K,0.0042189339373647,0.0764192307238861,0.10934118725657067,0.06608546948549177,0.0002788102299790205,0.109 +/- 0.066
5368,TOI-3071 b,TOI-3071,7.16,2155.0,0.0249,6177.0,F,0.0121471795071728,0.0823816937523178,0.10927081221835555,0.04455967824440064,0.0005412744104165971,0.109 +/- 0.045
5369,HATS-44 b,HATS-44,11.960003,1161.0,0.03649,5080.0,K,0.0209549525581934,0.0649636052939882,0.10879140693088434,0.05911531453412171,0.001238758611525201,0.109 +/- 0.059
5370,WASP-169 b,WASP-169,14.616536,1604.0,0.0681,6110.0,F,0.046784856141691,0.116616930519374,0.10834116811047306,0.035106957873776753,0.0016424739736970516,0.108 +/- 0.035
5371,Kepler-9 b,Kepler-9,8.29,661.0,0.143,5774.0,G,0.0125233645929575,0.1029504447678652,0.10831511331814264,0.03142894028742049,0.0003935960779896573,0.108 +/- 0.031
5372,HATS-35 b,HATS-35,16.409976,2037.0,0.03199,6300.0,F,0.0553155342440922,0.0794636384288269,0.10761852386229975,0.030176989136636218,0.0016692562759711988,0.108 +/- 0.030
5373,TOI-5340 b,TOI-5340,15.07607904,1566.0,0.0628,5990.0,G,0.0481725929760586,0.10310579506233,0.10755774550182515,0.024132239406158232,0.0011625125465136625,0.108 +/- 0.024
5374,TOI-2986 b,TOI-2986,9.292245,1622.0,0.04489,5906.0,G,0.0165488047493029,0.1071499170562921,0.10734755190777288,0.02389612348784422,0.0003954522818655651,0.107 +/- 0.024
5375,HAT-P-9 b,HAT-P-9,15.614137,1540.0,0.05287,6350.0,F,0.0623386405726918,0.098194319780284,0.10727692814360286,0.02301321244768584,0.0014346123791992844,0.107 +/- 0.023
5376,TOI-4794 b,TOI-4794,14.35870428,1673.0,0.0492,6390.0,F,0.0418805976407181,0.1100851719854314,0.10723042527711117,0.02028399033181668,0.0008495056376350305,0.107 +/- 0.020
5377,OGLE-TR-111 b,OGLE-TR-111,11.421971,1019.0,0.0473,5040.0,K,0.0090601542129663,0.0930225119162233,0.10713835631046713,0.030262449864145693,0.00027418246263132104,0.107 +/- 0.030
5378,Kepler-359 c,Kepler-359,4.3,512.0,0.307,6248.0,F,0.0009341078564996,0.0667184471410142,0.10700534335610032,0.08376110580261556,7.824190699931742e-05,0.107 +/- 0.084
5379,TOI-3464 b,TOI-3464,13.7646283,1693.0,0.0515,6370.0,F,0.0270289957333987,0.0928617497886834,0.1069175439825351,0.028197419356191276,0.0007621479274713479,0.107 +/- 0.028
5380,HATS-54 b,HATS-54,11.37711541,1429.0,0.037,5621.0,G,0.010736081980845,0.0872948692567792,0.10659766507380947,0.032349684609139194,0.00034730886601819813,0.107 +/- 0.032
5381,Kepler-688 b,Kepler-688,9.76,1005.0,0.046,5715.0,G,0.0050125620300485,0.1061723807047375,0.10649561391490052,0.016986438312596604,8.514557571148285e-05,0.106 +/- 0.017
5382,Qatar-10 b,Qatar-10,17.295487,1955.0,0.0286,6124.0,F,0.0622644627561769,0.1058486677252965,0.1060916988443332,0.02769678660084579,0.001724525537774142,0.106 +/- 0.028
5383,Kepler-118 c,Kepler-118,7.68,564.0,0.141,5274.0,G,0.006889236293071,0.0882930400285459,0.10589874390842222,0.041697391002239126,0.00028726317941899795,0.106 +/- 0.042
5384,HATS-25 b,HATS-25,14.12334,1277.0,0.05163,5715.0,G,0.0528707264139761,0.1032287612791524,0.1058183347110721,0.022449253526114498,0.001186908341377188,0.106 +/- 0.022
5385,HATS-28 b,HATS-28,13.383546,1253.0,0.04131,5498.0,G,0.035987945099385,0.1060690312436467,0.10550316343202634,0.021147443276409907,0.0007610530276237982,0.106 +/- 0.021
5386,Kepler-9 c,Kepler-9,8.08,523.0,0.227,5774.0,G,0.0119538898306579,0.0941383006654007,0.10540596563773448,0.036717697328732306,0.00043891930870310785,0.105 +/- 0.037
5387,K2-280 b,K2-280,7.5,787.0,0.1461,5500.0,G,0.0367940225942957,0.0756324325544836,0.10487898997102596,0.0526978645617248,0.001938966419355237,0.105 +/- 0.053
5388,NGTS-12 b,NGTS-12,11.747032,1257.0,0.0757,5690.0,G,0.0438423830349704,0.0815420950786493,0.10451441596806228,0.0434924544851508,0.0019068128486689978,0.105 +/- 0.043
5389,Kepler-1517 b,Kepler-1517,9.76,2336.0,0.078,7010.0,F,0.0078879319179937,0.0723294723052727,0.10425031613269213,0.05774498040859058,0.0004554884740688425,0.104 +/- 0.058
5390,HD 4760 b,HD 4760,12.3,1096.400929493913,1.14,4076.0,K,0.0013841032744186,0.0714877600140125,0.10409560275136794,0.058455254540140236,8.090810921598084e-05,0.104 +/- 0.058
5391,TIC 365102760 b,TIC 365102760,6.21,1533.1257342434533,0.0622,4900.0,K,0.0011598868701808,0.0704531554010407,0.10405290670128843,0.06430093871520948,7.458181455607175e-05,0.104 +/- 0.064
5392,HAT-P-51 b,HAT-P-51,13.50682174,1168.2,0.05042,5453.0,G,0.0544080721160246,0.0782278312428156,0.10339974211590335,0.02767312187923604,0.0015056412108810128,0.103 +/- 0.028
5393,Kepler-74 b,Kepler-74,10.76,1078.0,0.0781,6000.0,F,0.0092318185267788,0.0822877088595543,0.10321468676409074,0.03439998387372054,0.00031757440844630525,0.103 +/- 0.034
5394,HATS-13 b,HATS-13,13.585308,1244.0,0.04057,5523.0,G,0.045754977742979,0.0961682382427155,0.10315886471260205,0.02546801520840697,0.0011652884690185115,0.103 +/- 0.025
5395,TOI-5322 b,TOI-5322,16.6117094,1350.0,0.0604,5692.0,G,0.0693491938736694,0.0868643056455018,0.10270121185549487,0.036973569218229724,0.0025640872199165486,0.103 +/- 0.037
5396,TOI-3540 A b,TOI-3540 A,23.53885947,1498.0,0.04289,5810.0,G,0.0102410576716139,0.0594130831135822,0.10270081625685896,0.07924584619887509,0.000811561281158525,0.103 +/- 0.079
5397,WASP-181 b,WASP-181,13.271456,1186.0,0.05427,5839.0,G,0.0551029040014464,0.079947187582668,0.10243762954641857,0.029401926546953006,0.00162013153597433,0.102 +/- 0.029
5398,Kepler-77 b,Kepler-77,10.761,1440.0,0.04501,5520.0,G,0.0152854794098734,0.1001021117627856,0.10168667179843202,0.02286161349885895,0.0003494507224132923,0.102 +/- 0.023
5399,OGLE2-TR-L9 b,OGLE2-TR-L9,18.046,2034.0,0.0308,6933.0,F,0.0106983955431049,0.073059417001306,0.10139870167015368,0.053340546571803336,0.0005706582657105603,0.101 +/- 0.053
5400,Kepler-76 b,Kepler-76,15.24424,2140.0,0.0274,6409.0,F,0.00911105471143,0.0900853373027379,0.10136185612436985,0.03168436345492345,0.00028867796893464084,0.101 +/- 0.032
5401,HATS-52 b,HATS-52,15.490838,1834.0,0.02498,6010.0,F,0.0339557528542769,0.083819791442489,0.10132027709303726,0.027258732110717672,0.0009255907706724709,0.101 +/- 0.027
5402,HAT-P-55 b,HAT-P-55,14.84069045,1367.0,0.04628,5804.0,G,0.0460897648211051,0.1031268786569632,0.10117915620470695,0.029182574628243748,0.0013450180014901029,0.101 +/- 0.029
5403,TOI-2193 A b,TOI-2193 A,19.83989584,1763.0,0.03319,5966.0,G,0.0114057490863887,0.0600500859855282,0.10092017822453436,0.0912728701370362,0.001041035455177575,0.101 +/- 0.091
5404,CoRoT-31 b,CoRoT-31,16.36514,1522.8249886259723,0.0586,5700.0,G,5.837356998292946e-10,0.0783458456940248,0.10057876990382329,0.09672627013440568,5.64625769887847e-11,0.101 +/- 0.097
5405,Kepler-422 b,Kepler-422,12.89,1028.0,0.082,5972.0,G,0.0252683558190066,0.1002059218289501,0.10000382972363546,0.021827032770542473,0.0005515332305191847,0.100 +/- 0.022
5406,K2-87 b,K2-87,7.6,979.0,0.094,5747.0,G,0.0123739687492063,0.0875949112797554,0.09989205609936767,0.031124475274957666,0.00038513328438777035,0.100 +/- 0.031
5407,BD+20 2457 c,BD+20 2457,12.4,900.928341645132,2.01,4137.0,K,6.169439183034388e-08,0.075928886256496,0.09956530484225294,0.06134915826359867,3.784899008376236e-09,0.100 +/- 0.061
5408,WASP-174 b,WASP-174,16.10730527,1528.0,0.05503,6399.0,F,0.0565771699280219,0.0807133564139941,0.09952237600232562,0.03092270559966846,0.0017495191693466367,0.100 +/- 0.031
5409,KOI-134 c,KOI-134,9.86,730.6640912346554,0.2305,6160.0,F,2.771635983548451e-06,0.0628660025407968,0.09926119123918918,0.07888116403915113,2.1862987267509935e-07,0.099 +/- 0.079
5410,Kepler-975 c,Kepler-975,10.69,1168.0,0.0567,4883.0,K,0.0050072286363744,0.0579650571699052,0.0985822462918971,0.0922200616800359,0.0004617669336924892,0.099 +/- 0.092
5411,TOI-2842 b,TOI-2842,12.84549188,1471.0,0.0475,5910.0,G,0.0383202300668672,0.1023499402102245,0.09842155081002639,0.015958669759402144,0.0006115398967414464,0.098 +/- 0.016
5412,Kepler-491 b,Kepler-491,8.92,1111.0,0.05191,5582.0,G,0.0118211924352137,0.0943592726267268,0.09824708810254376,0.019978997777099158,0.0002361755773857959,0.098 +/- 0.020
5413,Kepler-723 b,Kepler-723,12.19,1016.0,0.0479,5539.0,G,0.0142259610226649,0.0991540157032379,0.09822286338584675,0.01853712373478711,0.0002637083997233978,0.098 +/- 0.019
5414,Kepler-91 b,Kepler-91,15.322703,2040.0,0.0731,4550.0,K,0.0056084483750636,0.078918539025177,0.09807919138241049,0.0565556708764914,0.00031718956042788997,0.098 +/- 0.057
5415,Kepler-177 c,Kepler-177,8.73,497.0,0.25655,5732.0,G,0.0033162863642347,0.0604623373605975,0.0978743765455379,0.054527713745435545,0.00018082951356688092,0.098 +/- 0.055
5416,HATS-65 b,HATS-65,16.824709,1634.0,0.04497,6277.0,F,0.0583631120839886,0.0889165607918567,0.09781065932616796,0.01782577412002733,0.0010403676529510185,0.098 +/- 0.018
5417,NGTS-32 b,NGTS-32,15.91675259,1750.0,0.044,5680.0,G,6.919770889614648e-05,0.0639217277895075,0.09738625967779918,0.07623762282344908,5.275468831071242e-06,0.097 +/- 0.076
5418,Kepler-18 d,Kepler-18,6.98,720.0,0.1172,5345.0,G,0.0121901534432606,0.0735326367470144,0.09727533085322043,0.046449757558479056,0.0005662296720401136,0.097 +/- 0.046
5419,Kepler-548 b,Kepler-548,11.99,1017.0,0.0495,5535.0,G,0.0135001750249217,0.0990733078628913,0.0969420019443414,0.015917172439501664,0.00021488461383513237,0.097 +/- 0.016
5420,Kepler-51 d,Kepler-51,9.7,381.0,0.509,6018.0,F,0.0149561849450695,0.059324626337632,0.09674021204493065,0.070985480683308,0.0010616719775142127,0.097 +/- 0.071
5421,Kepler-46 c,Kepler-46,13.5,455.0,0.2799,5155.0,K,0.0001265880044496,0.0610972230633165,0.09604044444949449,0.08428239303820392,1.0669139944943094e-05,0.096 +/- 0.084
5422,HATS-10 b,HATS-10,10.861521,1407.0,0.04491,5880.0,G,0.029809453297038,0.0836687308630939,0.09591260497523538,0.026641466027173197,0.000794167537301644,0.096 +/- 0.027
5423,HATS-55 b,HATS-55,14.022459,1367.0,0.05412,6214.0,F,0.024828195287703,0.0830797863406741,0.09589082658794293,0.027121239076445446,0.0006733714202344693,0.096 +/- 0.027
5424,TOI-3912 b,TOI-3912,14.28024141,1512.0,0.0463,5725.0,G,0.0500125309704029,0.0919631617836534,0.09566610798002827,0.015397456899915455,0.0007700657900724656,0.096 +/- 0.015
5425,K2-97 b,K2-97,13.45077684,1566.0,0.0854,4673.0,K,0.010369556425829,0.0630386212408427,0.09554700844140222,0.04648521152023748,0.0004820310238256988,0.096 +/- 0.046
5426,Kepler-5 b,Kepler-5,15.984034,1750.0,0.0538,6297.0,F,0.0213808837080334,0.0900842311197229,0.0949664428518074,0.03498314484874222,0.0007479705517522452,0.095 +/- 0.035
5427,WASP-147 b,WASP-147,12.498035,1404.0,0.0549,5702.0,G,0.0447677772474376,0.0900621909018069,0.0946630555815896,0.01718068658041793,0.0007691411497901903,0.095 +/- 0.017
5428,HAT-P-39 b,HAT-P-39,17.609,1752.0,0.0509,6430.0,F,0.0506263878043164,0.0755978363345748,0.09430357436974625,0.028161740892946596,0.00142572721569099,0.094 +/- 0.028
5429,CoRoT-28 b,CoRoT-28,10.704595,1234.1367679829077,0.0603,5150.0,K,0.00014113371208,0.0713901449482481,0.0940922780536145,0.059825123826338714,8.443341801256835e-06,0.094 +/- 0.060
5430,HATS-42 b,HATS-42,15.6926,1856.0,0.03689,6060.0,F,0.0194680157300922,0.0876221973792543,0.0934341570778895,0.020469041555124624,0.0003984916229750771,0.093 +/- 0.020
5431,Qatar-7 b,Qatar-7,19.0553,2053.0,0.0352,6387.0,F,0.0402058189840362,0.0843822434221698,0.0930707192239118,0.03224407725507421,0.0012963995334247923,0.093 +/- 0.032
5432,Kepler-686 b,Kepler-686,12.15,1539.0,0.0258,5649.0,G,0.0085662048396195,0.0879648875885053,0.09298576939198173,0.02179850263000061,0.00018673043872556962,0.093 +/- 0.022
5433,TOI-3682 b,TOI-3682,12.80065596,1657.0,0.048,5703.0,G,0.0555362903775143,0.0672804452614578,0.09292320422067085,0.034908822289442275,0.0019387064914035098,0.093 +/- 0.035
5434,HAT-P-64 b,HAT-P-64,19.08889413,1766.0,0.05387,6457.0,F,0.0538741598114576,0.0722957203967086,0.0926046359036841,0.030639852442079105,0.0016506963070640492,0.093 +/- 0.031
5435,Kepler-762 b,Kepler-762,12.68,1302.0,0.0493,5944.0,G,0.0094090829901358,0.0873869193477633,0.09236079760583515,0.025845541272904723,0.00024318284276174062,0.092 +/- 0.026
5436,Kepler-725 b,Kepler-725,10.8,514.0,0.2238,5395.0,G,0.0138363396042144,0.076381477299732,0.09216271584713165,0.027445060825118026,0.0003797391820346537,0.092 +/- 0.027
5437,KOI-217 b,KOI-217,12.442,1046.0,0.0477,5545.0,G,0.0130075339876065,0.0768612032050925,0.09210592630473298,0.02928527327200676,0.00038092918742197216,0.092 +/- 0.029
5438,HATS-63 b,HATS-63,13.529263,1398.3,0.04026,5627.0,G,0.019764562945606,0.0772343967485958,0.09197288388623505,0.023057930110529708,0.0004557299110649483,0.092 +/- 0.023
5439,Kepler-427 b,Kepler-427,13.79,1100.0,0.091,5800.0,G,0.0126640847198536,0.0573374648292281,0.0919488837016418,0.041652658564107665,0.000527492796862995,0.092 +/- 0.042
5440,BD+42 2315 b,BD+42 2315,14.2,1141.1413988107306,0.54,4500.0,K,0.00066806652282,0.0582243485976075,0.09188767170854832,0.05070710734769101,3.3875720888032404e-05,0.092 +/- 0.051
5441,TOI-2583 A b,TOI-2583 A,14.4595851,1456.0,0.0571,5936.0,G,0.0407858689964331,0.0839500724709121,0.09183424093205872,0.02590951282307632,0.0010567419957633944,0.092 +/- 0.026
5442,TOI-2641 b,TOI-2641,18.10250383,1387.0,0.0607,6100.0,F,0.0313656572679381,0.0571839933593261,0.09163974979557911,0.053010026064304834,0.001662694309297451,0.092 +/- 0.053
5443,K2-238 b,K2-238,14.5717,1587.0,0.046,5630.0,G,0.0159568148143059,0.0915296187764579,0.09137416935450934,0.014071463430900231,0.00022453573613315255,0.091 +/- 0.014
5444,BD+20 2457 b,BD+20 2457,12.1,1060.7285955081777,1.45,4137.0,K,6.169439183034388e-08,0.0652895000777571,0.09124354086321407,0.06001879674503826,3.7028231635741584e-09,0.091 +/- 0.060
5445,WASP-184 b,WASP-184,14.90797,1480.0,0.0627,6000.0,F,0.032467270778416,0.1037461609156404,0.09124249352158946,0.0312578156781463,0.0010148559655641927,0.091 +/- 0.031
5446,CoRoT-25 b,CoRoT-25,12.11,1330.0,0.0578,6040.0,F,4.839143555066937e-06,0.0679811508125439,0.09064532669365535,0.0616459531166904,2.983136167205909e-07,0.091 +/- 0.062
5447,WASP-102 b,WASP-102,14.90794433,1671.0,0.041,5990.0,G,0.0436251422491918,0.07792105736107,0.09051796851841684,0.025284639686257975,0.0011030460030325645,0.091 +/- 0.025
5448,Kepler-670 b,Kepler-670,13.18,1219.0,0.0383,5709.0,G,0.0132340883167631,0.0909579603288922,0.0902849339366376,0.019321744446882467,0.00025570567244396954,0.090 +/- 0.019
5449,WASP-92 b,WASP-92,16.376349,1871.0,0.0348,6280.0,F,0.0381195469438446,0.0918363678092801,0.09024725144082676,0.03313840582540208,0.001263221016505588,0.090 +/- 0.033
5450,OGLE-TR-182 b,OGLE-TR-182,12.666,1550.0,0.051,5924.0,G,0.0042541380700461,0.0736912446518011,0.09015272087611764,0.052767482739642664,0.00022448015718321435,0.090 +/- 0.053
5451,K2-107 b,K2-107,15.98,1649.0,0.0475,6061.0,F,0.0267295462588156,0.0954787710391231,0.09000988610092045,0.017465698619648085,0.00046685019919641527,0.090 +/- 0.017
5452,WASP-165 b,WASP-165,14.12334,1624.0,0.04823,5599.0,G,0.0277561634827794,0.0937150659205337,0.08970341809991979,0.02266177045010967,0.0006290038054224633,0.090 +/- 0.023
5453,Kepler-6 b,Kepler-6,14.616536,1460.0,0.04852,5647.0,G,0.0322581330657496,0.0920123852809557,0.08953213425983683,0.025281921888553462,0.000815547600438845,0.090 +/- 0.025
5454,Kepler-490 b,Kepler-490,11.65,1597.0,0.0453,6045.0,F,0.0082932071132972,0.0860932328674709,0.08940732283702763,0.02210369632247471,0.00018331053157170842,0.089 +/- 0.022
5455,Kepler-685 b,Kepler-685,10.58,1579.0,0.0265,5963.0,G,0.0064480578022373,0.0861440995175775,0.0893880146163154,0.0392811834272305,0.00025328734127906815,0.089 +/- 0.039
5456,NGTS-24 b,NGTS-24,13.60770257,1499.0,0.0479,5820.0,G,0.0143027896083871,0.0860170474208278,0.0892458032103165,0.02414004713738624,0.0003452700153425826,0.089 +/- 0.024
5457,TOI-3976 A b,TOI-3976 A,12.27383387,1295.0,0.0743,5975.0,G,0.0361690876028516,0.0852411086210651,0.08907814557850822,0.019749476387071405,0.0007143205415544347,0.089 +/- 0.020
5458,Kepler-426 b,Kepler-426,12.22,1300.0,0.0414,5725.0,G,0.0115190237294033,0.0687938183203038,0.08895460679406104,0.027282576821397835,0.0003142686498049501,0.089 +/- 0.027
5459,Kepler-731 b,Kepler-731,13.88,1212.0,0.0505,5849.0,G,0.012119875594852,0.0855078391488594,0.08855166502634138,0.02119770655838263,0.0002569135663837758,0.089 +/- 0.021
5460,NGTS-3 A b,NGTS-3 A,16.58932,1434.44,0.023,5600.0,G,0.0264660883863891,0.072284032929396,0.08845181735943557,0.03386334303215603,0.000896230229747655,0.088 +/- 0.034
5461,HATS-40 b,HATS-40,17.71022,2101.0,0.04997,6460.0,F,0.0121736050474863,0.0640904239473032,0.08789839065760678,0.04641038353023164,0.000564981679199403,0.088 +/- 0.046
5462,K2-253 b,K2-253,12.67,1238.0,0.0506,6027.0,F,0.0107114244226629,0.0703934694862133,0.08783607738866302,0.024777721296045083,0.00026540468902839197,0.088 +/- 0.025
5463,HATS-62 b,HATS-62,11.825495,1237.0,0.04163,5416.0,G,0.0276732067622355,0.0568746676980785,0.08759760018794767,0.025835238535731164,0.0007149438977509628,0.088 +/- 0.026
5464,TOI-3980 b,TOI-3980,14.4595851,1621.0,0.0494,5840.0,G,0.0354829378235727,0.0796354202809839,0.08613893948226732,0.019623696468605643,0.0006963064016641973,0.086 +/- 0.020
5465,OGLE-TR-10 b,OGLE-TR-10,14.011,1702.0,0.0434,5950.0,G,0.0102858994305804,0.0751174168894872,0.08591980221505616,0.022634061401075944,0.00023281167927704887,0.086 +/- 0.023
5466,HATS-69 b,HATS-69,10.592505,1295.7,0.03211,5137.0,K,0.0279800906938315,0.0609944126806743,0.08578940364711694,0.03592786338480068,0.001005264875942311,0.086 +/- 0.036
5467,OGLE-TR-132 b,OGLE-TR-132,13.45,2013.0,0.03035,6210.0,F,0.0041694485097217,0.0578137229925737,0.08559675587033927,0.047612216702308065,0.00019851668597398498,0.086 +/- 0.048
5468,NGTS-23 b,NGTS-23,14.20177855,1327.0,0.0504,6057.0,F,0.0177502507989821,0.087650951156418,0.08552025917778848,0.020685970135126606,0.00036718115791875095,0.086 +/- 0.021
5469,TOI-5592 b,TOI-5592,17.14974047,1789.0,0.03935,6237.0,F,0.038656342391343,0.0840334035376969,0.08551502063557746,0.014979600934549267,0.0005790565826116181,0.086 +/- 0.015
5470,TOI-2567 b,TOI-2567,10.92875618,1352.0,0.0672,5611.0,G,0.0282586551596671,0.0812356961309098,0.08540291133099848,0.027593955763786582,0.0007797680804199534,0.085 +/- 0.028
5471,TOI-4734 b,TOI-4734,10.9175472,1468.0,0.074,6070.0,F,0.0214059366927216,0.0697613305584156,0.08529037029852905,0.033594375098566075,0.0007191190665914483,0.085 +/- 0.034
5472,TOI-2714 b,TOI-2714,13.72,1603.0,0.036,5665.0,G,0.0261236617247102,0.0864627729451519,0.08514362301177353,0.012454560095130218,0.0003253587148552563,0.085 +/- 0.012
5473,OGLE-TR-211 b,OGLE-TR-211,15.244,1686.0,0.051,6325.0,F,0.0065710282393319,0.078425770631378,0.08512479068948671,0.031708668800691946,0.00020835855812096916,0.085 +/- 0.032
5474,Kepler-412 b,Kepler-412,15.031269,1850.0,0.02897,5750.0,G,0.0104970556040956,0.08826416482658,0.08503256162543073,0.016510602279743287,0.00017331271018757285,0.085 +/- 0.017
5475,HAT-P-58 b,HAT-P-58,14.93036229,1622.0,0.04994,6078.0,F,0.0445089225557231,0.0747857733846527,0.08415413862558943,0.02054096617661329,0.0009142562727746086,0.084 +/- 0.021
5476,NGTS-16 b,NGTS-16,14.57167491,1177.0,0.0523,5550.0,G,3.77074524877529e-05,0.0607650576045378,0.08407484314104936,0.0666798723288243,2.5143281177285716e-06,0.084 +/- 0.067
5477,K2-132 b,K2-132,14.5717,1586.0,0.0916,4840.0,K,0.0123444697406879,0.060776634199737,0.08403657571524938,0.04735972809324853,0.0005846307303743132,0.084 +/- 0.047
5478,HATS-60 b,HATS-60,12.923977,1528.0,0.04708,5688.0,G,0.0270124800748478,0.0746815198437445,0.08399367215796896,0.018457746730434356,0.0004985895157824452,0.084 +/- 0.018
5479,CoRoT-36 b,CoRoT-36,15.80466279,1567.0,0.066,6730.0,F,0.038170429847734,0.082769893020716,0.08373494774806253,0.01916815703347993,0.0007316567933567947,0.084 +/- 0.019
5480,HATS-9 b,HATS-9,13.85,1746.0,0.0312,5599.0,G,0.0272567439544173,0.0657983812955664,0.08326057378962787,0.031130155480807695,0.0008485066772015757,0.083 +/- 0.031
5481,WASP-159 b,WASP-159,15.46842,1850.0,0.0538,6120.0,F,0.0290944574296492,0.0809742932860208,0.08310661891293904,0.023452407514429605,0.0006823350720513571,0.083 +/- 0.023
5482,Kepler-425 b,Kepler-425,10.962,1070.0,0.0464,5170.0,K,0.0139588433939967,0.0668270440158205,0.0829535071095552,0.0321292959480852,0.00044848781049869406,0.083 +/- 0.032
5483,CoRoT-16 b,CoRoT-16,13.11,1093.5342957415749,0.0618,5650.0,G,0.0091548812375666,0.0697759737287592,0.08231076887103159,0.03135924121381602,0.0002870901290126896,0.082 +/- 0.031
5484,CoRoT-12 b,CoRoT-12,16.14,1442.0,0.04016,5675.0,G,0.0120049670393875,0.083772046349866,0.08201207754575007,0.020435756782487637,0.0002453305865987036,0.082 +/- 0.020
5485,TOI-3877 b,TOI-3877,11.67975789,1445.0,0.0529,5731.0,G,0.0273706304815362,0.0769286462337151,0.08185880534107261,0.014367252722662305,0.0003932407653068349,0.082 +/- 0.014
5486,WASP-78 b,WASP-78,21.63337,2469.7,0.03488,6100.0,F,0.040128025433397,0.0613963136485821,0.08185520360053573,0.034373418514084764,0.0013793374123659925,0.082 +/- 0.034
5487,NGTS-31 b,NGTS-31,18.04645893,1410.0,0.064,5710.0,G,0.0335045781028805,0.0719516104867114,0.08182631538333571,0.026551519065570864,0.0008895974442825398,0.082 +/- 0.027
5488,Kepler-423 b,Kepler-423,13.361,1605.0,0.03585,5560.0,G,0.0180785337875672,0.0703126576224005,0.08176478940365622,0.02141884477629413,0.00038722130897889063,0.082 +/- 0.021
5489,Kepler-1976 b,Kepler-1976,12.21,1103.0,0.0565,5712.0,G,0.0062501625400529,0.0675511819902732,0.08146542521653434,0.02359663226984169,0.00014748278708436797,0.081 +/- 0.024
5490,WASP-195 b,WASP-195,10.31226224,1522.0,0.063,6300.0,F,0.0288232681379478,0.0660521564561631,0.08113294209187433,0.02513617052582247,0.0007245065830269615,0.081 +/- 0.025
5491,HATS-34 b,HATS-34,16.02887,1445.0,0.03166,5380.0,G,0.0188554509602081,0.0712737094899581,0.07994487106989556,0.018780686681341776,0.0003541183167190733,0.080 +/- 0.019
5492,CoRoT-26 b,CoRoT-26,14.12,1600.0,0.0526,5590.0,G,8.66886398230573e-06,0.0650834249994512,0.0796856169113801,0.05344012674273287,4.632651899299302e-07,0.080 +/- 0.053
5493,Kepler-8 b,Kepler-8,15.871944,1680.0,0.0474,6213.0,F,0.0161875286372939,0.0791274653073318,0.07962494172268113,0.01225722717352539,0.00019841421588525922,0.080 +/- 0.012
5494,Kepler-435 b,Kepler-435,22.31,1729.0,0.0948,6161.0,F,0.0121516758386639,0.0589151256472306,0.07912119116087019,0.05638850643293824,0.0006852148511994795,0.079 +/- 0.056
5495,CoRoT-1 b,CoRoT-1,16.7,1898.0,0.02752,5950.0,G,0.0330407744832229,0.0721233659423285,0.07892886578886658,0.017393903229145028,0.0005747080339771834,0.079 +/- 0.017
5496,NGTS-17 b,NGTS-17,13.89913607,1457.0,0.0391,5650.0,G,0.0099881616864395,0.074939886725546,0.07884890609529173,0.014293267993421264,0.00014276347174590226,0.079 +/- 0.014
5497,HATS-11 b,HATS-11,18.03,1596.0,0.0507,6563.0,F,0.0261833502812035,0.0644396578411533,0.07724638587180771,0.04190561079528917,0.0010972292862008392,0.077 +/- 0.042
5498,Kepler-12 b,Kepler-12,19.660586,1480.0,0.0553,5947.0,G,0.0395423479259725,0.0731982859575378,0.07680959205925901,0.022204305619188538,0.0008780103782485794,0.077 +/- 0.022
5499,Kepler-730 b,Kepler-730,12.3299,1219.0,0.0694,5620.0,G,0.004591484199598,0.0647670056549227,0.07673282933426043,0.021285114093790178,9.773026504827832e-05,0.077 +/- 0.021
5500,NGTS-26 b,NGTS-26,14.88552637,1331.0,0.049,5550.0,G,5.336861540197293e-06,0.0576753663011482,0.07645315349996051,0.05260015504958465,2.8071974449254274e-07,0.076 +/- 0.053
5501,HATS-53 b,HATS-53,15.02006,1312.0,0.04753,5644.0,G,0.0382983504164114,0.0656732160698003,0.07635245683510158,0.0171364636351307,0.0006562982891963266,0.076 +/- 0.017
5502,WASP-153 b,WASP-153,17.37395,1700.0,0.048,5914.0,G,0.0414528186399275,0.0688591993113763,0.07633854361545162,0.019045149987033855,0.000789475148382732,0.076 +/- 0.019
5503,NGTS-27 b,NGTS-27,15.64773706,1783.0,0.0446,5700.0,G,0.0153023367270369,0.0705160838584535,0.07599009434377026,0.03651827910229113,0.0005588150035151736,0.076 +/- 0.037
5504,HATS-23 b,HATS-23,20.84874,1654.0,0.03397,5780.0,G,0.0192451088879052,0.0676149209954794,0.07568158871034446,0.024093871725167734,0.0004636891848820734,0.076 +/- 0.024
5505,WASP-142 b,WASP-142,17.14977,2000.0,0.0347,6010.0,F,0.0294403301222734,0.0705762184506651,0.07542101197180759,0.017629114661810025,0.0005190069554070973,0.075 +/- 0.018
5506,HATS-45 b,HATS-45,14.414774,1518.0,0.05511,6450.0,F,0.0223212815839255,0.0690788630835338,0.07481773826189347,0.014511677791675568,0.00032391924624318853,0.075 +/- 0.015
5507,HATS-67 b,HATS-67,18.887165,2193.0,0.03032,6594.0,F,0.0188155875767183,0.0606298061375352,0.07475085362243712,0.030578158673329754,0.0005753460224528242,0.075 +/- 0.031
5508,Kepler-41 b,Kepler-41,14.46,1790.0,0.03101,5750.0,G,0.0111576147357674,0.069512899082966,0.0741951792184587,0.010732444570695623,0.00011974848169280032,0.074 +/- 0.011
5509,HAT-P-66 b,HAT-P-66,17.82231,1896.0,0.04363,6002.0,F,0.0210900663064026,0.0739522482350685,0.07346941349803446,0.010055434417447164,0.00021206977860364348,0.073 +/- 0.010
5510,HATS-8 b,HATS-8,9.785457,1324.0,0.04667,5679.0,G,0.0094273973989155,0.0640130690336422,0.07291138718344582,0.023131428577900123,0.0002180691696084953,0.073 +/- 0.023
5511,HATS-32 b,HATS-32,14.000041,1437.0,0.04024,5700.0,G,0.0167850241025707,0.0623963504413802,0.07267063286743805,0.020184140878011774,0.0003387912911271102,0.073 +/- 0.020
5512,CoRoT-35 b,CoRoT-35,18.83108758,1747.0,0.0429,6390.0,F,0.0137288984488583,0.061906352192107,0.0721563790252389,0.019814926867232106,0.0002720371187317835,0.072 +/- 0.020
5513,CoRoT-5 b,CoRoT-5,15.558,1438.0,0.04947,6100.0,F,0.0203152445708595,0.0660856423937711,0.07171039451595573,0.015413222677398572,0.0003131233883164699,0.072 +/- 0.015
5514,Kepler-7 b,Kepler-7,18.180998,1630.0,0.06067,5933.0,G,0.0296425930618802,0.0681224890334379,0.07073304659640878,0.013606269529583223,0.00040332511075569564,0.071 +/- 0.014
5515,NGTS-18 b,NGTS-18,13.56286665,1381.0,0.0448,5610.0,G,0.0108225230838102,0.0625914391857197,0.06991758135563884,0.012293320806617415,0.00013304474820630122,0.070 +/- 0.012
5516,HATS-64 b,HATS-64,18.819911,1793.0,0.06562,6554.0,F,0.0205159968572711,0.0613817380298536,0.06964324646070592,0.025825702987851803,0.0005298400413355844,0.070 +/- 0.026
5517,HATS-50 b,HATS-50,12.66617,1275.39,0.05046,5990.0,G,0.0205802799856003,0.060089747916198,0.06960753609617666,0.016601373367143017,0.00034166091204129126,0.070 +/- 0.017
5518,HATS-31 b,HATS-31,18.38276,1823.0,0.0478,6050.0,F,0.0252130628382508,0.068541619551897,0.06940045966954773,0.008146657537464713,0.00020540218841380733,0.069 +/- 0.008
5519,HAT-P-65 b,HAT-P-65,18.05766791,1818.0,0.04042,5872.0,G,0.0387564714324422,0.0625813777371872,0.06799707541824812,0.010790150839898515,0.000418188172778269,0.068 +/- 0.011
5520,HATS-39 b,HATS-39,17.59813,1645.0,0.06007,6572.0,F,0.0368761883816545,0.0636621805332345,0.06718822804178635,0.008935935436094559,0.0003295232385077249,0.067 +/- 0.009
5521,HATS-26 b,HATS-26,19.61575,1918.0,0.04735,6071.0,F,0.0315342029727879,0.063960387722792,0.0667640395852374,0.010983878027727602,0.00034636783915470746,0.067 +/- 0.011
5522,HATS-27 b,HATS-27,16.8135,1659.0,0.0611,6438.0,F,0.0296964918434795,0.057869518039014,0.0648415492960948,0.008999884166754695,0.0002672649867502911,0.065 +/- 0.009
